ISO-10303-21;
HEADER;
/* Generated by software containing ST-Developer
 * from STEP Tools, Inc. (www.steptools.com) 
 */

FILE_DESCRIPTION(
/* description */ (''),
/* implementation_level */ '2;1');

FILE_NAME(
/* name */ '',
/* time_stamp */ '2026-04-08T09:55:45+08:00',
/* author */ (''),
/* organization */ (''),
/* preprocessor_version */ 'ST-DEVELOPER v20.1',
/* originating_system */ 'Autodesk Translation Framework v14.24.0.0',
/* authorisation */ '');

FILE_SCHEMA (('AUTOMOTIVE_DESIGN { 1 0 10303 214 3 1 1 }'));
ENDSEC;

DATA;
#10=MECHANICAL_DESIGN_GEOMETRIC_PRESENTATION_REPRESENTATION('',(#49,#50,
#51,#52,#53,#54,#55,#56,#57,#58),#2760);
#11=SHAPE_REPRESENTATION_RELATIONSHIP('SRR','None',#2767,#12);
#12=ADVANCED_BREP_SHAPE_REPRESENTATION('',(#59,#60,#61,#62,#63,#64,#65,
#66,#67,#68),#2759);
#13=CYLINDRICAL_SURFACE('',#1756,1.75);
#14=CYLINDRICAL_SURFACE('',#1758,1.1);
#15=CYLINDRICAL_SURFACE('',#1769,1.75);
#16=CYLINDRICAL_SURFACE('',#1771,1.1);
#17=CYLINDRICAL_SURFACE('',#1782,1.75);
#18=CYLINDRICAL_SURFACE('',#1784,1.1);
#19=CYLINDRICAL_SURFACE('',#1795,1.75);
#20=CYLINDRICAL_SURFACE('',#1797,1.1);
#21=FACE_BOUND('',#193,.T.);
#22=FACE_BOUND('',#199,.T.);
#23=FACE_BOUND('',#202,.T.);
#24=FACE_BOUND('',#205,.T.);
#25=FACE_BOUND('',#211,.T.);
#26=FACE_BOUND('',#214,.T.);
#27=FACE_BOUND('',#217,.T.);
#28=FACE_BOUND('',#223,.T.);
#29=FACE_BOUND('',#226,.T.);
#30=FACE_BOUND('',#229,.T.);
#31=FACE_BOUND('',#235,.T.);
#32=FACE_BOUND('',#238,.T.);
#33=CIRCLE('',#1754,1.75);
#34=CIRCLE('',#1755,1.1);
#35=CIRCLE('',#1757,1.75);
#36=CIRCLE('',#1759,1.1);
#37=CIRCLE('',#1767,1.75);
#38=CIRCLE('',#1768,1.1);
#39=CIRCLE('',#1770,1.75);
#40=CIRCLE('',#1772,1.1);
#41=CIRCLE('',#1780,1.75);
#42=CIRCLE('',#1781,1.1);
#43=CIRCLE('',#1783,1.75);
#44=CIRCLE('',#1785,1.1);
#45=CIRCLE('',#1793,1.75);
#46=CIRCLE('',#1794,1.1);
#47=CIRCLE('',#1796,1.75);
#48=CIRCLE('',#1798,1.1);
#49=STYLED_ITEM('',(#2777),#59);
#50=STYLED_ITEM('',(#2777),#60);
#51=STYLED_ITEM('',(#2777),#61);
#52=STYLED_ITEM('',(#2777),#62);
#53=STYLED_ITEM('',(#2777),#63);
#54=STYLED_ITEM('',(#2777),#64);
#55=STYLED_ITEM('',(#2777),#65);
#56=STYLED_ITEM('',(#2777),#66);
#57=STYLED_ITEM('',(#2777),#67);
#58=STYLED_ITEM('',(#2777),#68);
#59=MANIFOLD_SOLID_BREP('\X2\5B9E4F53\X0\1',#1706);
#60=MANIFOLD_SOLID_BREP('\X2\5B9E4F53\X0\2',#1707);
#61=MANIFOLD_SOLID_BREP('\X2\5B9E4F53\X0\3',#1708);
#62=MANIFOLD_SOLID_BREP('\X2\5B9E4F53\X0\4',#1709);
#63=MANIFOLD_SOLID_BREP('\X2\5B9E4F53\X0\5',#1710);
#64=MANIFOLD_SOLID_BREP('\X2\5B9E4F53\X0\6',#1711);
#65=MANIFOLD_SOLID_BREP('\X2\5B9E4F53\X0\7',#1712);
#66=MANIFOLD_SOLID_BREP('\X2\5B9E4F53\X0\8',#1713);
#67=MANIFOLD_SOLID_BREP('\X2\5B9E4F53\X0\9',#1714);
#68=MANIFOLD_SOLID_BREP('\X2\5B9E4F53\X0\10',#1715);
#69=FACE_OUTER_BOUND('',#168,.T.);
#70=FACE_OUTER_BOUND('',#169,.T.);
#71=FACE_OUTER_BOUND('',#170,.T.);
#72=FACE_OUTER_BOUND('',#171,.T.);
#73=FACE_OUTER_BOUND('',#172,.T.);
#74=FACE_OUTER_BOUND('',#173,.T.);
#75=FACE_OUTER_BOUND('',#174,.T.);
#76=FACE_OUTER_BOUND('',#175,.T.);
#77=FACE_OUTER_BOUND('',#176,.T.);
#78=FACE_OUTER_BOUND('',#177,.T.);
#79=FACE_OUTER_BOUND('',#178,.T.);
#80=FACE_OUTER_BOUND('',#179,.T.);
#81=FACE_OUTER_BOUND('',#180,.T.);
#82=FACE_OUTER_BOUND('',#181,.T.);
#83=FACE_OUTER_BOUND('',#182,.T.);
#84=FACE_OUTER_BOUND('',#183,.T.);
#85=FACE_OUTER_BOUND('',#184,.T.);
#86=FACE_OUTER_BOUND('',#185,.T.);
#87=FACE_OUTER_BOUND('',#186,.T.);
#88=FACE_OUTER_BOUND('',#187,.T.);
#89=FACE_OUTER_BOUND('',#188,.T.);
#90=FACE_OUTER_BOUND('',#189,.T.);
#91=FACE_OUTER_BOUND('',#190,.T.);
#92=FACE_OUTER_BOUND('',#191,.T.);
#93=FACE_OUTER_BOUND('',#192,.T.);
#94=FACE_OUTER_BOUND('',#194,.T.);
#95=FACE_OUTER_BOUND('',#195,.T.);
#96=FACE_OUTER_BOUND('',#196,.T.);
#97=FACE_OUTER_BOUND('',#197,.T.);
#98=FACE_OUTER_BOUND('',#198,.T.);
#99=FACE_OUTER_BOUND('',#200,.T.);
#100=FACE_OUTER_BOUND('',#201,.T.);
#101=FACE_OUTER_BOUND('',#203,.T.);
#102=FACE_OUTER_BOUND('',#204,.T.);
#103=FACE_OUTER_BOUND('',#206,.T.);
#104=FACE_OUTER_BOUND('',#207,.T.);
#105=FACE_OUTER_BOUND('',#208,.T.);
#106=FACE_OUTER_BOUND('',#209,.T.);
#107=FACE_OUTER_BOUND('',#210,.T.);
#108=FACE_OUTER_BOUND('',#212,.T.);
#109=FACE_OUTER_BOUND('',#213,.T.);
#110=FACE_OUTER_BOUND('',#215,.T.);
#111=FACE_OUTER_BOUND('',#216,.T.);
#112=FACE_OUTER_BOUND('',#218,.T.);
#113=FACE_OUTER_BOUND('',#219,.T.);
#114=FACE_OUTER_BOUND('',#220,.T.);
#115=FACE_OUTER_BOUND('',#221,.T.);
#116=FACE_OUTER_BOUND('',#222,.T.);
#117=FACE_OUTER_BOUND('',#224,.T.);
#118=FACE_OUTER_BOUND('',#225,.T.);
#119=FACE_OUTER_BOUND('',#227,.T.);
#120=FACE_OUTER_BOUND('',#228,.T.);
#121=FACE_OUTER_BOUND('',#230,.T.);
#122=FACE_OUTER_BOUND('',#231,.T.);
#123=FACE_OUTER_BOUND('',#232,.T.);
#124=FACE_OUTER_BOUND('',#233,.T.);
#125=FACE_OUTER_BOUND('',#234,.T.);
#126=FACE_OUTER_BOUND('',#236,.T.);
#127=FACE_OUTER_BOUND('',#237,.T.);
#128=FACE_OUTER_BOUND('',#239,.T.);
#129=FACE_OUTER_BOUND('',#240,.T.);
#130=FACE_OUTER_BOUND('',#241,.T.);
#131=FACE_OUTER_BOUND('',#242,.T.);
#132=FACE_OUTER_BOUND('',#243,.T.);
#133=FACE_OUTER_BOUND('',#244,.T.);
#134=FACE_OUTER_BOUND('',#245,.T.);
#135=FACE_OUTER_BOUND('',#246,.T.);
#136=FACE_OUTER_BOUND('',#247,.T.);
#137=FACE_OUTER_BOUND('',#248,.T.);
#138=FACE_OUTER_BOUND('',#249,.T.);
#139=FACE_OUTER_BOUND('',#250,.T.);
#140=FACE_OUTER_BOUND('',#251,.T.);
#141=FACE_OUTER_BOUND('',#252,.T.);
#142=FACE_OUTER_BOUND('',#253,.T.);
#143=FACE_OUTER_BOUND('',#254,.T.);
#144=FACE_OUTER_BOUND('',#255,.T.);
#145=FACE_OUTER_BOUND('',#256,.T.);
#146=FACE_OUTER_BOUND('',#257,.T.);
#147=FACE_OUTER_BOUND('',#258,.T.);
#148=FACE_OUTER_BOUND('',#259,.T.);
#149=FACE_OUTER_BOUND('',#260,.T.);
#150=FACE_OUTER_BOUND('',#261,.T.);
#151=FACE_OUTER_BOUND('',#262,.T.);
#152=FACE_OUTER_BOUND('',#263,.T.);
#153=FACE_OUTER_BOUND('',#264,.T.);
#154=FACE_OUTER_BOUND('',#265,.T.);
#155=FACE_OUTER_BOUND('',#266,.T.);
#156=FACE_OUTER_BOUND('',#267,.T.);
#157=FACE_OUTER_BOUND('',#268,.T.);
#158=FACE_OUTER_BOUND('',#269,.T.);
#159=FACE_OUTER_BOUND('',#270,.T.);
#160=FACE_OUTER_BOUND('',#271,.T.);
#161=FACE_OUTER_BOUND('',#272,.T.);
#162=FACE_OUTER_BOUND('',#273,.T.);
#163=FACE_OUTER_BOUND('',#274,.T.);
#164=FACE_OUTER_BOUND('',#275,.T.);
#165=FACE_OUTER_BOUND('',#276,.T.);
#166=FACE_OUTER_BOUND('',#277,.T.);
#167=FACE_OUTER_BOUND('',#278,.T.);
#168=EDGE_LOOP('',(#1068,#1069,#1070,#1071,#1072,#1073,#1074));
#169=EDGE_LOOP('',(#1075,#1076,#1077,#1078));
#170=EDGE_LOOP('',(#1079,#1080,#1081,#1082,#1083,#1084,#1085,#1086,#1087,
#1088));
#171=EDGE_LOOP('',(#1089,#1090,#1091,#1092));
#172=EDGE_LOOP('',(#1093,#1094,#1095,#1096));
#173=EDGE_LOOP('',(#1097,#1098,#1099,#1100));
#174=EDGE_LOOP('',(#1101,#1102,#1103,#1104));
#175=EDGE_LOOP('',(#1105,#1106,#1107,#1108,#1109,#1110));
#176=EDGE_LOOP('',(#1111,#1112,#1113,#1114,#1115,#1116,#1117));
#177=EDGE_LOOP('',(#1118,#1119,#1120,#1121));
#178=EDGE_LOOP('',(#1122,#1123,#1124,#1125));
#179=EDGE_LOOP('',(#1126,#1127,#1128,#1129));
#180=EDGE_LOOP('',(#1130,#1131,#1132,#1133));
#181=EDGE_LOOP('',(#1134,#1135,#1136,#1137,#1138,#1139,#1140,#1141,#1142,
#1143,#1144,#1145,#1146));
#182=EDGE_LOOP('',(#1147,#1148,#1149,#1150));
#183=EDGE_LOOP('',(#1151,#1152,#1153,#1154));
#184=EDGE_LOOP('',(#1155,#1156,#1157,#1158));
#185=EDGE_LOOP('',(#1159,#1160,#1161,#1162));
#186=EDGE_LOOP('',(#1163,#1164,#1165,#1166,#1167,#1168,#1169,#1170,#1171,
#1172,#1173,#1174));
#187=EDGE_LOOP('',(#1175,#1176,#1177,#1178));
#188=EDGE_LOOP('',(#1179,#1180,#1181,#1182));
#189=EDGE_LOOP('',(#1183,#1184,#1185,#1186,#1187));
#190=EDGE_LOOP('',(#1188,#1189,#1190,#1191));
#191=EDGE_LOOP('',(#1192,#1193,#1194,#1195));
#192=EDGE_LOOP('',(#1196));
#193=EDGE_LOOP('',(#1197));
#194=EDGE_LOOP('',(#1198,#1199,#1200,#1201));
#195=EDGE_LOOP('',(#1202,#1203,#1204,#1205));
#196=EDGE_LOOP('',(#1206,#1207,#1208,#1209));
#197=EDGE_LOOP('',(#1210,#1211,#1212,#1213));
#198=EDGE_LOOP('',(#1214,#1215,#1216,#1217));
#199=EDGE_LOOP('',(#1218));
#200=EDGE_LOOP('',(#1219,#1220,#1221,#1222));
#201=EDGE_LOOP('',(#1223,#1224,#1225,#1226));
#202=EDGE_LOOP('',(#1227));
#203=EDGE_LOOP('',(#1228,#1229,#1230,#1231));
#204=EDGE_LOOP('',(#1232));
#205=EDGE_LOOP('',(#1233));
#206=EDGE_LOOP('',(#1234,#1235,#1236,#1237));
#207=EDGE_LOOP('',(#1238,#1239,#1240,#1241));
#208=EDGE_LOOP('',(#1242,#1243,#1244,#1245));
#209=EDGE_LOOP('',(#1246,#1247,#1248,#1249));
#210=EDGE_LOOP('',(#1250,#1251,#1252,#1253));
#211=EDGE_LOOP('',(#1254));
#212=EDGE_LOOP('',(#1255,#1256,#1257,#1258));
#213=EDGE_LOOP('',(#1259,#1260,#1261,#1262));
#214=EDGE_LOOP('',(#1263));
#215=EDGE_LOOP('',(#1264,#1265,#1266,#1267));
#216=EDGE_LOOP('',(#1268));
#217=EDGE_LOOP('',(#1269));
#218=EDGE_LOOP('',(#1270,#1271,#1272,#1273));
#219=EDGE_LOOP('',(#1274,#1275,#1276,#1277));
#220=EDGE_LOOP('',(#1278,#1279,#1280,#1281));
#221=EDGE_LOOP('',(#1282,#1283,#1284,#1285));
#222=EDGE_LOOP('',(#1286,#1287,#1288,#1289));
#223=EDGE_LOOP('',(#1290));
#224=EDGE_LOOP('',(#1291,#1292,#1293,#1294));
#225=EDGE_LOOP('',(#1295,#1296,#1297,#1298));
#226=EDGE_LOOP('',(#1299));
#227=EDGE_LOOP('',(#1300,#1301,#1302,#1303));
#228=EDGE_LOOP('',(#1304));
#229=EDGE_LOOP('',(#1305));
#230=EDGE_LOOP('',(#1306,#1307,#1308,#1309));
#231=EDGE_LOOP('',(#1310,#1311,#1312,#1313));
#232=EDGE_LOOP('',(#1314,#1315,#1316,#1317));
#233=EDGE_LOOP('',(#1318,#1319,#1320,#1321));
#234=EDGE_LOOP('',(#1322,#1323,#1324,#1325));
#235=EDGE_LOOP('',(#1326));
#236=EDGE_LOOP('',(#1327,#1328,#1329,#1330));
#237=EDGE_LOOP('',(#1331,#1332,#1333,#1334));
#238=EDGE_LOOP('',(#1335));
#239=EDGE_LOOP('',(#1336,#1337,#1338,#1339));
#240=EDGE_LOOP('',(#1340,#1341,#1342,#1343));
#241=EDGE_LOOP('',(#1344,#1345,#1346,#1347));
#242=EDGE_LOOP('',(#1348,#1349,#1350));
#243=EDGE_LOOP('',(#1351,#1352,#1353));
#244=EDGE_LOOP('',(#1354,#1355,#1356,#1357));
#245=EDGE_LOOP('',(#1358,#1359,#1360,#1361));
#246=EDGE_LOOP('',(#1362,#1363,#1364,#1365));
#247=EDGE_LOOP('',(#1366,#1367,#1368));
#248=EDGE_LOOP('',(#1369,#1370,#1371));
#249=EDGE_LOOP('',(#1372,#1373,#1374,#1375));
#250=EDGE_LOOP('',(#1376,#1377,#1378,#1379));
#251=EDGE_LOOP('',(#1380,#1381,#1382,#1383));
#252=EDGE_LOOP('',(#1384,#1385,#1386));
#253=EDGE_LOOP('',(#1387,#1388,#1389));
#254=EDGE_LOOP('',(#1390,#1391,#1392,#1393));
#255=EDGE_LOOP('',(#1394,#1395,#1396,#1397));
#256=EDGE_LOOP('',(#1398,#1399,#1400,#1401));
#257=EDGE_LOOP('',(#1402,#1403,#1404));
#258=EDGE_LOOP('',(#1405,#1406,#1407));
#259=EDGE_LOOP('',(#1408,#1409,#1410,#1411));
#260=EDGE_LOOP('',(#1412,#1413,#1414,#1415));
#261=EDGE_LOOP('',(#1416,#1417,#1418,#1419));
#262=EDGE_LOOP('',(#1420,#1421,#1422,#1423,#1424,#1425,#1426,#1427,#1428,
#1429,#1430,#1431,#1432,#1433));
#263=EDGE_LOOP('',(#1434,#1435,#1436,#1437));
#264=EDGE_LOOP('',(#1438,#1439,#1440,#1441));
#265=EDGE_LOOP('',(#1442,#1443,#1444,#1445));
#266=EDGE_LOOP('',(#1446,#1447,#1448,#1449));
#267=EDGE_LOOP('',(#1450,#1451,#1452,#1453));
#268=EDGE_LOOP('',(#1454,#1455,#1456,#1457));
#269=EDGE_LOOP('',(#1458,#1459,#1460,#1461));
#270=EDGE_LOOP('',(#1462,#1463,#1464,#1465,#1466,#1467,#1468));
#271=EDGE_LOOP('',(#1469,#1470,#1471,#1472));
#272=EDGE_LOOP('',(#1473,#1474,#1475,#1476));
#273=EDGE_LOOP('',(#1477,#1478,#1479,#1480));
#274=EDGE_LOOP('',(#1481,#1482,#1483,#1484,#1485,#1486,#1487));
#275=EDGE_LOOP('',(#1488,#1489,#1490,#1491,#1492,#1493,#1494,#1495));
#276=EDGE_LOOP('',(#1496,#1497,#1498,#1499));
#277=EDGE_LOOP('',(#1500,#1501,#1502,#1503,#1504,#1505,#1506,#1507,#1508,
#1509,#1510,#1511));
#278=EDGE_LOOP('',(#1512,#1513,#1514,#1515));
#279=LINE('',#2288,#487);
#280=LINE('',#2290,#488);
#281=LINE('',#2292,#489);
#282=LINE('',#2294,#490);
#283=LINE('',#2296,#491);
#284=LINE('',#2298,#492);
#285=LINE('',#2299,#493);
#286=LINE('',#2302,#494);
#287=LINE('',#2304,#495);
#288=LINE('',#2305,#496);
#289=LINE('',#2309,#497);
#290=LINE('',#2311,#498);
#291=LINE('',#2312,#499);
#292=LINE('',#2314,#500);
#293=LINE('',#2316,#501);
#294=LINE('',#2318,#502);
#295=LINE('',#2320,#503);
#296=LINE('',#2321,#504);
#297=LINE('',#2325,#505);
#298=LINE('',#2327,#506);
#299=LINE('',#2329,#507);
#300=LINE('',#2330,#508);
#301=LINE('',#2333,#509);
#302=LINE('',#2334,#510);
#303=LINE('',#2337,#511);
#304=LINE('',#2339,#512);
#305=LINE('',#2340,#513);
#306=LINE('',#2343,#514);
#307=LINE('',#2344,#515);
#308=LINE('',#2347,#516);
#309=LINE('',#2349,#517);
#310=LINE('',#2350,#518);
#311=LINE('',#2354,#519);
#312=LINE('',#2355,#520);
#313=LINE('',#2357,#521);
#314=LINE('',#2358,#522);
#315=LINE('',#2359,#523);
#316=LINE('',#2362,#524);
#317=LINE('',#2363,#525);
#318=LINE('',#2365,#526);
#319=LINE('',#2369,#527);
#320=LINE('',#2371,#528);
#321=LINE('',#2373,#529);
#322=LINE('',#2374,#530);
#323=LINE('',#2377,#531);
#324=LINE('',#2379,#532);
#325=LINE('',#2380,#533);
#326=LINE('',#2382,#534);
#327=LINE('',#2384,#535);
#328=LINE('',#2385,#536);
#329=LINE('',#2387,#537);
#330=LINE('',#2389,#538);
#331=LINE('',#2390,#539);
#332=LINE('',#2391,#540);
#333=LINE('',#2394,#541);
#334=LINE('',#2395,#542);
#335=LINE('',#2397,#543);
#336=LINE('',#2399,#544);
#337=LINE('',#2402,#545);
#338=LINE('',#2406,#546);
#339=LINE('',#2407,#547);
#340=LINE('',#2409,#548);
#341=LINE('',#2414,#549);
#342=LINE('',#2416,#550);
#343=LINE('',#2418,#551);
#344=LINE('',#2419,#552);
#345=LINE('',#2428,#553);
#346=LINE('',#2431,#554);
#347=LINE('',#2435,#555);
#348=LINE('',#2437,#556);
#349=LINE('',#2438,#557);
#350=LINE('',#2441,#558);
#351=LINE('',#2443,#559);
#352=LINE('',#2444,#560);
#353=LINE('',#2446,#561);
#354=LINE('',#2448,#562);
#355=LINE('',#2453,#563);
#356=LINE('',#2455,#564);
#357=LINE('',#2457,#565);
#358=LINE('',#2458,#566);
#359=LINE('',#2467,#567);
#360=LINE('',#2470,#568);
#361=LINE('',#2474,#569);
#362=LINE('',#2476,#570);
#363=LINE('',#2477,#571);
#364=LINE('',#2480,#572);
#365=LINE('',#2482,#573);
#366=LINE('',#2483,#574);
#367=LINE('',#2485,#575);
#368=LINE('',#2487,#576);
#369=LINE('',#2492,#577);
#370=LINE('',#2494,#578);
#371=LINE('',#2496,#579);
#372=LINE('',#2497,#580);
#373=LINE('',#2506,#581);
#374=LINE('',#2509,#582);
#375=LINE('',#2513,#583);
#376=LINE('',#2515,#584);
#377=LINE('',#2516,#585);
#378=LINE('',#2519,#586);
#379=LINE('',#2521,#587);
#380=LINE('',#2522,#588);
#381=LINE('',#2524,#589);
#382=LINE('',#2526,#590);
#383=LINE('',#2531,#591);
#384=LINE('',#2533,#592);
#385=LINE('',#2535,#593);
#386=LINE('',#2536,#594);
#387=LINE('',#2545,#595);
#388=LINE('',#2548,#596);
#389=LINE('',#2552,#597);
#390=LINE('',#2554,#598);
#391=LINE('',#2555,#599);
#392=LINE('',#2558,#600);
#393=LINE('',#2560,#601);
#394=LINE('',#2561,#602);
#395=LINE('',#2563,#603);
#396=LINE('',#2565,#604);
#397=LINE('',#2570,#605);
#398=LINE('',#2572,#606);
#399=LINE('',#2574,#607);
#400=LINE('',#2575,#608);
#401=LINE('',#2578,#609);
#402=LINE('',#2580,#610);
#403=LINE('',#2581,#611);
#404=LINE('',#2583,#612);
#405=LINE('',#2584,#613);
#406=LINE('',#2590,#614);
#407=LINE('',#2592,#615);
#408=LINE('',#2594,#616);
#409=LINE('',#2595,#617);
#410=LINE('',#2598,#618);
#411=LINE('',#2600,#619);
#412=LINE('',#2601,#620);
#413=LINE('',#2603,#621);
#414=LINE('',#2604,#622);
#415=LINE('',#2610,#623);
#416=LINE('',#2612,#624);
#417=LINE('',#2614,#625);
#418=LINE('',#2615,#626);
#419=LINE('',#2618,#627);
#420=LINE('',#2620,#628);
#421=LINE('',#2621,#629);
#422=LINE('',#2623,#630);
#423=LINE('',#2624,#631);
#424=LINE('',#2630,#632);
#425=LINE('',#2632,#633);
#426=LINE('',#2634,#634);
#427=LINE('',#2635,#635);
#428=LINE('',#2638,#636);
#429=LINE('',#2640,#637);
#430=LINE('',#2641,#638);
#431=LINE('',#2643,#639);
#432=LINE('',#2644,#640);
#433=LINE('',#2650,#641);
#434=LINE('',#2652,#642);
#435=LINE('',#2654,#643);
#436=LINE('',#2655,#644);
#437=LINE('',#2659,#645);
#438=LINE('',#2661,#646);
#439=LINE('',#2663,#647);
#440=LINE('',#2664,#648);
#441=LINE('',#2667,#649);
#442=LINE('',#2669,#650);
#443=LINE('',#2670,#651);
#444=LINE('',#2674,#652);
#445=LINE('',#2675,#653);
#446=LINE('',#2677,#654);
#447=LINE('',#2679,#655);
#448=LINE('',#2681,#656);
#449=LINE('',#2683,#657);
#450=LINE('',#2685,#658);
#451=LINE('',#2687,#659);
#452=LINE('',#2689,#660);
#453=LINE('',#2691,#661);
#454=LINE('',#2693,#662);
#455=LINE('',#2694,#663);
#456=LINE('',#2697,#664);
#457=LINE('',#2698,#665);
#458=LINE('',#2700,#666);
#459=LINE('',#2701,#667);
#460=LINE('',#2703,#668);
#461=LINE('',#2705,#669);
#462=LINE('',#2709,#670);
#463=LINE('',#2711,#671);
#464=LINE('',#2713,#672);
#465=LINE('',#2714,#673);
#466=LINE('',#2718,#674);
#467=LINE('',#2719,#675);
#468=LINE('',#2720,#676);
#469=LINE('',#2723,#677);
#470=LINE('',#2724,#678);
#471=LINE('',#2727,#679);
#472=LINE('',#2729,#680);
#473=LINE('',#2731,#681);
#474=LINE('',#2733,#682);
#475=LINE('',#2734,#683);
#476=LINE('',#2737,#684);
#477=LINE('',#2738,#685);
#478=LINE('',#2740,#686);
#479=LINE('',#2742,#687);
#480=LINE('',#2745,#688);
#481=LINE('',#2747,#689);
#482=LINE('',#2748,#690);
#483=LINE('',#2750,#691);
#484=LINE('',#2751,#692);
#485=LINE('',#2753,#693);
#486=LINE('',#2755,#694);
#487=VECTOR('',#1848,10.);
#488=VECTOR('',#1849,10.);
#489=VECTOR('',#1850,10.);
#490=VECTOR('',#1851,10.);
#491=VECTOR('',#1852,10.);
#492=VECTOR('',#1853,10.);
#493=VECTOR('',#1854,10.);
#494=VECTOR('',#1857,10.);
#495=VECTOR('',#1858,10.);
#496=VECTOR('',#1859,10.);
#497=VECTOR('',#1862,10.);
#498=VECTOR('',#1863,10.);
#499=VECTOR('',#1864,10.);
#500=VECTOR('',#1865,10.);
#501=VECTOR('',#1866,10.);
#502=VECTOR('',#1867,10.);
#503=VECTOR('',#1868,10.);
#504=VECTOR('',#1869,10.);
#505=VECTOR('',#1872,10.);
#506=VECTOR('',#1873,10.);
#507=VECTOR('',#1874,10.);
#508=VECTOR('',#1875,10.);
#509=VECTOR('',#1878,10.);
#510=VECTOR('',#1879,10.);
#511=VECTOR('',#1882,10.);
#512=VECTOR('',#1883,10.);
#513=VECTOR('',#1884,10.);
#514=VECTOR('',#1887,10.);
#515=VECTOR('',#1888,10.);
#516=VECTOR('',#1891,10.);
#517=VECTOR('',#1892,10.);
#518=VECTOR('',#1893,10.);
#519=VECTOR('',#1896,10.);
#520=VECTOR('',#1897,10.);
#521=VECTOR('',#1898,10.);
#522=VECTOR('',#1899,10.);
#523=VECTOR('',#1900,10.);
#524=VECTOR('',#1903,10.);
#525=VECTOR('',#1904,10.);
#526=VECTOR('',#1907,10.);
#527=VECTOR('',#1910,10.);
#528=VECTOR('',#1911,10.);
#529=VECTOR('',#1912,10.);
#530=VECTOR('',#1913,10.);
#531=VECTOR('',#1916,10.);
#532=VECTOR('',#1917,10.);
#533=VECTOR('',#1918,10.);
#534=VECTOR('',#1921,10.);
#535=VECTOR('',#1922,10.);
#536=VECTOR('',#1923,10.);
#537=VECTOR('',#1924,10.);
#538=VECTOR('',#1925,10.);
#539=VECTOR('',#1926,10.);
#540=VECTOR('',#1927,10.);
#541=VECTOR('',#1930,10.);
#542=VECTOR('',#1931,10.);
#543=VECTOR('',#1934,10.);
#544=VECTOR('',#1937,10.);
#545=VECTOR('',#1942,10.);
#546=VECTOR('',#1947,10.);
#547=VECTOR('',#1948,10.);
#548=VECTOR('',#1951,10.);
#549=VECTOR('',#1956,10.);
#550=VECTOR('',#1957,10.);
#551=VECTOR('',#1958,10.);
#552=VECTOR('',#1959,10.);
#553=VECTOR('',#1970,1.75);
#554=VECTOR('',#1973,1.1);
#555=VECTOR('',#1978,10.);
#556=VECTOR('',#1979,10.);
#557=VECTOR('',#1980,10.);
#558=VECTOR('',#1983,10.);
#559=VECTOR('',#1984,10.);
#560=VECTOR('',#1985,10.);
#561=VECTOR('',#1988,10.);
#562=VECTOR('',#1991,10.);
#563=VECTOR('',#1996,10.);
#564=VECTOR('',#1997,10.);
#565=VECTOR('',#1998,10.);
#566=VECTOR('',#1999,10.);
#567=VECTOR('',#2010,1.75);
#568=VECTOR('',#2013,1.1);
#569=VECTOR('',#2018,10.);
#570=VECTOR('',#2019,10.);
#571=VECTOR('',#2020,10.);
#572=VECTOR('',#2023,10.);
#573=VECTOR('',#2024,10.);
#574=VECTOR('',#2025,10.);
#575=VECTOR('',#2028,10.);
#576=VECTOR('',#2031,10.);
#577=VECTOR('',#2036,10.);
#578=VECTOR('',#2037,10.);
#579=VECTOR('',#2038,10.);
#580=VECTOR('',#2039,10.);
#581=VECTOR('',#2050,1.75);
#582=VECTOR('',#2053,1.1);
#583=VECTOR('',#2058,10.);
#584=VECTOR('',#2059,10.);
#585=VECTOR('',#2060,10.);
#586=VECTOR('',#2063,10.);
#587=VECTOR('',#2064,10.);
#588=VECTOR('',#2065,10.);
#589=VECTOR('',#2068,10.);
#590=VECTOR('',#2071,10.);
#591=VECTOR('',#2076,10.);
#592=VECTOR('',#2077,10.);
#593=VECTOR('',#2078,10.);
#594=VECTOR('',#2079,10.);
#595=VECTOR('',#2090,1.75);
#596=VECTOR('',#2093,1.1);
#597=VECTOR('',#2098,10.);
#598=VECTOR('',#2099,10.);
#599=VECTOR('',#2100,10.);
#600=VECTOR('',#2103,10.);
#601=VECTOR('',#2104,10.);
#602=VECTOR('',#2105,10.);
#603=VECTOR('',#2108,10.);
#604=VECTOR('',#2111,10.);
#605=VECTOR('',#2116,10.);
#606=VECTOR('',#2117,10.);
#607=VECTOR('',#2118,10.);
#608=VECTOR('',#2119,10.);
#609=VECTOR('',#2122,10.);
#610=VECTOR('',#2123,10.);
#611=VECTOR('',#2124,10.);
#612=VECTOR('',#2127,10.);
#613=VECTOR('',#2128,10.);
#614=VECTOR('',#2135,10.);
#615=VECTOR('',#2136,10.);
#616=VECTOR('',#2137,10.);
#617=VECTOR('',#2138,10.);
#618=VECTOR('',#2141,10.);
#619=VECTOR('',#2142,10.);
#620=VECTOR('',#2143,10.);
#621=VECTOR('',#2146,10.);
#622=VECTOR('',#2147,10.);
#623=VECTOR('',#2154,10.);
#624=VECTOR('',#2155,10.);
#625=VECTOR('',#2156,10.);
#626=VECTOR('',#2157,10.);
#627=VECTOR('',#2160,10.);
#628=VECTOR('',#2161,10.);
#629=VECTOR('',#2162,10.);
#630=VECTOR('',#2165,10.);
#631=VECTOR('',#2166,10.);
#632=VECTOR('',#2173,10.);
#633=VECTOR('',#2174,10.);
#634=VECTOR('',#2175,10.);
#635=VECTOR('',#2176,10.);
#636=VECTOR('',#2179,10.);
#637=VECTOR('',#2180,10.);
#638=VECTOR('',#2181,10.);
#639=VECTOR('',#2184,10.);
#640=VECTOR('',#2185,10.);
#641=VECTOR('',#2192,10.);
#642=VECTOR('',#2193,10.);
#643=VECTOR('',#2194,10.);
#644=VECTOR('',#2195,10.);
#645=VECTOR('',#2198,10.);
#646=VECTOR('',#2199,10.);
#647=VECTOR('',#2200,10.);
#648=VECTOR('',#2201,10.);
#649=VECTOR('',#2204,10.);
#650=VECTOR('',#2205,10.);
#651=VECTOR('',#2206,10.);
#652=VECTOR('',#2209,10.);
#653=VECTOR('',#2210,10.);
#654=VECTOR('',#2211,10.);
#655=VECTOR('',#2212,10.);
#656=VECTOR('',#2213,10.);
#657=VECTOR('',#2214,10.);
#658=VECTOR('',#2215,10.);
#659=VECTOR('',#2216,10.);
#660=VECTOR('',#2217,10.);
#661=VECTOR('',#2218,10.);
#662=VECTOR('',#2219,10.);
#663=VECTOR('',#2220,10.);
#664=VECTOR('',#2223,10.);
#665=VECTOR('',#2224,10.);
#666=VECTOR('',#2227,10.);
#667=VECTOR('',#2228,10.);
#668=VECTOR('',#2231,10.);
#669=VECTOR('',#2234,10.);
#670=VECTOR('',#2237,10.);
#671=VECTOR('',#2238,10.);
#672=VECTOR('',#2239,10.);
#673=VECTOR('',#2240,10.);
#674=VECTOR('',#2243,10.);
#675=VECTOR('',#2244,10.);
#676=VECTOR('',#2245,10.);
#677=VECTOR('',#2248,10.);
#678=VECTOR('',#2249,10.);
#679=VECTOR('',#2252,10.);
#680=VECTOR('',#2253,10.);
#681=VECTOR('',#2254,10.);
#682=VECTOR('',#2255,10.);
#683=VECTOR('',#2256,10.);
#684=VECTOR('',#2259,10.);
#685=VECTOR('',#2260,10.);
#686=VECTOR('',#2263,10.);
#687=VECTOR('',#2266,10.);
#688=VECTOR('',#2269,10.);
#689=VECTOR('',#2270,10.);
#690=VECTOR('',#2271,10.);
#691=VECTOR('',#2274,10.);
#692=VECTOR('',#2275,10.);
#693=VECTOR('',#2278,10.);
#694=VECTOR('',#2281,10.);
#695=VERTEX_POINT('',#2286);
#696=VERTEX_POINT('',#2287);
#697=VERTEX_POINT('',#2289);
#698=VERTEX_POINT('',#2291);
#699=VERTEX_POINT('',#2293);
#700=VERTEX_POINT('',#2295);
#701=VERTEX_POINT('',#2297);
#702=VERTEX_POINT('',#2301);
#703=VERTEX_POINT('',#2303);
#704=VERTEX_POINT('',#2307);
#705=VERTEX_POINT('',#2308);
#706=VERTEX_POINT('',#2310);
#707=VERTEX_POINT('',#2313);
#708=VERTEX_POINT('',#2315);
#709=VERTEX_POINT('',#2317);
#710=VERTEX_POINT('',#2319);
#711=VERTEX_POINT('',#2323);
#712=VERTEX_POINT('',#2324);
#713=VERTEX_POINT('',#2326);
#714=VERTEX_POINT('',#2328);
#715=VERTEX_POINT('',#2332);
#716=VERTEX_POINT('',#2336);
#717=VERTEX_POINT('',#2338);
#718=VERTEX_POINT('',#2342);
#719=VERTEX_POINT('',#2346);
#720=VERTEX_POINT('',#2348);
#721=VERTEX_POINT('',#2352);
#722=VERTEX_POINT('',#2353);
#723=VERTEX_POINT('',#2356);
#724=VERTEX_POINT('',#2361);
#725=VERTEX_POINT('',#2367);
#726=VERTEX_POINT('',#2368);
#727=VERTEX_POINT('',#2370);
#728=VERTEX_POINT('',#2372);
#729=VERTEX_POINT('',#2376);
#730=VERTEX_POINT('',#2378);
#731=VERTEX_POINT('',#2383);
#732=VERTEX_POINT('',#2386);
#733=VERTEX_POINT('',#2388);
#734=VERTEX_POINT('',#2393);
#735=VERTEX_POINT('',#2405);
#736=VERTEX_POINT('',#2412);
#737=VERTEX_POINT('',#2413);
#738=VERTEX_POINT('',#2415);
#739=VERTEX_POINT('',#2417);
#740=VERTEX_POINT('',#2421);
#741=VERTEX_POINT('',#2423);
#742=VERTEX_POINT('',#2426);
#743=VERTEX_POINT('',#2430);
#744=VERTEX_POINT('',#2434);
#745=VERTEX_POINT('',#2436);
#746=VERTEX_POINT('',#2440);
#747=VERTEX_POINT('',#2442);
#748=VERTEX_POINT('',#2451);
#749=VERTEX_POINT('',#2452);
#750=VERTEX_POINT('',#2454);
#751=VERTEX_POINT('',#2456);
#752=VERTEX_POINT('',#2460);
#753=VERTEX_POINT('',#2462);
#754=VERTEX_POINT('',#2465);
#755=VERTEX_POINT('',#2469);
#756=VERTEX_POINT('',#2473);
#757=VERTEX_POINT('',#2475);
#758=VERTEX_POINT('',#2479);
#759=VERTEX_POINT('',#2481);
#760=VERTEX_POINT('',#2490);
#761=VERTEX_POINT('',#2491);
#762=VERTEX_POINT('',#2493);
#763=VERTEX_POINT('',#2495);
#764=VERTEX_POINT('',#2499);
#765=VERTEX_POINT('',#2501);
#766=VERTEX_POINT('',#2504);
#767=VERTEX_POINT('',#2508);
#768=VERTEX_POINT('',#2512);
#769=VERTEX_POINT('',#2514);
#770=VERTEX_POINT('',#2518);
#771=VERTEX_POINT('',#2520);
#772=VERTEX_POINT('',#2529);
#773=VERTEX_POINT('',#2530);
#774=VERTEX_POINT('',#2532);
#775=VERTEX_POINT('',#2534);
#776=VERTEX_POINT('',#2538);
#777=VERTEX_POINT('',#2540);
#778=VERTEX_POINT('',#2543);
#779=VERTEX_POINT('',#2547);
#780=VERTEX_POINT('',#2551);
#781=VERTEX_POINT('',#2553);
#782=VERTEX_POINT('',#2557);
#783=VERTEX_POINT('',#2559);
#784=VERTEX_POINT('',#2568);
#785=VERTEX_POINT('',#2569);
#786=VERTEX_POINT('',#2571);
#787=VERTEX_POINT('',#2573);
#788=VERTEX_POINT('',#2577);
#789=VERTEX_POINT('',#2579);
#790=VERTEX_POINT('',#2588);
#791=VERTEX_POINT('',#2589);
#792=VERTEX_POINT('',#2591);
#793=VERTEX_POINT('',#2593);
#794=VERTEX_POINT('',#2597);
#795=VERTEX_POINT('',#2599);
#796=VERTEX_POINT('',#2608);
#797=VERTEX_POINT('',#2609);
#798=VERTEX_POINT('',#2611);
#799=VERTEX_POINT('',#2613);
#800=VERTEX_POINT('',#2617);
#801=VERTEX_POINT('',#2619);
#802=VERTEX_POINT('',#2628);
#803=VERTEX_POINT('',#2629);
#804=VERTEX_POINT('',#2631);
#805=VERTEX_POINT('',#2633);
#806=VERTEX_POINT('',#2637);
#807=VERTEX_POINT('',#2639);
#808=VERTEX_POINT('',#2648);
#809=VERTEX_POINT('',#2649);
#810=VERTEX_POINT('',#2651);
#811=VERTEX_POINT('',#2653);
#812=VERTEX_POINT('',#2657);
#813=VERTEX_POINT('',#2658);
#814=VERTEX_POINT('',#2660);
#815=VERTEX_POINT('',#2662);
#816=VERTEX_POINT('',#2666);
#817=VERTEX_POINT('',#2668);
#818=VERTEX_POINT('',#2672);
#819=VERTEX_POINT('',#2673);
#820=VERTEX_POINT('',#2676);
#821=VERTEX_POINT('',#2678);
#822=VERTEX_POINT('',#2680);
#823=VERTEX_POINT('',#2682);
#824=VERTEX_POINT('',#2684);
#825=VERTEX_POINT('',#2686);
#826=VERTEX_POINT('',#2688);
#827=VERTEX_POINT('',#2690);
#828=VERTEX_POINT('',#2692);
#829=VERTEX_POINT('',#2696);
#830=VERTEX_POINT('',#2707);
#831=VERTEX_POINT('',#2708);
#832=VERTEX_POINT('',#2710);
#833=VERTEX_POINT('',#2712);
#834=VERTEX_POINT('',#2716);
#835=VERTEX_POINT('',#2717);
#836=VERTEX_POINT('',#2722);
#837=VERTEX_POINT('',#2726);
#838=VERTEX_POINT('',#2728);
#839=VERTEX_POINT('',#2730);
#840=VERTEX_POINT('',#2732);
#841=VERTEX_POINT('',#2736);
#842=VERTEX_POINT('',#2744);
#843=VERTEX_POINT('',#2746);
#844=EDGE_CURVE('',#695,#696,#279,.T.);
#845=EDGE_CURVE('',#697,#695,#280,.T.);
#846=EDGE_CURVE('',#698,#697,#281,.T.);
#847=EDGE_CURVE('',#699,#698,#282,.T.);
#848=EDGE_CURVE('',#700,#699,#283,.T.);
#849=EDGE_CURVE('',#701,#700,#284,.T.);
#850=EDGE_CURVE('',#696,#701,#285,.T.);
#851=EDGE_CURVE('',#702,#700,#286,.T.);
#852=EDGE_CURVE('',#703,#702,#287,.T.);
#853=EDGE_CURVE('',#701,#703,#288,.T.);
#854=EDGE_CURVE('',#704,#705,#289,.T.);
#855=EDGE_CURVE('',#705,#706,#290,.T.);
#856=EDGE_CURVE('',#706,#702,#291,.T.);
#857=EDGE_CURVE('',#699,#707,#292,.F.);
#858=EDGE_CURVE('',#707,#708,#293,.F.);
#859=EDGE_CURVE('',#708,#709,#294,.F.);
#860=EDGE_CURVE('',#709,#710,#295,.F.);
#861=EDGE_CURVE('',#710,#704,#296,.F.);
#862=EDGE_CURVE('',#711,#712,#297,.T.);
#863=EDGE_CURVE('',#713,#712,#298,.T.);
#864=EDGE_CURVE('',#714,#713,#299,.T.);
#865=EDGE_CURVE('',#714,#711,#300,.F.);
#866=EDGE_CURVE('',#698,#715,#301,.T.);
#867=EDGE_CURVE('',#715,#707,#302,.T.);
#868=EDGE_CURVE('',#696,#716,#303,.F.);
#869=EDGE_CURVE('',#717,#716,#304,.T.);
#870=EDGE_CURVE('',#695,#717,#305,.T.);
#871=EDGE_CURVE('',#718,#697,#306,.T.);
#872=EDGE_CURVE('',#718,#715,#307,.T.);
#873=EDGE_CURVE('',#717,#719,#308,.T.);
#874=EDGE_CURVE('',#719,#720,#309,.T.);
#875=EDGE_CURVE('',#718,#720,#310,.T.);
#876=EDGE_CURVE('',#721,#722,#311,.T.);
#877=EDGE_CURVE('',#712,#721,#312,.T.);
#878=EDGE_CURVE('',#723,#711,#313,.T.);
#879=EDGE_CURVE('',#705,#723,#314,.T.);
#880=EDGE_CURVE('',#722,#704,#315,.T.);
#881=EDGE_CURVE('',#703,#724,#316,.T.);
#882=EDGE_CURVE('',#724,#706,#317,.T.);
#883=EDGE_CURVE('',#724,#723,#318,.T.);
#884=EDGE_CURVE('',#725,#726,#319,.T.);
#885=EDGE_CURVE('',#727,#725,#320,.T.);
#886=EDGE_CURVE('',#728,#727,#321,.T.);
#887=EDGE_CURVE('',#726,#728,#322,.T.);
#888=EDGE_CURVE('',#725,#729,#323,.T.);
#889=EDGE_CURVE('',#729,#730,#324,.T.);
#890=EDGE_CURVE('',#730,#727,#325,.T.);
#891=EDGE_CURVE('',#716,#728,#326,.T.);
#892=EDGE_CURVE('',#730,#731,#327,.T.);
#893=EDGE_CURVE('',#731,#714,#328,.T.);
#894=EDGE_CURVE('',#732,#713,#329,.T.);
#895=EDGE_CURVE('',#732,#733,#330,.T.);
#896=EDGE_CURVE('',#733,#710,#331,.T.);
#897=EDGE_CURVE('',#709,#719,#332,.T.);
#898=EDGE_CURVE('',#734,#729,#333,.T.);
#899=EDGE_CURVE('',#734,#731,#334,.T.);
#900=EDGE_CURVE('',#721,#732,#335,.T.);
#901=EDGE_CURVE('',#733,#722,#336,.T.);
#902=EDGE_CURVE('',#726,#734,#337,.F.);
#903=EDGE_CURVE('',#715,#735,#338,.T.);
#904=EDGE_CURVE('',#708,#735,#339,.T.);
#905=EDGE_CURVE('',#735,#720,#340,.T.);
#906=EDGE_CURVE('',#736,#737,#341,.T.);
#907=EDGE_CURVE('',#737,#738,#342,.T.);
#908=EDGE_CURVE('',#738,#739,#343,.T.);
#909=EDGE_CURVE('',#736,#739,#344,.T.);
#910=EDGE_CURVE('',#740,#740,#33,.T.);
#911=EDGE_CURVE('',#741,#741,#34,.T.);
#912=EDGE_CURVE('',#742,#742,#35,.T.);
#913=EDGE_CURVE('',#742,#740,#345,.T.);
#914=EDGE_CURVE('',#741,#743,#346,.T.);
#915=EDGE_CURVE('',#743,#743,#36,.T.);
#916=EDGE_CURVE('',#738,#744,#347,.T.);
#917=EDGE_CURVE('',#745,#744,#348,.T.);
#918=EDGE_CURVE('',#739,#745,#349,.T.);
#919=EDGE_CURVE('',#736,#746,#350,.T.);
#920=EDGE_CURVE('',#747,#746,#351,.T.);
#921=EDGE_CURVE('',#737,#747,#352,.T.);
#922=EDGE_CURVE('',#744,#747,#353,.T.);
#923=EDGE_CURVE('',#746,#745,#354,.T.);
#924=EDGE_CURVE('',#748,#749,#355,.T.);
#925=EDGE_CURVE('',#749,#750,#356,.T.);
#926=EDGE_CURVE('',#750,#751,#357,.T.);
#927=EDGE_CURVE('',#748,#751,#358,.T.);
#928=EDGE_CURVE('',#752,#752,#37,.T.);
#929=EDGE_CURVE('',#753,#753,#38,.T.);
#930=EDGE_CURVE('',#754,#754,#39,.T.);
#931=EDGE_CURVE('',#754,#752,#359,.T.);
#932=EDGE_CURVE('',#753,#755,#360,.T.);
#933=EDGE_CURVE('',#755,#755,#40,.T.);
#934=EDGE_CURVE('',#750,#756,#361,.T.);
#935=EDGE_CURVE('',#757,#756,#362,.T.);
#936=EDGE_CURVE('',#751,#757,#363,.T.);
#937=EDGE_CURVE('',#748,#758,#364,.T.);
#938=EDGE_CURVE('',#759,#758,#365,.T.);
#939=EDGE_CURVE('',#749,#759,#366,.T.);
#940=EDGE_CURVE('',#756,#759,#367,.T.);
#941=EDGE_CURVE('',#758,#757,#368,.T.);
#942=EDGE_CURVE('',#760,#761,#369,.T.);
#943=EDGE_CURVE('',#761,#762,#370,.T.);
#944=EDGE_CURVE('',#762,#763,#371,.T.);
#945=EDGE_CURVE('',#760,#763,#372,.T.);
#946=EDGE_CURVE('',#764,#764,#41,.T.);
#947=EDGE_CURVE('',#765,#765,#42,.T.);
#948=EDGE_CURVE('',#766,#766,#43,.T.);
#949=EDGE_CURVE('',#766,#764,#373,.T.);
#950=EDGE_CURVE('',#765,#767,#374,.T.);
#951=EDGE_CURVE('',#767,#767,#44,.T.);
#952=EDGE_CURVE('',#762,#768,#375,.T.);
#953=EDGE_CURVE('',#769,#768,#376,.T.);
#954=EDGE_CURVE('',#763,#769,#377,.T.);
#955=EDGE_CURVE('',#760,#770,#378,.T.);
#956=EDGE_CURVE('',#771,#770,#379,.T.);
#957=EDGE_CURVE('',#761,#771,#380,.T.);
#958=EDGE_CURVE('',#768,#771,#381,.T.);
#959=EDGE_CURVE('',#770,#769,#382,.T.);
#960=EDGE_CURVE('',#772,#773,#383,.T.);
#961=EDGE_CURVE('',#773,#774,#384,.T.);
#962=EDGE_CURVE('',#774,#775,#385,.T.);
#963=EDGE_CURVE('',#772,#775,#386,.T.);
#964=EDGE_CURVE('',#776,#776,#45,.T.);
#965=EDGE_CURVE('',#777,#777,#46,.T.);
#966=EDGE_CURVE('',#778,#778,#47,.T.);
#967=EDGE_CURVE('',#778,#776,#387,.T.);
#968=EDGE_CURVE('',#777,#779,#388,.T.);
#969=EDGE_CURVE('',#779,#779,#48,.T.);
#970=EDGE_CURVE('',#774,#780,#389,.T.);
#971=EDGE_CURVE('',#781,#780,#390,.T.);
#972=EDGE_CURVE('',#775,#781,#391,.T.);
#973=EDGE_CURVE('',#772,#782,#392,.T.);
#974=EDGE_CURVE('',#783,#782,#393,.T.);
#975=EDGE_CURVE('',#773,#783,#394,.T.);
#976=EDGE_CURVE('',#780,#783,#395,.T.);
#977=EDGE_CURVE('',#782,#781,#396,.T.);
#978=EDGE_CURVE('',#784,#785,#397,.T.);
#979=EDGE_CURVE('',#784,#786,#398,.T.);
#980=EDGE_CURVE('',#787,#786,#399,.T.);
#981=EDGE_CURVE('',#785,#787,#400,.T.);
#982=EDGE_CURVE('',#785,#788,#401,.T.);
#983=EDGE_CURVE('',#789,#787,#402,.T.);
#984=EDGE_CURVE('',#788,#789,#403,.T.);
#985=EDGE_CURVE('',#788,#784,#404,.T.);
#986=EDGE_CURVE('',#786,#789,#405,.T.);
#987=EDGE_CURVE('',#790,#791,#406,.T.);
#988=EDGE_CURVE('',#790,#792,#407,.T.);
#989=EDGE_CURVE('',#793,#792,#408,.T.);
#990=EDGE_CURVE('',#791,#793,#409,.T.);
#991=EDGE_CURVE('',#791,#794,#410,.T.);
#992=EDGE_CURVE('',#795,#793,#411,.T.);
#993=EDGE_CURVE('',#794,#795,#412,.T.);
#994=EDGE_CURVE('',#794,#790,#413,.T.);
#995=EDGE_CURVE('',#792,#795,#414,.T.);
#996=EDGE_CURVE('',#796,#797,#415,.T.);
#997=EDGE_CURVE('',#796,#798,#416,.T.);
#998=EDGE_CURVE('',#799,#798,#417,.T.);
#999=EDGE_CURVE('',#797,#799,#418,.T.);
#1000=EDGE_CURVE('',#797,#800,#419,.T.);
#1001=EDGE_CURVE('',#801,#799,#420,.T.);
#1002=EDGE_CURVE('',#800,#801,#421,.T.);
#1003=EDGE_CURVE('',#800,#796,#422,.T.);
#1004=EDGE_CURVE('',#798,#801,#423,.T.);
#1005=EDGE_CURVE('',#802,#803,#424,.T.);
#1006=EDGE_CURVE('',#802,#804,#425,.T.);
#1007=EDGE_CURVE('',#805,#804,#426,.T.);
#1008=EDGE_CURVE('',#803,#805,#427,.T.);
#1009=EDGE_CURVE('',#803,#806,#428,.T.);
#1010=EDGE_CURVE('',#807,#805,#429,.T.);
#1011=EDGE_CURVE('',#806,#807,#430,.T.);
#1012=EDGE_CURVE('',#806,#802,#431,.T.);
#1013=EDGE_CURVE('',#804,#807,#432,.T.);
#1014=EDGE_CURVE('',#808,#809,#433,.T.);
#1015=EDGE_CURVE('',#810,#809,#434,.T.);
#1016=EDGE_CURVE('',#810,#811,#435,.T.);
#1017=EDGE_CURVE('',#811,#808,#436,.F.);
#1018=EDGE_CURVE('',#812,#813,#437,.T.);
#1019=EDGE_CURVE('',#814,#813,#438,.T.);
#1020=EDGE_CURVE('',#815,#814,#439,.T.);
#1021=EDGE_CURVE('',#812,#815,#440,.T.);
#1022=EDGE_CURVE('',#813,#816,#441,.T.);
#1023=EDGE_CURVE('',#817,#816,#442,.F.);
#1024=EDGE_CURVE('',#814,#817,#443,.T.);
#1025=EDGE_CURVE('',#818,#819,#444,.T.);
#1026=EDGE_CURVE('',#815,#819,#445,.T.);
#1027=EDGE_CURVE('',#820,#817,#446,.F.);
#1028=EDGE_CURVE('',#821,#820,#447,.T.);
#1029=EDGE_CURVE('',#822,#821,#448,.T.);
#1030=EDGE_CURVE('',#823,#822,#449,.T.);
#1031=EDGE_CURVE('',#823,#824,#450,.T.);
#1032=EDGE_CURVE('',#824,#825,#451,.T.);
#1033=EDGE_CURVE('',#825,#826,#452,.T.);
#1034=EDGE_CURVE('',#827,#826,#453,.T.);
#1035=EDGE_CURVE('',#827,#828,#454,.T.);
#1036=EDGE_CURVE('',#828,#818,#455,.T.);
#1037=EDGE_CURVE('',#829,#812,#456,.T.);
#1038=EDGE_CURVE('',#819,#829,#457,.T.);
#1039=EDGE_CURVE('',#826,#810,#458,.T.);
#1040=EDGE_CURVE('',#811,#825,#459,.T.);
#1041=EDGE_CURVE('',#809,#827,#460,.T.);
#1042=EDGE_CURVE('',#808,#828,#461,.T.);
#1043=EDGE_CURVE('',#830,#831,#462,.T.);
#1044=EDGE_CURVE('',#830,#832,#463,.T.);
#1045=EDGE_CURVE('',#833,#832,#464,.T.);
#1046=EDGE_CURVE('',#831,#833,#465,.T.);
#1047=EDGE_CURVE('',#834,#835,#466,.T.);
#1048=EDGE_CURVE('',#835,#823,#467,.T.);
#1049=EDGE_CURVE('',#822,#834,#468,.T.);
#1050=EDGE_CURVE('',#836,#834,#469,.T.);
#1051=EDGE_CURVE('',#836,#821,#470,.T.);
#1052=EDGE_CURVE('',#837,#836,#471,.T.);
#1053=EDGE_CURVE('',#838,#837,#472,.T.);
#1054=EDGE_CURVE('',#839,#838,#473,.T.);
#1055=EDGE_CURVE('',#840,#839,#474,.T.);
#1056=EDGE_CURVE('',#835,#840,#475,.T.);
#1057=EDGE_CURVE('',#841,#829,#476,.T.);
#1058=EDGE_CURVE('',#818,#841,#477,.F.);
#1059=EDGE_CURVE('',#840,#824,#478,.F.);
#1060=EDGE_CURVE('',#837,#820,#479,.F.);
#1061=EDGE_CURVE('',#842,#841,#480,.T.);
#1062=EDGE_CURVE('',#843,#842,#481,.T.);
#1063=EDGE_CURVE('',#816,#843,#482,.T.);
#1064=EDGE_CURVE('',#843,#833,#483,.T.);
#1065=EDGE_CURVE('',#832,#838,#484,.T.);
#1066=EDGE_CURVE('',#831,#842,#485,.T.);
#1067=EDGE_CURVE('',#839,#830,#486,.T.);
#1068=ORIENTED_EDGE('',*,*,#844,.F.);
#1069=ORIENTED_EDGE('',*,*,#845,.F.);
#1070=ORIENTED_EDGE('',*,*,#846,.F.);
#1071=ORIENTED_EDGE('',*,*,#847,.F.);
#1072=ORIENTED_EDGE('',*,*,#848,.F.);
#1073=ORIENTED_EDGE('',*,*,#849,.F.);
#1074=ORIENTED_EDGE('',*,*,#850,.F.);
#1075=ORIENTED_EDGE('',*,*,#849,.T.);
#1076=ORIENTED_EDGE('',*,*,#851,.F.);
#1077=ORIENTED_EDGE('',*,*,#852,.F.);
#1078=ORIENTED_EDGE('',*,*,#853,.F.);
#1079=ORIENTED_EDGE('',*,*,#854,.T.);
#1080=ORIENTED_EDGE('',*,*,#855,.T.);
#1081=ORIENTED_EDGE('',*,*,#856,.T.);
#1082=ORIENTED_EDGE('',*,*,#851,.T.);
#1083=ORIENTED_EDGE('',*,*,#848,.T.);
#1084=ORIENTED_EDGE('',*,*,#857,.T.);
#1085=ORIENTED_EDGE('',*,*,#858,.T.);
#1086=ORIENTED_EDGE('',*,*,#859,.T.);
#1087=ORIENTED_EDGE('',*,*,#860,.T.);
#1088=ORIENTED_EDGE('',*,*,#861,.T.);
#1089=ORIENTED_EDGE('',*,*,#862,.T.);
#1090=ORIENTED_EDGE('',*,*,#863,.F.);
#1091=ORIENTED_EDGE('',*,*,#864,.F.);
#1092=ORIENTED_EDGE('',*,*,#865,.T.);
#1093=ORIENTED_EDGE('',*,*,#847,.T.);
#1094=ORIENTED_EDGE('',*,*,#866,.T.);
#1095=ORIENTED_EDGE('',*,*,#867,.T.);
#1096=ORIENTED_EDGE('',*,*,#857,.F.);
#1097=ORIENTED_EDGE('',*,*,#844,.T.);
#1098=ORIENTED_EDGE('',*,*,#868,.T.);
#1099=ORIENTED_EDGE('',*,*,#869,.F.);
#1100=ORIENTED_EDGE('',*,*,#870,.F.);
#1101=ORIENTED_EDGE('',*,*,#846,.T.);
#1102=ORIENTED_EDGE('',*,*,#871,.F.);
#1103=ORIENTED_EDGE('',*,*,#872,.T.);
#1104=ORIENTED_EDGE('',*,*,#866,.F.);
#1105=ORIENTED_EDGE('',*,*,#845,.T.);
#1106=ORIENTED_EDGE('',*,*,#870,.T.);
#1107=ORIENTED_EDGE('',*,*,#873,.T.);
#1108=ORIENTED_EDGE('',*,*,#874,.T.);
#1109=ORIENTED_EDGE('',*,*,#875,.F.);
#1110=ORIENTED_EDGE('',*,*,#871,.T.);
#1111=ORIENTED_EDGE('',*,*,#876,.F.);
#1112=ORIENTED_EDGE('',*,*,#877,.F.);
#1113=ORIENTED_EDGE('',*,*,#862,.F.);
#1114=ORIENTED_EDGE('',*,*,#878,.F.);
#1115=ORIENTED_EDGE('',*,*,#879,.F.);
#1116=ORIENTED_EDGE('',*,*,#854,.F.);
#1117=ORIENTED_EDGE('',*,*,#880,.F.);
#1118=ORIENTED_EDGE('',*,*,#881,.F.);
#1119=ORIENTED_EDGE('',*,*,#852,.T.);
#1120=ORIENTED_EDGE('',*,*,#856,.F.);
#1121=ORIENTED_EDGE('',*,*,#882,.F.);
#1122=ORIENTED_EDGE('',*,*,#879,.T.);
#1123=ORIENTED_EDGE('',*,*,#883,.F.);
#1124=ORIENTED_EDGE('',*,*,#882,.T.);
#1125=ORIENTED_EDGE('',*,*,#855,.F.);
#1126=ORIENTED_EDGE('',*,*,#884,.F.);
#1127=ORIENTED_EDGE('',*,*,#885,.F.);
#1128=ORIENTED_EDGE('',*,*,#886,.F.);
#1129=ORIENTED_EDGE('',*,*,#887,.F.);
#1130=ORIENTED_EDGE('',*,*,#885,.T.);
#1131=ORIENTED_EDGE('',*,*,#888,.T.);
#1132=ORIENTED_EDGE('',*,*,#889,.T.);
#1133=ORIENTED_EDGE('',*,*,#890,.T.);
#1134=ORIENTED_EDGE('',*,*,#869,.T.);
#1135=ORIENTED_EDGE('',*,*,#891,.T.);
#1136=ORIENTED_EDGE('',*,*,#886,.T.);
#1137=ORIENTED_EDGE('',*,*,#890,.F.);
#1138=ORIENTED_EDGE('',*,*,#892,.T.);
#1139=ORIENTED_EDGE('',*,*,#893,.T.);
#1140=ORIENTED_EDGE('',*,*,#864,.T.);
#1141=ORIENTED_EDGE('',*,*,#894,.F.);
#1142=ORIENTED_EDGE('',*,*,#895,.T.);
#1143=ORIENTED_EDGE('',*,*,#896,.T.);
#1144=ORIENTED_EDGE('',*,*,#860,.F.);
#1145=ORIENTED_EDGE('',*,*,#897,.T.);
#1146=ORIENTED_EDGE('',*,*,#873,.F.);
#1147=ORIENTED_EDGE('',*,*,#898,.F.);
#1148=ORIENTED_EDGE('',*,*,#899,.T.);
#1149=ORIENTED_EDGE('',*,*,#892,.F.);
#1150=ORIENTED_EDGE('',*,*,#889,.F.);
#1151=ORIENTED_EDGE('',*,*,#877,.T.);
#1152=ORIENTED_EDGE('',*,*,#900,.T.);
#1153=ORIENTED_EDGE('',*,*,#894,.T.);
#1154=ORIENTED_EDGE('',*,*,#863,.T.);
#1155=ORIENTED_EDGE('',*,*,#880,.T.);
#1156=ORIENTED_EDGE('',*,*,#861,.F.);
#1157=ORIENTED_EDGE('',*,*,#896,.F.);
#1158=ORIENTED_EDGE('',*,*,#901,.T.);
#1159=ORIENTED_EDGE('',*,*,#876,.T.);
#1160=ORIENTED_EDGE('',*,*,#901,.F.);
#1161=ORIENTED_EDGE('',*,*,#895,.F.);
#1162=ORIENTED_EDGE('',*,*,#900,.F.);
#1163=ORIENTED_EDGE('',*,*,#878,.T.);
#1164=ORIENTED_EDGE('',*,*,#865,.F.);
#1165=ORIENTED_EDGE('',*,*,#893,.F.);
#1166=ORIENTED_EDGE('',*,*,#899,.F.);
#1167=ORIENTED_EDGE('',*,*,#902,.F.);
#1168=ORIENTED_EDGE('',*,*,#887,.T.);
#1169=ORIENTED_EDGE('',*,*,#891,.F.);
#1170=ORIENTED_EDGE('',*,*,#868,.F.);
#1171=ORIENTED_EDGE('',*,*,#850,.T.);
#1172=ORIENTED_EDGE('',*,*,#853,.T.);
#1173=ORIENTED_EDGE('',*,*,#881,.T.);
#1174=ORIENTED_EDGE('',*,*,#883,.T.);
#1175=ORIENTED_EDGE('',*,*,#884,.T.);
#1176=ORIENTED_EDGE('',*,*,#902,.T.);
#1177=ORIENTED_EDGE('',*,*,#898,.T.);
#1178=ORIENTED_EDGE('',*,*,#888,.F.);
#1179=ORIENTED_EDGE('',*,*,#903,.T.);
#1180=ORIENTED_EDGE('',*,*,#904,.F.);
#1181=ORIENTED_EDGE('',*,*,#858,.F.);
#1182=ORIENTED_EDGE('',*,*,#867,.F.);
#1183=ORIENTED_EDGE('',*,*,#904,.T.);
#1184=ORIENTED_EDGE('',*,*,#905,.T.);
#1185=ORIENTED_EDGE('',*,*,#874,.F.);
#1186=ORIENTED_EDGE('',*,*,#897,.F.);
#1187=ORIENTED_EDGE('',*,*,#859,.F.);
#1188=ORIENTED_EDGE('',*,*,#872,.F.);
#1189=ORIENTED_EDGE('',*,*,#875,.T.);
#1190=ORIENTED_EDGE('',*,*,#905,.F.);
#1191=ORIENTED_EDGE('',*,*,#903,.F.);
#1192=ORIENTED_EDGE('',*,*,#906,.T.);
#1193=ORIENTED_EDGE('',*,*,#907,.T.);
#1194=ORIENTED_EDGE('',*,*,#908,.T.);
#1195=ORIENTED_EDGE('',*,*,#909,.F.);
#1196=ORIENTED_EDGE('',*,*,#910,.F.);
#1197=ORIENTED_EDGE('',*,*,#911,.T.);
#1198=ORIENTED_EDGE('',*,*,#912,.F.);
#1199=ORIENTED_EDGE('',*,*,#913,.T.);
#1200=ORIENTED_EDGE('',*,*,#910,.T.);
#1201=ORIENTED_EDGE('',*,*,#913,.F.);
#1202=ORIENTED_EDGE('',*,*,#911,.F.);
#1203=ORIENTED_EDGE('',*,*,#914,.T.);
#1204=ORIENTED_EDGE('',*,*,#915,.F.);
#1205=ORIENTED_EDGE('',*,*,#914,.F.);
#1206=ORIENTED_EDGE('',*,*,#908,.F.);
#1207=ORIENTED_EDGE('',*,*,#916,.T.);
#1208=ORIENTED_EDGE('',*,*,#917,.F.);
#1209=ORIENTED_EDGE('',*,*,#918,.F.);
#1210=ORIENTED_EDGE('',*,*,#906,.F.);
#1211=ORIENTED_EDGE('',*,*,#919,.T.);
#1212=ORIENTED_EDGE('',*,*,#920,.F.);
#1213=ORIENTED_EDGE('',*,*,#921,.F.);
#1214=ORIENTED_EDGE('',*,*,#907,.F.);
#1215=ORIENTED_EDGE('',*,*,#921,.T.);
#1216=ORIENTED_EDGE('',*,*,#922,.F.);
#1217=ORIENTED_EDGE('',*,*,#916,.F.);
#1218=ORIENTED_EDGE('',*,*,#912,.T.);
#1219=ORIENTED_EDGE('',*,*,#922,.T.);
#1220=ORIENTED_EDGE('',*,*,#920,.T.);
#1221=ORIENTED_EDGE('',*,*,#923,.T.);
#1222=ORIENTED_EDGE('',*,*,#917,.T.);
#1223=ORIENTED_EDGE('',*,*,#909,.T.);
#1224=ORIENTED_EDGE('',*,*,#918,.T.);
#1225=ORIENTED_EDGE('',*,*,#923,.F.);
#1226=ORIENTED_EDGE('',*,*,#919,.F.);
#1227=ORIENTED_EDGE('',*,*,#915,.T.);
#1228=ORIENTED_EDGE('',*,*,#924,.T.);
#1229=ORIENTED_EDGE('',*,*,#925,.T.);
#1230=ORIENTED_EDGE('',*,*,#926,.T.);
#1231=ORIENTED_EDGE('',*,*,#927,.F.);
#1232=ORIENTED_EDGE('',*,*,#928,.F.);
#1233=ORIENTED_EDGE('',*,*,#929,.T.);
#1234=ORIENTED_EDGE('',*,*,#930,.F.);
#1235=ORIENTED_EDGE('',*,*,#931,.T.);
#1236=ORIENTED_EDGE('',*,*,#928,.T.);
#1237=ORIENTED_EDGE('',*,*,#931,.F.);
#1238=ORIENTED_EDGE('',*,*,#929,.F.);
#1239=ORIENTED_EDGE('',*,*,#932,.T.);
#1240=ORIENTED_EDGE('',*,*,#933,.F.);
#1241=ORIENTED_EDGE('',*,*,#932,.F.);
#1242=ORIENTED_EDGE('',*,*,#926,.F.);
#1243=ORIENTED_EDGE('',*,*,#934,.T.);
#1244=ORIENTED_EDGE('',*,*,#935,.F.);
#1245=ORIENTED_EDGE('',*,*,#936,.F.);
#1246=ORIENTED_EDGE('',*,*,#924,.F.);
#1247=ORIENTED_EDGE('',*,*,#937,.T.);
#1248=ORIENTED_EDGE('',*,*,#938,.F.);
#1249=ORIENTED_EDGE('',*,*,#939,.F.);
#1250=ORIENTED_EDGE('',*,*,#925,.F.);
#1251=ORIENTED_EDGE('',*,*,#939,.T.);
#1252=ORIENTED_EDGE('',*,*,#940,.F.);
#1253=ORIENTED_EDGE('',*,*,#934,.F.);
#1254=ORIENTED_EDGE('',*,*,#930,.T.);
#1255=ORIENTED_EDGE('',*,*,#940,.T.);
#1256=ORIENTED_EDGE('',*,*,#938,.T.);
#1257=ORIENTED_EDGE('',*,*,#941,.T.);
#1258=ORIENTED_EDGE('',*,*,#935,.T.);
#1259=ORIENTED_EDGE('',*,*,#927,.T.);
#1260=ORIENTED_EDGE('',*,*,#936,.T.);
#1261=ORIENTED_EDGE('',*,*,#941,.F.);
#1262=ORIENTED_EDGE('',*,*,#937,.F.);
#1263=ORIENTED_EDGE('',*,*,#933,.T.);
#1264=ORIENTED_EDGE('',*,*,#942,.T.);
#1265=ORIENTED_EDGE('',*,*,#943,.T.);
#1266=ORIENTED_EDGE('',*,*,#944,.T.);
#1267=ORIENTED_EDGE('',*,*,#945,.F.);
#1268=ORIENTED_EDGE('',*,*,#946,.F.);
#1269=ORIENTED_EDGE('',*,*,#947,.T.);
#1270=ORIENTED_EDGE('',*,*,#948,.F.);
#1271=ORIENTED_EDGE('',*,*,#949,.T.);
#1272=ORIENTED_EDGE('',*,*,#946,.T.);
#1273=ORIENTED_EDGE('',*,*,#949,.F.);
#1274=ORIENTED_EDGE('',*,*,#947,.F.);
#1275=ORIENTED_EDGE('',*,*,#950,.T.);
#1276=ORIENTED_EDGE('',*,*,#951,.F.);
#1277=ORIENTED_EDGE('',*,*,#950,.F.);
#1278=ORIENTED_EDGE('',*,*,#944,.F.);
#1279=ORIENTED_EDGE('',*,*,#952,.T.);
#1280=ORIENTED_EDGE('',*,*,#953,.F.);
#1281=ORIENTED_EDGE('',*,*,#954,.F.);
#1282=ORIENTED_EDGE('',*,*,#942,.F.);
#1283=ORIENTED_EDGE('',*,*,#955,.T.);
#1284=ORIENTED_EDGE('',*,*,#956,.F.);
#1285=ORIENTED_EDGE('',*,*,#957,.F.);
#1286=ORIENTED_EDGE('',*,*,#943,.F.);
#1287=ORIENTED_EDGE('',*,*,#957,.T.);
#1288=ORIENTED_EDGE('',*,*,#958,.F.);
#1289=ORIENTED_EDGE('',*,*,#952,.F.);
#1290=ORIENTED_EDGE('',*,*,#948,.T.);
#1291=ORIENTED_EDGE('',*,*,#958,.T.);
#1292=ORIENTED_EDGE('',*,*,#956,.T.);
#1293=ORIENTED_EDGE('',*,*,#959,.T.);
#1294=ORIENTED_EDGE('',*,*,#953,.T.);
#1295=ORIENTED_EDGE('',*,*,#945,.T.);
#1296=ORIENTED_EDGE('',*,*,#954,.T.);
#1297=ORIENTED_EDGE('',*,*,#959,.F.);
#1298=ORIENTED_EDGE('',*,*,#955,.F.);
#1299=ORIENTED_EDGE('',*,*,#951,.T.);
#1300=ORIENTED_EDGE('',*,*,#960,.T.);
#1301=ORIENTED_EDGE('',*,*,#961,.T.);
#1302=ORIENTED_EDGE('',*,*,#962,.T.);
#1303=ORIENTED_EDGE('',*,*,#963,.F.);
#1304=ORIENTED_EDGE('',*,*,#964,.F.);
#1305=ORIENTED_EDGE('',*,*,#965,.T.);
#1306=ORIENTED_EDGE('',*,*,#966,.F.);
#1307=ORIENTED_EDGE('',*,*,#967,.T.);
#1308=ORIENTED_EDGE('',*,*,#964,.T.);
#1309=ORIENTED_EDGE('',*,*,#967,.F.);
#1310=ORIENTED_EDGE('',*,*,#965,.F.);
#1311=ORIENTED_EDGE('',*,*,#968,.T.);
#1312=ORIENTED_EDGE('',*,*,#969,.F.);
#1313=ORIENTED_EDGE('',*,*,#968,.F.);
#1314=ORIENTED_EDGE('',*,*,#962,.F.);
#1315=ORIENTED_EDGE('',*,*,#970,.T.);
#1316=ORIENTED_EDGE('',*,*,#971,.F.);
#1317=ORIENTED_EDGE('',*,*,#972,.F.);
#1318=ORIENTED_EDGE('',*,*,#960,.F.);
#1319=ORIENTED_EDGE('',*,*,#973,.T.);
#1320=ORIENTED_EDGE('',*,*,#974,.F.);
#1321=ORIENTED_EDGE('',*,*,#975,.F.);
#1322=ORIENTED_EDGE('',*,*,#961,.F.);
#1323=ORIENTED_EDGE('',*,*,#975,.T.);
#1324=ORIENTED_EDGE('',*,*,#976,.F.);
#1325=ORIENTED_EDGE('',*,*,#970,.F.);
#1326=ORIENTED_EDGE('',*,*,#966,.T.);
#1327=ORIENTED_EDGE('',*,*,#976,.T.);
#1328=ORIENTED_EDGE('',*,*,#974,.T.);
#1329=ORIENTED_EDGE('',*,*,#977,.T.);
#1330=ORIENTED_EDGE('',*,*,#971,.T.);
#1331=ORIENTED_EDGE('',*,*,#963,.T.);
#1332=ORIENTED_EDGE('',*,*,#972,.T.);
#1333=ORIENTED_EDGE('',*,*,#977,.F.);
#1334=ORIENTED_EDGE('',*,*,#973,.F.);
#1335=ORIENTED_EDGE('',*,*,#969,.T.);
#1336=ORIENTED_EDGE('',*,*,#978,.F.);
#1337=ORIENTED_EDGE('',*,*,#979,.T.);
#1338=ORIENTED_EDGE('',*,*,#980,.F.);
#1339=ORIENTED_EDGE('',*,*,#981,.F.);
#1340=ORIENTED_EDGE('',*,*,#982,.F.);
#1341=ORIENTED_EDGE('',*,*,#981,.T.);
#1342=ORIENTED_EDGE('',*,*,#983,.F.);
#1343=ORIENTED_EDGE('',*,*,#984,.F.);
#1344=ORIENTED_EDGE('',*,*,#985,.F.);
#1345=ORIENTED_EDGE('',*,*,#984,.T.);
#1346=ORIENTED_EDGE('',*,*,#986,.F.);
#1347=ORIENTED_EDGE('',*,*,#979,.F.);
#1348=ORIENTED_EDGE('',*,*,#985,.T.);
#1349=ORIENTED_EDGE('',*,*,#978,.T.);
#1350=ORIENTED_EDGE('',*,*,#982,.T.);
#1351=ORIENTED_EDGE('',*,*,#986,.T.);
#1352=ORIENTED_EDGE('',*,*,#983,.T.);
#1353=ORIENTED_EDGE('',*,*,#980,.T.);
#1354=ORIENTED_EDGE('',*,*,#987,.F.);
#1355=ORIENTED_EDGE('',*,*,#988,.T.);
#1356=ORIENTED_EDGE('',*,*,#989,.F.);
#1357=ORIENTED_EDGE('',*,*,#990,.F.);
#1358=ORIENTED_EDGE('',*,*,#991,.F.);
#1359=ORIENTED_EDGE('',*,*,#990,.T.);
#1360=ORIENTED_EDGE('',*,*,#992,.F.);
#1361=ORIENTED_EDGE('',*,*,#993,.F.);
#1362=ORIENTED_EDGE('',*,*,#994,.F.);
#1363=ORIENTED_EDGE('',*,*,#993,.T.);
#1364=ORIENTED_EDGE('',*,*,#995,.F.);
#1365=ORIENTED_EDGE('',*,*,#988,.F.);
#1366=ORIENTED_EDGE('',*,*,#994,.T.);
#1367=ORIENTED_EDGE('',*,*,#987,.T.);
#1368=ORIENTED_EDGE('',*,*,#991,.T.);
#1369=ORIENTED_EDGE('',*,*,#995,.T.);
#1370=ORIENTED_EDGE('',*,*,#992,.T.);
#1371=ORIENTED_EDGE('',*,*,#989,.T.);
#1372=ORIENTED_EDGE('',*,*,#996,.F.);
#1373=ORIENTED_EDGE('',*,*,#997,.T.);
#1374=ORIENTED_EDGE('',*,*,#998,.F.);
#1375=ORIENTED_EDGE('',*,*,#999,.F.);
#1376=ORIENTED_EDGE('',*,*,#1000,.F.);
#1377=ORIENTED_EDGE('',*,*,#999,.T.);
#1378=ORIENTED_EDGE('',*,*,#1001,.F.);
#1379=ORIENTED_EDGE('',*,*,#1002,.F.);
#1380=ORIENTED_EDGE('',*,*,#1003,.F.);
#1381=ORIENTED_EDGE('',*,*,#1002,.T.);
#1382=ORIENTED_EDGE('',*,*,#1004,.F.);
#1383=ORIENTED_EDGE('',*,*,#997,.F.);
#1384=ORIENTED_EDGE('',*,*,#1003,.T.);
#1385=ORIENTED_EDGE('',*,*,#996,.T.);
#1386=ORIENTED_EDGE('',*,*,#1000,.T.);
#1387=ORIENTED_EDGE('',*,*,#1004,.T.);
#1388=ORIENTED_EDGE('',*,*,#1001,.T.);
#1389=ORIENTED_EDGE('',*,*,#998,.T.);
#1390=ORIENTED_EDGE('',*,*,#1005,.F.);
#1391=ORIENTED_EDGE('',*,*,#1006,.T.);
#1392=ORIENTED_EDGE('',*,*,#1007,.F.);
#1393=ORIENTED_EDGE('',*,*,#1008,.F.);
#1394=ORIENTED_EDGE('',*,*,#1009,.F.);
#1395=ORIENTED_EDGE('',*,*,#1008,.T.);
#1396=ORIENTED_EDGE('',*,*,#1010,.F.);
#1397=ORIENTED_EDGE('',*,*,#1011,.F.);
#1398=ORIENTED_EDGE('',*,*,#1012,.F.);
#1399=ORIENTED_EDGE('',*,*,#1011,.T.);
#1400=ORIENTED_EDGE('',*,*,#1013,.F.);
#1401=ORIENTED_EDGE('',*,*,#1006,.F.);
#1402=ORIENTED_EDGE('',*,*,#1012,.T.);
#1403=ORIENTED_EDGE('',*,*,#1005,.T.);
#1404=ORIENTED_EDGE('',*,*,#1009,.T.);
#1405=ORIENTED_EDGE('',*,*,#1013,.T.);
#1406=ORIENTED_EDGE('',*,*,#1010,.T.);
#1407=ORIENTED_EDGE('',*,*,#1007,.T.);
#1408=ORIENTED_EDGE('',*,*,#1014,.T.);
#1409=ORIENTED_EDGE('',*,*,#1015,.F.);
#1410=ORIENTED_EDGE('',*,*,#1016,.T.);
#1411=ORIENTED_EDGE('',*,*,#1017,.T.);
#1412=ORIENTED_EDGE('',*,*,#1018,.T.);
#1413=ORIENTED_EDGE('',*,*,#1019,.F.);
#1414=ORIENTED_EDGE('',*,*,#1020,.F.);
#1415=ORIENTED_EDGE('',*,*,#1021,.F.);
#1416=ORIENTED_EDGE('',*,*,#1022,.T.);
#1417=ORIENTED_EDGE('',*,*,#1023,.F.);
#1418=ORIENTED_EDGE('',*,*,#1024,.F.);
#1419=ORIENTED_EDGE('',*,*,#1019,.T.);
#1420=ORIENTED_EDGE('',*,*,#1025,.T.);
#1421=ORIENTED_EDGE('',*,*,#1026,.F.);
#1422=ORIENTED_EDGE('',*,*,#1020,.T.);
#1423=ORIENTED_EDGE('',*,*,#1024,.T.);
#1424=ORIENTED_EDGE('',*,*,#1027,.F.);
#1425=ORIENTED_EDGE('',*,*,#1028,.F.);
#1426=ORIENTED_EDGE('',*,*,#1029,.F.);
#1427=ORIENTED_EDGE('',*,*,#1030,.F.);
#1428=ORIENTED_EDGE('',*,*,#1031,.T.);
#1429=ORIENTED_EDGE('',*,*,#1032,.T.);
#1430=ORIENTED_EDGE('',*,*,#1033,.T.);
#1431=ORIENTED_EDGE('',*,*,#1034,.F.);
#1432=ORIENTED_EDGE('',*,*,#1035,.T.);
#1433=ORIENTED_EDGE('',*,*,#1036,.T.);
#1434=ORIENTED_EDGE('',*,*,#1037,.T.);
#1435=ORIENTED_EDGE('',*,*,#1021,.T.);
#1436=ORIENTED_EDGE('',*,*,#1026,.T.);
#1437=ORIENTED_EDGE('',*,*,#1038,.T.);
#1438=ORIENTED_EDGE('',*,*,#1016,.F.);
#1439=ORIENTED_EDGE('',*,*,#1039,.F.);
#1440=ORIENTED_EDGE('',*,*,#1033,.F.);
#1441=ORIENTED_EDGE('',*,*,#1040,.F.);
#1442=ORIENTED_EDGE('',*,*,#1041,.T.);
#1443=ORIENTED_EDGE('',*,*,#1034,.T.);
#1444=ORIENTED_EDGE('',*,*,#1039,.T.);
#1445=ORIENTED_EDGE('',*,*,#1015,.T.);
#1446=ORIENTED_EDGE('',*,*,#1014,.F.);
#1447=ORIENTED_EDGE('',*,*,#1042,.T.);
#1448=ORIENTED_EDGE('',*,*,#1035,.F.);
#1449=ORIENTED_EDGE('',*,*,#1041,.F.);
#1450=ORIENTED_EDGE('',*,*,#1043,.F.);
#1451=ORIENTED_EDGE('',*,*,#1044,.T.);
#1452=ORIENTED_EDGE('',*,*,#1045,.F.);
#1453=ORIENTED_EDGE('',*,*,#1046,.F.);
#1454=ORIENTED_EDGE('',*,*,#1047,.T.);
#1455=ORIENTED_EDGE('',*,*,#1048,.T.);
#1456=ORIENTED_EDGE('',*,*,#1030,.T.);
#1457=ORIENTED_EDGE('',*,*,#1049,.T.);
#1458=ORIENTED_EDGE('',*,*,#1050,.T.);
#1459=ORIENTED_EDGE('',*,*,#1049,.F.);
#1460=ORIENTED_EDGE('',*,*,#1029,.T.);
#1461=ORIENTED_EDGE('',*,*,#1051,.F.);
#1462=ORIENTED_EDGE('',*,*,#1050,.F.);
#1463=ORIENTED_EDGE('',*,*,#1052,.F.);
#1464=ORIENTED_EDGE('',*,*,#1053,.F.);
#1465=ORIENTED_EDGE('',*,*,#1054,.F.);
#1466=ORIENTED_EDGE('',*,*,#1055,.F.);
#1467=ORIENTED_EDGE('',*,*,#1056,.F.);
#1468=ORIENTED_EDGE('',*,*,#1047,.F.);
#1469=ORIENTED_EDGE('',*,*,#1057,.T.);
#1470=ORIENTED_EDGE('',*,*,#1038,.F.);
#1471=ORIENTED_EDGE('',*,*,#1025,.F.);
#1472=ORIENTED_EDGE('',*,*,#1058,.T.);
#1473=ORIENTED_EDGE('',*,*,#1056,.T.);
#1474=ORIENTED_EDGE('',*,*,#1059,.T.);
#1475=ORIENTED_EDGE('',*,*,#1031,.F.);
#1476=ORIENTED_EDGE('',*,*,#1048,.F.);
#1477=ORIENTED_EDGE('',*,*,#1052,.T.);
#1478=ORIENTED_EDGE('',*,*,#1051,.T.);
#1479=ORIENTED_EDGE('',*,*,#1028,.T.);
#1480=ORIENTED_EDGE('',*,*,#1060,.F.);
#1481=ORIENTED_EDGE('',*,*,#1022,.F.);
#1482=ORIENTED_EDGE('',*,*,#1018,.F.);
#1483=ORIENTED_EDGE('',*,*,#1037,.F.);
#1484=ORIENTED_EDGE('',*,*,#1057,.F.);
#1485=ORIENTED_EDGE('',*,*,#1061,.F.);
#1486=ORIENTED_EDGE('',*,*,#1062,.F.);
#1487=ORIENTED_EDGE('',*,*,#1063,.F.);
#1488=ORIENTED_EDGE('',*,*,#1053,.T.);
#1489=ORIENTED_EDGE('',*,*,#1060,.T.);
#1490=ORIENTED_EDGE('',*,*,#1027,.T.);
#1491=ORIENTED_EDGE('',*,*,#1023,.T.);
#1492=ORIENTED_EDGE('',*,*,#1063,.T.);
#1493=ORIENTED_EDGE('',*,*,#1064,.T.);
#1494=ORIENTED_EDGE('',*,*,#1045,.T.);
#1495=ORIENTED_EDGE('',*,*,#1065,.T.);
#1496=ORIENTED_EDGE('',*,*,#1062,.T.);
#1497=ORIENTED_EDGE('',*,*,#1066,.F.);
#1498=ORIENTED_EDGE('',*,*,#1046,.T.);
#1499=ORIENTED_EDGE('',*,*,#1064,.F.);
#1500=ORIENTED_EDGE('',*,*,#1055,.T.);
#1501=ORIENTED_EDGE('',*,*,#1067,.T.);
#1502=ORIENTED_EDGE('',*,*,#1043,.T.);
#1503=ORIENTED_EDGE('',*,*,#1066,.T.);
#1504=ORIENTED_EDGE('',*,*,#1061,.T.);
#1505=ORIENTED_EDGE('',*,*,#1058,.F.);
#1506=ORIENTED_EDGE('',*,*,#1036,.F.);
#1507=ORIENTED_EDGE('',*,*,#1042,.F.);
#1508=ORIENTED_EDGE('',*,*,#1017,.F.);
#1509=ORIENTED_EDGE('',*,*,#1040,.T.);
#1510=ORIENTED_EDGE('',*,*,#1032,.F.);
#1511=ORIENTED_EDGE('',*,*,#1059,.F.);
#1512=ORIENTED_EDGE('',*,*,#1054,.T.);
#1513=ORIENTED_EDGE('',*,*,#1065,.F.);
#1514=ORIENTED_EDGE('',*,*,#1044,.F.);
#1515=ORIENTED_EDGE('',*,*,#1067,.F.);
#1516=PLANE('',#1729);
#1517=PLANE('',#1730);
#1518=PLANE('',#1731);
#1519=PLANE('',#1732);
#1520=PLANE('',#1733);
#1521=PLANE('',#1734);
#1522=PLANE('',#1735);
#1523=PLANE('',#1736);
#1524=PLANE('',#1737);
#1525=PLANE('',#1738);
#1526=PLANE('',#1739);
#1527=PLANE('',#1740);
#1528=PLANE('',#1741);
#1529=PLANE('',#1742);
#1530=PLANE('',#1743);
#1531=PLANE('',#1744);
#1532=PLANE('',#1745);
#1533=PLANE('',#1746);
#1534=PLANE('',#1747);
#1535=PLANE('',#1748);
#1536=PLANE('',#1749);
#1537=PLANE('',#1750);
#1538=PLANE('',#1751);
#1539=PLANE('',#1752);
#1540=PLANE('',#1753);
#1541=PLANE('',#1760);
#1542=PLANE('',#1761);
#1543=PLANE('',#1762);
#1544=PLANE('',#1763);
#1545=PLANE('',#1764);
#1546=PLANE('',#1765);
#1547=PLANE('',#1766);
#1548=PLANE('',#1773);
#1549=PLANE('',#1774);
#1550=PLANE('',#1775);
#1551=PLANE('',#1776);
#1552=PLANE('',#1777);
#1553=PLANE('',#1778);
#1554=PLANE('',#1779);
#1555=PLANE('',#1786);
#1556=PLANE('',#1787);
#1557=PLANE('',#1788);
#1558=PLANE('',#1789);
#1559=PLANE('',#1790);
#1560=PLANE('',#1791);
#1561=PLANE('',#1792);
#1562=PLANE('',#1799);
#1563=PLANE('',#1800);
#1564=PLANE('',#1801);
#1565=PLANE('',#1802);
#1566=PLANE('',#1803);
#1567=PLANE('',#1804);
#1568=PLANE('',#1805);
#1569=PLANE('',#1806);
#1570=PLANE('',#1807);
#1571=PLANE('',#1808);
#1572=PLANE('',#1809);
#1573=PLANE('',#1810);
#1574=PLANE('',#1811);
#1575=PLANE('',#1812);
#1576=PLANE('',#1813);
#1577=PLANE('',#1814);
#1578=PLANE('',#1815);
#1579=PLANE('',#1816);
#1580=PLANE('',#1817);
#1581=PLANE('',#1818);
#1582=PLANE('',#1819);
#1583=PLANE('',#1820);
#1584=PLANE('',#1821);
#1585=PLANE('',#1822);
#1586=PLANE('',#1823);
#1587=PLANE('',#1824);
#1588=PLANE('',#1825);
#1589=PLANE('',#1826);
#1590=PLANE('',#1827);
#1591=PLANE('',#1828);
#1592=PLANE('',#1829);
#1593=PLANE('',#1830);
#1594=PLANE('',#1831);
#1595=PLANE('',#1832);
#1596=PLANE('',#1833);
#1597=PLANE('',#1834);
#1598=PLANE('',#1835);
#1599=PLANE('',#1836);
#1600=PLANE('',#1837);
#1601=PLANE('',#1838);
#1602=PLANE('',#1839);
#1603=PLANE('',#1840);
#1604=PLANE('',#1841);
#1605=PLANE('',#1842);
#1606=PLANE('',#1843);
#1607=ADVANCED_FACE('',(#69),#1516,.F.);
#1608=ADVANCED_FACE('',(#70),#1517,.F.);
#1609=ADVANCED_FACE('',(#71),#1518,.T.);
#1610=ADVANCED_FACE('',(#72),#1519,.F.);
#1611=ADVANCED_FACE('',(#73),#1520,.T.);
#1612=ADVANCED_FACE('',(#74),#1521,.F.);
#1613=ADVANCED_FACE('',(#75),#1522,.T.);
#1614=ADVANCED_FACE('',(#76),#1523,.T.);
#1615=ADVANCED_FACE('',(#77),#1524,.F.);
#1616=ADVANCED_FACE('',(#78),#1525,.F.);
#1617=ADVANCED_FACE('',(#79),#1526,.F.);
#1618=ADVANCED_FACE('',(#80),#1527,.F.);
#1619=ADVANCED_FACE('',(#81),#1528,.T.);
#1620=ADVANCED_FACE('',(#82),#1529,.T.);
#1621=ADVANCED_FACE('',(#83),#1530,.F.);
#1622=ADVANCED_FACE('',(#84),#1531,.T.);
#1623=ADVANCED_FACE('',(#85),#1532,.T.);
#1624=ADVANCED_FACE('',(#86),#1533,.T.);
#1625=ADVANCED_FACE('',(#87),#1534,.F.);
#1626=ADVANCED_FACE('',(#88),#1535,.F.);
#1627=ADVANCED_FACE('',(#89),#1536,.T.);
#1628=ADVANCED_FACE('',(#90),#1537,.T.);
#1629=ADVANCED_FACE('',(#91),#1538,.T.);
#1630=ADVANCED_FACE('',(#92),#1539,.F.);
#1631=ADVANCED_FACE('',(#93,#21),#1540,.F.);
#1632=ADVANCED_FACE('',(#94),#13,.F.);
#1633=ADVANCED_FACE('',(#95),#14,.F.);
#1634=ADVANCED_FACE('',(#96),#1541,.T.);
#1635=ADVANCED_FACE('',(#97),#1542,.T.);
#1636=ADVANCED_FACE('',(#98,#22),#1543,.T.);
#1637=ADVANCED_FACE('',(#99),#1544,.T.);
#1638=ADVANCED_FACE('',(#100,#23),#1545,.T.);
#1639=ADVANCED_FACE('',(#101),#1546,.F.);
#1640=ADVANCED_FACE('',(#102,#24),#1547,.F.);
#1641=ADVANCED_FACE('',(#103),#15,.F.);
#1642=ADVANCED_FACE('',(#104),#16,.F.);
#1643=ADVANCED_FACE('',(#105),#1548,.T.);
#1644=ADVANCED_FACE('',(#106),#1549,.T.);
#1645=ADVANCED_FACE('',(#107,#25),#1550,.T.);
#1646=ADVANCED_FACE('',(#108),#1551,.T.);
#1647=ADVANCED_FACE('',(#109,#26),#1552,.T.);
#1648=ADVANCED_FACE('',(#110),#1553,.F.);
#1649=ADVANCED_FACE('',(#111,#27),#1554,.F.);
#1650=ADVANCED_FACE('',(#112),#17,.F.);
#1651=ADVANCED_FACE('',(#113),#18,.F.);
#1652=ADVANCED_FACE('',(#114),#1555,.T.);
#1653=ADVANCED_FACE('',(#115),#1556,.T.);
#1654=ADVANCED_FACE('',(#116,#28),#1557,.T.);
#1655=ADVANCED_FACE('',(#117),#1558,.T.);
#1656=ADVANCED_FACE('',(#118,#29),#1559,.T.);
#1657=ADVANCED_FACE('',(#119),#1560,.F.);
#1658=ADVANCED_FACE('',(#120,#30),#1561,.F.);
#1659=ADVANCED_FACE('',(#121),#19,.F.);
#1660=ADVANCED_FACE('',(#122),#20,.F.);
#1661=ADVANCED_FACE('',(#123),#1562,.T.);
#1662=ADVANCED_FACE('',(#124),#1563,.T.);
#1663=ADVANCED_FACE('',(#125,#31),#1564,.T.);
#1664=ADVANCED_FACE('',(#126),#1565,.T.);
#1665=ADVANCED_FACE('',(#127,#32),#1566,.T.);
#1666=ADVANCED_FACE('',(#128),#1567,.T.);
#1667=ADVANCED_FACE('',(#129),#1568,.T.);
#1668=ADVANCED_FACE('',(#130),#1569,.T.);
#1669=ADVANCED_FACE('',(#131),#1570,.T.);
#1670=ADVANCED_FACE('',(#132),#1571,.T.);
#1671=ADVANCED_FACE('',(#133),#1572,.T.);
#1672=ADVANCED_FACE('',(#134),#1573,.T.);
#1673=ADVANCED_FACE('',(#135),#1574,.T.);
#1674=ADVANCED_FACE('',(#136),#1575,.T.);
#1675=ADVANCED_FACE('',(#137),#1576,.T.);
#1676=ADVANCED_FACE('',(#138),#1577,.T.);
#1677=ADVANCED_FACE('',(#139),#1578,.T.);
#1678=ADVANCED_FACE('',(#140),#1579,.T.);
#1679=ADVANCED_FACE('',(#141),#1580,.T.);
#1680=ADVANCED_FACE('',(#142),#1581,.T.);
#1681=ADVANCED_FACE('',(#143),#1582,.T.);
#1682=ADVANCED_FACE('',(#144),#1583,.T.);
#1683=ADVANCED_FACE('',(#145),#1584,.T.);
#1684=ADVANCED_FACE('',(#146),#1585,.T.);
#1685=ADVANCED_FACE('',(#147),#1586,.T.);
#1686=ADVANCED_FACE('',(#148),#1587,.F.);
#1687=ADVANCED_FACE('',(#149),#1588,.T.);
#1688=ADVANCED_FACE('',(#150),#1589,.T.);
#1689=ADVANCED_FACE('',(#151),#1590,.T.);
#1690=ADVANCED_FACE('',(#152),#1591,.T.);
#1691=ADVANCED_FACE('',(#153),#1592,.F.);
#1692=ADVANCED_FACE('',(#154),#1593,.T.);
#1693=ADVANCED_FACE('',(#155),#1594,.F.);
#1694=ADVANCED_FACE('',(#156),#1595,.F.);
#1695=ADVANCED_FACE('',(#157),#1596,.T.);
#1696=ADVANCED_FACE('',(#158),#1597,.T.);
#1697=ADVANCED_FACE('',(#159),#1598,.F.);
#1698=ADVANCED_FACE('',(#160),#1599,.F.);
#1699=ADVANCED_FACE('',(#161),#1600,.F.);
#1700=ADVANCED_FACE('',(#162),#1601,.T.);
#1701=ADVANCED_FACE('',(#163),#1602,.F.);
#1702=ADVANCED_FACE('',(#164),#1603,.T.);
#1703=ADVANCED_FACE('',(#165),#1604,.F.);
#1704=ADVANCED_FACE('',(#166),#1605,.F.);
#1705=ADVANCED_FACE('',(#167),#1606,.F.);
#1706=CLOSED_SHELL('',(#1607,#1608,#1609,#1610,#1611,#1612,#1613,#1614,
#1615,#1616,#1617,#1618,#1619,#1620,#1621,#1622,#1623,#1624,#1625,#1626,
#1627,#1628,#1629));
#1707=CLOSED_SHELL('',(#1630,#1631,#1632,#1633,#1634,#1635,#1636,#1637,
#1638));
#1708=CLOSED_SHELL('',(#1639,#1640,#1641,#1642,#1643,#1644,#1645,#1646,
#1647));
#1709=CLOSED_SHELL('',(#1648,#1649,#1650,#1651,#1652,#1653,#1654,#1655,
#1656));
#1710=CLOSED_SHELL('',(#1657,#1658,#1659,#1660,#1661,#1662,#1663,#1664,
#1665));
#1711=CLOSED_SHELL('',(#1666,#1667,#1668,#1669,#1670));
#1712=CLOSED_SHELL('',(#1671,#1672,#1673,#1674,#1675));
#1713=CLOSED_SHELL('',(#1676,#1677,#1678,#1679,#1680));
#1714=CLOSED_SHELL('',(#1681,#1682,#1683,#1684,#1685));
#1715=CLOSED_SHELL('',(#1686,#1687,#1688,#1689,#1690,#1691,#1692,#1693,
#1694,#1695,#1696,#1697,#1698,#1699,#1700,#1701,#1702,#1703,#1704,#1705));
#1716=DERIVED_UNIT_ELEMENT(#1718,1.);
#1717=DERIVED_UNIT_ELEMENT(#2762,-3.);
#1718=(
MASS_UNIT()
NAMED_UNIT(*)
SI_UNIT(.KILO.,.GRAM.)
);
#1719=DERIVED_UNIT((#1716,#1717));
#1720=MEASURE_REPRESENTATION_ITEM('density measure',
POSITIVE_RATIO_MEASURE(7850.),#1719);
#1721=PROPERTY_DEFINITION_REPRESENTATION(#1726,#1723);
#1722=PROPERTY_DEFINITION_REPRESENTATION(#1727,#1724);
#1723=REPRESENTATION('material name',(#1725),#2759);
#1724=REPRESENTATION('density',(#1720),#2759);
#1725=DESCRIPTIVE_REPRESENTATION_ITEM('\X2\94A2\X0\','\X2\94A2\X0\');
#1726=PROPERTY_DEFINITION('material property','material name',#2769);
#1727=PROPERTY_DEFINITION('material property','density of part',#2769);
#1728=AXIS2_PLACEMENT_3D('',#2284,#1844,#1845);
#1729=AXIS2_PLACEMENT_3D('',#2285,#1846,#1847);
#1730=AXIS2_PLACEMENT_3D('',#2300,#1855,#1856);
#1731=AXIS2_PLACEMENT_3D('',#2306,#1860,#1861);
#1732=AXIS2_PLACEMENT_3D('',#2322,#1870,#1871);
#1733=AXIS2_PLACEMENT_3D('',#2331,#1876,#1877);
#1734=AXIS2_PLACEMENT_3D('',#2335,#1880,#1881);
#1735=AXIS2_PLACEMENT_3D('',#2341,#1885,#1886);
#1736=AXIS2_PLACEMENT_3D('',#2345,#1889,#1890);
#1737=AXIS2_PLACEMENT_3D('',#2351,#1894,#1895);
#1738=AXIS2_PLACEMENT_3D('',#2360,#1901,#1902);
#1739=AXIS2_PLACEMENT_3D('',#2364,#1905,#1906);
#1740=AXIS2_PLACEMENT_3D('',#2366,#1908,#1909);
#1741=AXIS2_PLACEMENT_3D('',#2375,#1914,#1915);
#1742=AXIS2_PLACEMENT_3D('',#2381,#1919,#1920);
#1743=AXIS2_PLACEMENT_3D('',#2392,#1928,#1929);
#1744=AXIS2_PLACEMENT_3D('',#2396,#1932,#1933);
#1745=AXIS2_PLACEMENT_3D('',#2398,#1935,#1936);
#1746=AXIS2_PLACEMENT_3D('',#2400,#1938,#1939);
#1747=AXIS2_PLACEMENT_3D('',#2401,#1940,#1941);
#1748=AXIS2_PLACEMENT_3D('',#2403,#1943,#1944);
#1749=AXIS2_PLACEMENT_3D('',#2404,#1945,#1946);
#1750=AXIS2_PLACEMENT_3D('',#2408,#1949,#1950);
#1751=AXIS2_PLACEMENT_3D('',#2410,#1952,#1953);
#1752=AXIS2_PLACEMENT_3D('',#2411,#1954,#1955);
#1753=AXIS2_PLACEMENT_3D('',#2420,#1960,#1961);
#1754=AXIS2_PLACEMENT_3D('',#2422,#1962,#1963);
#1755=AXIS2_PLACEMENT_3D('',#2424,#1964,#1965);
#1756=AXIS2_PLACEMENT_3D('',#2425,#1966,#1967);
#1757=AXIS2_PLACEMENT_3D('',#2427,#1968,#1969);
#1758=AXIS2_PLACEMENT_3D('',#2429,#1971,#1972);
#1759=AXIS2_PLACEMENT_3D('',#2432,#1974,#1975);
#1760=AXIS2_PLACEMENT_3D('',#2433,#1976,#1977);
#1761=AXIS2_PLACEMENT_3D('',#2439,#1981,#1982);
#1762=AXIS2_PLACEMENT_3D('',#2445,#1986,#1987);
#1763=AXIS2_PLACEMENT_3D('',#2447,#1989,#1990);
#1764=AXIS2_PLACEMENT_3D('',#2449,#1992,#1993);
#1765=AXIS2_PLACEMENT_3D('',#2450,#1994,#1995);
#1766=AXIS2_PLACEMENT_3D('',#2459,#2000,#2001);
#1767=AXIS2_PLACEMENT_3D('',#2461,#2002,#2003);
#1768=AXIS2_PLACEMENT_3D('',#2463,#2004,#2005);
#1769=AXIS2_PLACEMENT_3D('',#2464,#2006,#2007);
#1770=AXIS2_PLACEMENT_3D('',#2466,#2008,#2009);
#1771=AXIS2_PLACEMENT_3D('',#2468,#2011,#2012);
#1772=AXIS2_PLACEMENT_3D('',#2471,#2014,#2015);
#1773=AXIS2_PLACEMENT_3D('',#2472,#2016,#2017);
#1774=AXIS2_PLACEMENT_3D('',#2478,#2021,#2022);
#1775=AXIS2_PLACEMENT_3D('',#2484,#2026,#2027);
#1776=AXIS2_PLACEMENT_3D('',#2486,#2029,#2030);
#1777=AXIS2_PLACEMENT_3D('',#2488,#2032,#2033);
#1778=AXIS2_PLACEMENT_3D('',#2489,#2034,#2035);
#1779=AXIS2_PLACEMENT_3D('',#2498,#2040,#2041);
#1780=AXIS2_PLACEMENT_3D('',#2500,#2042,#2043);
#1781=AXIS2_PLACEMENT_3D('',#2502,#2044,#2045);
#1782=AXIS2_PLACEMENT_3D('',#2503,#2046,#2047);
#1783=AXIS2_PLACEMENT_3D('',#2505,#2048,#2049);
#1784=AXIS2_PLACEMENT_3D('',#2507,#2051,#2052);
#1785=AXIS2_PLACEMENT_3D('',#2510,#2054,#2055);
#1786=AXIS2_PLACEMENT_3D('',#2511,#2056,#2057);
#1787=AXIS2_PLACEMENT_3D('',#2517,#2061,#2062);
#1788=AXIS2_PLACEMENT_3D('',#2523,#2066,#2067);
#1789=AXIS2_PLACEMENT_3D('',#2525,#2069,#2070);
#1790=AXIS2_PLACEMENT_3D('',#2527,#2072,#2073);
#1791=AXIS2_PLACEMENT_3D('',#2528,#2074,#2075);
#1792=AXIS2_PLACEMENT_3D('',#2537,#2080,#2081);
#1793=AXIS2_PLACEMENT_3D('',#2539,#2082,#2083);
#1794=AXIS2_PLACEMENT_3D('',#2541,#2084,#2085);
#1795=AXIS2_PLACEMENT_3D('',#2542,#2086,#2087);
#1796=AXIS2_PLACEMENT_3D('',#2544,#2088,#2089);
#1797=AXIS2_PLACEMENT_3D('',#2546,#2091,#2092);
#1798=AXIS2_PLACEMENT_3D('',#2549,#2094,#2095);
#1799=AXIS2_PLACEMENT_3D('',#2550,#2096,#2097);
#1800=AXIS2_PLACEMENT_3D('',#2556,#2101,#2102);
#1801=AXIS2_PLACEMENT_3D('',#2562,#2106,#2107);
#1802=AXIS2_PLACEMENT_3D('',#2564,#2109,#2110);
#1803=AXIS2_PLACEMENT_3D('',#2566,#2112,#2113);
#1804=AXIS2_PLACEMENT_3D('',#2567,#2114,#2115);
#1805=AXIS2_PLACEMENT_3D('',#2576,#2120,#2121);
#1806=AXIS2_PLACEMENT_3D('',#2582,#2125,#2126);
#1807=AXIS2_PLACEMENT_3D('',#2585,#2129,#2130);
#1808=AXIS2_PLACEMENT_3D('',#2586,#2131,#2132);
#1809=AXIS2_PLACEMENT_3D('',#2587,#2133,#2134);
#1810=AXIS2_PLACEMENT_3D('',#2596,#2139,#2140);
#1811=AXIS2_PLACEMENT_3D('',#2602,#2144,#2145);
#1812=AXIS2_PLACEMENT_3D('',#2605,#2148,#2149);
#1813=AXIS2_PLACEMENT_3D('',#2606,#2150,#2151);
#1814=AXIS2_PLACEMENT_3D('',#2607,#2152,#2153);
#1815=AXIS2_PLACEMENT_3D('',#2616,#2158,#2159);
#1816=AXIS2_PLACEMENT_3D('',#2622,#2163,#2164);
#1817=AXIS2_PLACEMENT_3D('',#2625,#2167,#2168);
#1818=AXIS2_PLACEMENT_3D('',#2626,#2169,#2170);
#1819=AXIS2_PLACEMENT_3D('',#2627,#2171,#2172);
#1820=AXIS2_PLACEMENT_3D('',#2636,#2177,#2178);
#1821=AXIS2_PLACEMENT_3D('',#2642,#2182,#2183);
#1822=AXIS2_PLACEMENT_3D('',#2645,#2186,#2187);
#1823=AXIS2_PLACEMENT_3D('',#2646,#2188,#2189);
#1824=AXIS2_PLACEMENT_3D('',#2647,#2190,#2191);
#1825=AXIS2_PLACEMENT_3D('',#2656,#2196,#2197);
#1826=AXIS2_PLACEMENT_3D('',#2665,#2202,#2203);
#1827=AXIS2_PLACEMENT_3D('',#2671,#2207,#2208);
#1828=AXIS2_PLACEMENT_3D('',#2695,#2221,#2222);
#1829=AXIS2_PLACEMENT_3D('',#2699,#2225,#2226);
#1830=AXIS2_PLACEMENT_3D('',#2702,#2229,#2230);
#1831=AXIS2_PLACEMENT_3D('',#2704,#2232,#2233);
#1832=AXIS2_PLACEMENT_3D('',#2706,#2235,#2236);
#1833=AXIS2_PLACEMENT_3D('',#2715,#2241,#2242);
#1834=AXIS2_PLACEMENT_3D('',#2721,#2246,#2247);
#1835=AXIS2_PLACEMENT_3D('',#2725,#2250,#2251);
#1836=AXIS2_PLACEMENT_3D('',#2735,#2257,#2258);
#1837=AXIS2_PLACEMENT_3D('',#2739,#2261,#2262);
#1838=AXIS2_PLACEMENT_3D('',#2741,#2264,#2265);
#1839=AXIS2_PLACEMENT_3D('',#2743,#2267,#2268);
#1840=AXIS2_PLACEMENT_3D('',#2749,#2272,#2273);
#1841=AXIS2_PLACEMENT_3D('',#2752,#2276,#2277);
#1842=AXIS2_PLACEMENT_3D('',#2754,#2279,#2280);
#1843=AXIS2_PLACEMENT_3D('',#2756,#2282,#2283);
#1844=DIRECTION('axis',(0.,0.,1.));
#1845=DIRECTION('refdir',(1.,0.,0.));
#1846=DIRECTION('center_axis',(-1.,0.,2.7755575615629E-16));
#1847=DIRECTION('ref_axis',(2.7755575615629E-16,0.,1.));
#1848=DIRECTION('',(0.,0.,1.));
#1849=DIRECTION('',(0.,-1.,0.));
#1850=DIRECTION('',(-2.7755575615629E-16,0.,-1.));
#1851=DIRECTION('',(0.,0.,-1.));
#1852=DIRECTION('',(0.,1.,0.));
#1853=DIRECTION('',(0.,0.,1.));
#1854=DIRECTION('',(0.,-1.,0.));
#1855=DIRECTION('center_axis',(0.,1.,0.));
#1856=DIRECTION('ref_axis',(-1.,0.,0.));
#1857=DIRECTION('',(1.,0.,0.));
#1858=DIRECTION('',(0.,0.,1.));
#1859=DIRECTION('',(-1.,0.,0.));
#1860=DIRECTION('center_axis',(0.,0.,1.));
#1861=DIRECTION('ref_axis',(1.,0.,0.));
#1862=DIRECTION('',(0.,1.,0.));
#1863=DIRECTION('',(-1.,0.,0.));
#1864=DIRECTION('',(0.,1.,0.));
#1865=DIRECTION('',(1.,0.,0.));
#1866=DIRECTION('',(1.,0.,0.));
#1867=DIRECTION('',(1.,0.,0.));
#1868=DIRECTION('',(0.,1.,0.));
#1869=DIRECTION('',(-1.,0.,0.));
#1870=DIRECTION('center_axis',(0.,-1.,0.));
#1871=DIRECTION('ref_axis',(1.,0.,0.));
#1872=DIRECTION('',(0.,0.,-1.));
#1873=DIRECTION('',(1.,0.,0.));
#1874=DIRECTION('',(0.,0.,-1.));
#1875=DIRECTION('',(-1.,0.,0.));
#1876=DIRECTION('center_axis',(0.,1.,0.));
#1877=DIRECTION('ref_axis',(-1.,0.,0.));
#1878=DIRECTION('',(-1.,0.,0.));
#1879=DIRECTION('',(0.,0.,1.));
#1880=DIRECTION('center_axis',(0.,1.,0.));
#1881=DIRECTION('ref_axis',(-1.,0.,0.));
#1882=DIRECTION('',(1.,0.,0.));
#1883=DIRECTION('',(0.,0.,1.));
#1884=DIRECTION('',(-1.,0.,0.));
#1885=DIRECTION('center_axis',(0.,1.,0.));
#1886=DIRECTION('ref_axis',(-1.,0.,0.));
#1887=DIRECTION('',(1.,0.,0.));
#1888=DIRECTION('',(0.,0.,1.));
#1889=DIRECTION('center_axis',(0.,0.,-1.));
#1890=DIRECTION('ref_axis',(-1.,0.,0.));
#1891=DIRECTION('',(0.,1.,0.));
#1892=DIRECTION('',(1.,0.,0.));
#1893=DIRECTION('',(-1.,0.,0.));
#1894=DIRECTION('center_axis',(-1.,0.,2.7755575615629E-16));
#1895=DIRECTION('ref_axis',(2.7755575615629E-16,0.,1.));
#1896=DIRECTION('',(2.7755575615629E-16,0.,1.));
#1897=DIRECTION('',(0.,-1.,0.));
#1898=DIRECTION('',(0.,-1.,0.));
#1899=DIRECTION('',(0.,0.,-1.));
#1900=DIRECTION('',(0.,0.,1.));
#1901=DIRECTION('center_axis',(-1.,0.,0.));
#1902=DIRECTION('ref_axis',(0.,-1.,0.));
#1903=DIRECTION('',(0.,-1.,0.));
#1904=DIRECTION('',(0.,0.,1.));
#1905=DIRECTION('center_axis',(0.,-1.,0.));
#1906=DIRECTION('ref_axis',(1.,0.,0.));
#1907=DIRECTION('',(1.,0.,0.));
#1908=DIRECTION('center_axis',(0.,-1.,0.));
#1909=DIRECTION('ref_axis',(0.,0.,1.));
#1910=DIRECTION('',(0.,0.,1.));
#1911=DIRECTION('',(1.,0.,0.));
#1912=DIRECTION('',(0.,0.,-1.));
#1913=DIRECTION('',(-1.,0.,0.));
#1914=DIRECTION('center_axis',(0.,0.,-1.));
#1915=DIRECTION('ref_axis',(-1.,0.,0.));
#1916=DIRECTION('',(0.,-1.,0.));
#1917=DIRECTION('',(-1.,0.,0.));
#1918=DIRECTION('',(0.,1.,0.));
#1919=DIRECTION('center_axis',(-1.,0.,0.));
#1920=DIRECTION('ref_axis',(0.,-1.,0.));
#1921=DIRECTION('',(0.,-1.,0.));
#1922=DIRECTION('',(0.,0.,1.));
#1923=DIRECTION('',(0.,-1.,0.));
#1924=DIRECTION('',(0.,1.,0.));
#1925=DIRECTION('',(0.,0.,1.));
#1926=DIRECTION('',(0.,0.,1.));
#1927=DIRECTION('',(0.,0.,-1.));
#1928=DIRECTION('center_axis',(0.,1.,0.));
#1929=DIRECTION('ref_axis',(0.,0.,-1.));
#1930=DIRECTION('',(0.,0.,-1.));
#1931=DIRECTION('',(-1.,0.,0.));
#1932=DIRECTION('center_axis',(0.,0.,-1.));
#1933=DIRECTION('ref_axis',(-1.,0.,0.));
#1934=DIRECTION('',(-1.,0.,0.));
#1935=DIRECTION('center_axis',(0.,-1.,0.));
#1936=DIRECTION('ref_axis',(1.,0.,0.));
#1937=DIRECTION('',(1.,0.,0.));
#1938=DIRECTION('center_axis',(0.,-1.,0.));
#1939=DIRECTION('ref_axis',(1.,0.,0.));
#1940=DIRECTION('center_axis',(0.,0.,1.));
#1941=DIRECTION('ref_axis',(1.,0.,0.));
#1942=DIRECTION('',(0.,1.,0.));
#1943=DIRECTION('center_axis',(-1.,0.,0.));
#1944=DIRECTION('ref_axis',(0.,-1.,0.));
#1945=DIRECTION('center_axis',(0.,1.,0.));
#1946=DIRECTION('ref_axis',(-1.,0.,0.));
#1947=DIRECTION('',(-1.,0.,0.));
#1948=DIRECTION('',(0.,0.,-1.));
#1949=DIRECTION('center_axis',(0.,1.,0.));
#1950=DIRECTION('ref_axis',(-1.,0.,0.));
#1951=DIRECTION('',(0.,0.,-1.));
#1952=DIRECTION('center_axis',(0.,1.,0.));
#1953=DIRECTION('ref_axis',(0.,0.,1.));
#1954=DIRECTION('center_axis',(0.,1.,0.));
#1955=DIRECTION('ref_axis',(0.,0.,1.));
#1956=DIRECTION('',(0.,0.,1.));
#1957=DIRECTION('',(-1.,0.,0.));
#1958=DIRECTION('',(0.,0.,-1.));
#1959=DIRECTION('',(-1.,0.,0.));
#1960=DIRECTION('center_axis',(0.,0.,-1.));
#1961=DIRECTION('ref_axis',(1.,0.,0.));
#1962=DIRECTION('center_axis',(0.,0.,-1.));
#1963=DIRECTION('ref_axis',(1.,0.,0.));
#1964=DIRECTION('center_axis',(0.,0.,-1.));
#1965=DIRECTION('ref_axis',(1.,0.,0.));
#1966=DIRECTION('center_axis',(0.,0.,-1.));
#1967=DIRECTION('ref_axis',(1.,0.,0.));
#1968=DIRECTION('center_axis',(0.,0.,-1.));
#1969=DIRECTION('ref_axis',(1.,0.,0.));
#1970=DIRECTION('',(0.,0.,-1.));
#1971=DIRECTION('center_axis',(0.,0.,-1.));
#1972=DIRECTION('ref_axis',(1.,0.,0.));
#1973=DIRECTION('',(0.,0.,-1.));
#1974=DIRECTION('center_axis',(0.,0.,1.));
#1975=DIRECTION('ref_axis',(1.,0.,0.));
#1976=DIRECTION('center_axis',(-1.,0.,0.));
#1977=DIRECTION('ref_axis',(0.,0.,1.));
#1978=DIRECTION('',(0.,1.,0.));
#1979=DIRECTION('',(0.,0.,1.));
#1980=DIRECTION('',(0.,1.,0.));
#1981=DIRECTION('center_axis',(1.,0.,0.));
#1982=DIRECTION('ref_axis',(0.,0.,-1.));
#1983=DIRECTION('',(0.,1.,0.));
#1984=DIRECTION('',(0.,0.,-1.));
#1985=DIRECTION('',(0.,1.,0.));
#1986=DIRECTION('center_axis',(0.,0.,1.));
#1987=DIRECTION('ref_axis',(1.,0.,0.));
#1988=DIRECTION('',(1.,0.,0.));
#1989=DIRECTION('center_axis',(0.,1.,0.));
#1990=DIRECTION('ref_axis',(0.,0.,1.));
#1991=DIRECTION('',(-1.,0.,0.));
#1992=DIRECTION('center_axis',(0.,0.,-1.));
#1993=DIRECTION('ref_axis',(-1.,0.,0.));
#1994=DIRECTION('center_axis',(0.,1.,0.));
#1995=DIRECTION('ref_axis',(0.,0.,1.));
#1996=DIRECTION('',(0.,0.,1.));
#1997=DIRECTION('',(-1.,0.,0.));
#1998=DIRECTION('',(0.,0.,-1.));
#1999=DIRECTION('',(-1.,0.,0.));
#2000=DIRECTION('center_axis',(0.,0.,-1.));
#2001=DIRECTION('ref_axis',(1.,0.,0.));
#2002=DIRECTION('center_axis',(0.,0.,-1.));
#2003=DIRECTION('ref_axis',(1.,0.,0.));
#2004=DIRECTION('center_axis',(0.,0.,-1.));
#2005=DIRECTION('ref_axis',(1.,0.,0.));
#2006=DIRECTION('center_axis',(0.,0.,-1.));
#2007=DIRECTION('ref_axis',(1.,0.,0.));
#2008=DIRECTION('center_axis',(0.,0.,-1.));
#2009=DIRECTION('ref_axis',(1.,0.,0.));
#2010=DIRECTION('',(0.,0.,-1.));
#2011=DIRECTION('center_axis',(0.,0.,-1.));
#2012=DIRECTION('ref_axis',(1.,0.,0.));
#2013=DIRECTION('',(0.,0.,-1.));
#2014=DIRECTION('center_axis',(0.,0.,1.));
#2015=DIRECTION('ref_axis',(1.,0.,0.));
#2016=DIRECTION('center_axis',(-1.,0.,0.));
#2017=DIRECTION('ref_axis',(0.,0.,1.));
#2018=DIRECTION('',(0.,1.,0.));
#2019=DIRECTION('',(0.,0.,1.));
#2020=DIRECTION('',(0.,1.,0.));
#2021=DIRECTION('center_axis',(1.,0.,0.));
#2022=DIRECTION('ref_axis',(0.,0.,-1.));
#2023=DIRECTION('',(0.,1.,0.));
#2024=DIRECTION('',(0.,0.,-1.));
#2025=DIRECTION('',(0.,1.,0.));
#2026=DIRECTION('center_axis',(0.,0.,1.));
#2027=DIRECTION('ref_axis',(1.,0.,0.));
#2028=DIRECTION('',(1.,0.,0.));
#2029=DIRECTION('center_axis',(0.,1.,0.));
#2030=DIRECTION('ref_axis',(0.,0.,1.));
#2031=DIRECTION('',(-1.,0.,0.));
#2032=DIRECTION('center_axis',(0.,0.,-1.));
#2033=DIRECTION('ref_axis',(-1.,0.,0.));
#2034=DIRECTION('center_axis',(-1.22464679914735E-16,-1.,0.));
#2035=DIRECTION('ref_axis',(0.,0.,1.));
#2036=DIRECTION('',(0.,0.,1.));
#2037=DIRECTION('',(1.,-1.22464679914735E-16,0.));
#2038=DIRECTION('',(0.,0.,-1.));
#2039=DIRECTION('',(1.,-1.22464679914735E-16,0.));
#2040=DIRECTION('center_axis',(0.,0.,-1.));
#2041=DIRECTION('ref_axis',(-1.,1.22464679914735E-16,0.));
#2042=DIRECTION('center_axis',(0.,0.,-1.));
#2043=DIRECTION('ref_axis',(-1.,1.22464679914735E-16,0.));
#2044=DIRECTION('center_axis',(0.,0.,-1.));
#2045=DIRECTION('ref_axis',(-1.,1.22464679914735E-16,0.));
#2046=DIRECTION('center_axis',(0.,0.,-1.));
#2047=DIRECTION('ref_axis',(-1.,1.22464679914735E-16,0.));
#2048=DIRECTION('center_axis',(0.,0.,-1.));
#2049=DIRECTION('ref_axis',(-1.,1.22464679914735E-16,0.));
#2050=DIRECTION('',(0.,0.,-1.));
#2051=DIRECTION('center_axis',(0.,0.,-1.));
#2052=DIRECTION('ref_axis',(-1.,1.22464679914735E-16,0.));
#2053=DIRECTION('',(0.,0.,-1.));
#2054=DIRECTION('center_axis',(0.,0.,1.));
#2055=DIRECTION('ref_axis',(-1.,1.22464679914735E-16,0.));
#2056=DIRECTION('center_axis',(1.,-1.22464679914735E-16,0.));
#2057=DIRECTION('ref_axis',(0.,0.,1.));
#2058=DIRECTION('',(-1.22464679914735E-16,-1.,0.));
#2059=DIRECTION('',(0.,0.,1.));
#2060=DIRECTION('',(-1.22464679914735E-16,-1.,0.));
#2061=DIRECTION('center_axis',(-1.,1.22464679914735E-16,0.));
#2062=DIRECTION('ref_axis',(0.,0.,-1.));
#2063=DIRECTION('',(-1.22464679914735E-16,-1.,0.));
#2064=DIRECTION('',(0.,0.,-1.));
#2065=DIRECTION('',(-1.22464679914735E-16,-1.,0.));
#2066=DIRECTION('center_axis',(0.,0.,1.));
#2067=DIRECTION('ref_axis',(-1.,1.22464679914735E-16,0.));
#2068=DIRECTION('',(-1.,1.22464679914735E-16,0.));
#2069=DIRECTION('center_axis',(-1.22464679914735E-16,-1.,0.));
#2070=DIRECTION('ref_axis',(0.,0.,1.));
#2071=DIRECTION('',(1.,-1.22464679914735E-16,0.));
#2072=DIRECTION('center_axis',(0.,0.,-1.));
#2073=DIRECTION('ref_axis',(1.,-1.22464679914735E-16,0.));
#2074=DIRECTION('center_axis',(1.22464679914735E-16,-1.,0.));
#2075=DIRECTION('ref_axis',(0.,0.,1.));
#2076=DIRECTION('',(0.,0.,1.));
#2077=DIRECTION('',(1.,1.22464679914735E-16,0.));
#2078=DIRECTION('',(0.,0.,-1.));
#2079=DIRECTION('',(1.,1.22464679914735E-16,0.));
#2080=DIRECTION('center_axis',(0.,0.,-1.));
#2081=DIRECTION('ref_axis',(-1.,-1.22464679914735E-16,0.));
#2082=DIRECTION('center_axis',(0.,0.,-1.));
#2083=DIRECTION('ref_axis',(-1.,-1.22464679914735E-16,0.));
#2084=DIRECTION('center_axis',(0.,0.,-1.));
#2085=DIRECTION('ref_axis',(-1.,-1.22464679914735E-16,0.));
#2086=DIRECTION('center_axis',(0.,0.,-1.));
#2087=DIRECTION('ref_axis',(-1.,-1.22464679914735E-16,0.));
#2088=DIRECTION('center_axis',(0.,0.,-1.));
#2089=DIRECTION('ref_axis',(-1.,-1.22464679914735E-16,0.));
#2090=DIRECTION('',(0.,0.,-1.));
#2091=DIRECTION('center_axis',(0.,0.,-1.));
#2092=DIRECTION('ref_axis',(-1.,-1.22464679914735E-16,0.));
#2093=DIRECTION('',(0.,0.,-1.));
#2094=DIRECTION('center_axis',(0.,0.,1.));
#2095=DIRECTION('ref_axis',(-1.,-1.22464679914735E-16,0.));
#2096=DIRECTION('center_axis',(1.,1.22464679914735E-16,0.));
#2097=DIRECTION('ref_axis',(0.,0.,1.));
#2098=DIRECTION('',(1.22464679914735E-16,-1.,0.));
#2099=DIRECTION('',(0.,0.,1.));
#2100=DIRECTION('',(1.22464679914735E-16,-1.,0.));
#2101=DIRECTION('center_axis',(-1.,-1.22464679914735E-16,0.));
#2102=DIRECTION('ref_axis',(0.,0.,-1.));
#2103=DIRECTION('',(1.22464679914735E-16,-1.,0.));
#2104=DIRECTION('',(0.,0.,-1.));
#2105=DIRECTION('',(1.22464679914735E-16,-1.,0.));
#2106=DIRECTION('center_axis',(0.,0.,1.));
#2107=DIRECTION('ref_axis',(-1.,-1.22464679914735E-16,0.));
#2108=DIRECTION('',(-1.,-1.22464679914735E-16,0.));
#2109=DIRECTION('center_axis',(1.22464679914735E-16,-1.,0.));
#2110=DIRECTION('ref_axis',(0.,0.,1.));
#2111=DIRECTION('',(1.,1.22464679914735E-16,0.));
#2112=DIRECTION('center_axis',(0.,0.,-1.));
#2113=DIRECTION('ref_axis',(1.,1.22464679914735E-16,0.));
#2114=DIRECTION('center_axis',(0.,1.,0.));
#2115=DIRECTION('ref_axis',(0.,0.,1.));
#2116=DIRECTION('',(0.,0.,-1.));
#2117=DIRECTION('',(1.,0.,0.));
#2118=DIRECTION('',(0.,0.,1.));
#2119=DIRECTION('',(1.,0.,0.));
#2120=DIRECTION('center_axis',(0.,0.,-1.));
#2121=DIRECTION('ref_axis',(1.22464679914735E-16,1.,0.));
#2122=DIRECTION('',(-1.22464679914735E-16,-1.,0.));
#2123=DIRECTION('',(1.22464679914735E-16,1.,0.));
#2124=DIRECTION('',(1.,0.,0.));
#2125=DIRECTION('center_axis',(0.,-0.933381685831259,0.358885258202112));
#2126=DIRECTION('ref_axis',(-4.39507682718386E-17,-0.358885258202112,-0.933381685831259));
#2127=DIRECTION('',(4.39507682718386E-17,0.358885258202112,0.933381685831259));
#2128=DIRECTION('',(-4.39507682718386E-17,-0.358885258202112,-0.933381685831259));
#2129=DIRECTION('center_axis',(-1.,1.22464679914735E-16,0.));
#2130=DIRECTION('ref_axis',(-1.22464679914735E-16,-1.,0.));
#2131=DIRECTION('center_axis',(1.,0.,0.));
#2132=DIRECTION('ref_axis',(0.,0.,-1.));
#2133=DIRECTION('center_axis',(0.,1.,0.));
#2134=DIRECTION('ref_axis',(0.,0.,1.));
#2135=DIRECTION('',(0.,0.,-1.));
#2136=DIRECTION('',(1.,0.,0.));
#2137=DIRECTION('',(0.,0.,1.));
#2138=DIRECTION('',(1.,0.,0.));
#2139=DIRECTION('center_axis',(0.,0.,-1.));
#2140=DIRECTION('ref_axis',(1.22464679914735E-16,1.,0.));
#2141=DIRECTION('',(-1.22464679914735E-16,-1.,0.));
#2142=DIRECTION('',(1.22464679914735E-16,1.,0.));
#2143=DIRECTION('',(1.,0.,0.));
#2144=DIRECTION('center_axis',(0.,-0.933381685831259,0.358885258202112));
#2145=DIRECTION('ref_axis',(-4.39507682718386E-17,-0.358885258202112,-0.933381685831259));
#2146=DIRECTION('',(4.39507682718386E-17,0.358885258202112,0.933381685831259));
#2147=DIRECTION('',(-4.39507682718386E-17,-0.358885258202112,-0.933381685831259));
#2148=DIRECTION('center_axis',(-1.,1.22464679914735E-16,0.));
#2149=DIRECTION('ref_axis',(-1.22464679914735E-16,-1.,0.));
#2150=DIRECTION('center_axis',(1.,0.,0.));
#2151=DIRECTION('ref_axis',(0.,0.,-1.));
#2152=DIRECTION('center_axis',(1.22464679914735E-16,-1.,0.));
#2153=DIRECTION('ref_axis',(0.,0.,1.));
#2154=DIRECTION('',(0.,0.,-1.));
#2155=DIRECTION('',(-1.,-1.22464679914735E-16,0.));
#2156=DIRECTION('',(0.,0.,1.));
#2157=DIRECTION('',(-1.,-1.22464679914735E-16,0.));
#2158=DIRECTION('center_axis',(0.,0.,-1.));
#2159=DIRECTION('ref_axis',(3.20474742746036E-31,-1.,0.));
#2160=DIRECTION('',(-3.20474742746036E-31,1.,0.));
#2161=DIRECTION('',(3.20474742746036E-31,-1.,0.));
#2162=DIRECTION('',(-1.,-1.22464679914735E-16,0.));
#2163=DIRECTION('center_axis',(-1.14306289393601E-16,0.933381685831259,
0.358885258202112));
#2164=DIRECTION('ref_axis',(-1.23259516440783E-31,0.358885258202112,-0.933381685831259));
#2165=DIRECTION('',(1.17096540618744E-31,-0.358885258202112,0.933381685831259));
#2166=DIRECTION('',(-1.17096540618744E-31,0.358885258202112,-0.933381685831259));
#2167=DIRECTION('center_axis',(1.,3.20474742746036E-31,0.));
#2168=DIRECTION('ref_axis',(-3.20474742746036E-31,1.,0.));
#2169=DIRECTION('center_axis',(-1.,-1.22464679914735E-16,0.));
#2170=DIRECTION('ref_axis',(0.,0.,-1.));
#2171=DIRECTION('center_axis',(1.22464679914735E-16,-1.,0.));
#2172=DIRECTION('ref_axis',(0.,0.,1.));
#2173=DIRECTION('',(0.,0.,-1.));
#2174=DIRECTION('',(-1.,-1.22464679914735E-16,0.));
#2175=DIRECTION('',(0.,0.,1.));
#2176=DIRECTION('',(-1.,-1.22464679914735E-16,0.));
#2177=DIRECTION('center_axis',(0.,0.,-1.));
#2178=DIRECTION('ref_axis',(3.20474742746036E-31,-1.,0.));
#2179=DIRECTION('',(-3.20474742746036E-31,1.,0.));
#2180=DIRECTION('',(3.20474742746036E-31,-1.,0.));
#2181=DIRECTION('',(-1.,-1.22464679914735E-16,0.));
#2182=DIRECTION('center_axis',(-1.14306289393601E-16,0.933381685831259,
0.358885258202112));
#2183=DIRECTION('ref_axis',(-1.23259516440783E-31,0.358885258202112,-0.933381685831259));
#2184=DIRECTION('',(1.17096540618744E-31,-0.358885258202112,0.933381685831259));
#2185=DIRECTION('',(-1.17096540618744E-31,0.358885258202112,-0.933381685831259));
#2186=DIRECTION('center_axis',(1.,3.20474742746036E-31,0.));
#2187=DIRECTION('ref_axis',(-3.20474742746036E-31,1.,0.));
#2188=DIRECTION('center_axis',(-1.,-1.22464679914735E-16,0.));
#2189=DIRECTION('ref_axis',(0.,0.,-1.));
#2190=DIRECTION('center_axis',(1.,0.,0.));
#2191=DIRECTION('ref_axis',(0.,1.,0.));
#2192=DIRECTION('',(0.,0.,-1.));
#2193=DIRECTION('',(0.,1.,0.));
#2194=DIRECTION('',(0.,0.,1.));
#2195=DIRECTION('',(0.,-1.,0.));
#2196=DIRECTION('center_axis',(0.,1.,0.));
#2197=DIRECTION('ref_axis',(-1.,0.,0.));
#2198=DIRECTION('',(0.,0.,1.));
#2199=DIRECTION('',(-1.,0.,0.));
#2200=DIRECTION('',(0.,0.,1.));
#2201=DIRECTION('',(1.,0.,0.));
#2202=DIRECTION('center_axis',(0.,1.,0.));
#2203=DIRECTION('ref_axis',(-1.,0.,0.));
#2204=DIRECTION('',(0.,0.,1.));
#2205=DIRECTION('',(1.,0.,0.));
#2206=DIRECTION('',(0.,0.,1.));
#2207=DIRECTION('center_axis',(1.,0.,0.));
#2208=DIRECTION('ref_axis',(0.,1.,0.));
#2209=DIRECTION('',(0.,0.,-1.));
#2210=DIRECTION('',(0.,-1.,0.));
#2211=DIRECTION('',(0.,-1.,0.));
#2212=DIRECTION('',(0.,0.,1.));
#2213=DIRECTION('',(0.,0.,1.));
#2214=DIRECTION('',(0.,-1.,0.));
#2215=DIRECTION('',(0.,0.,1.));
#2216=DIRECTION('',(0.,1.,0.));
#2217=DIRECTION('',(0.,0.,-1.));
#2218=DIRECTION('',(0.,-1.,0.));
#2219=DIRECTION('',(0.,0.,1.));
#2220=DIRECTION('',(0.,1.,0.));
#2221=DIRECTION('center_axis',(0.,0.,-1.));
#2222=DIRECTION('ref_axis',(-1.,0.,0.));
#2223=DIRECTION('',(0.,1.,0.));
#2224=DIRECTION('',(-1.,0.,0.));
#2225=DIRECTION('center_axis',(0.,1.,0.));
#2226=DIRECTION('ref_axis',(0.,0.,1.));
#2227=DIRECTION('',(-1.,0.,0.));
#2228=DIRECTION('',(1.,0.,0.));
#2229=DIRECTION('center_axis',(0.,0.,-1.));
#2230=DIRECTION('ref_axis',(-1.,0.,0.));
#2231=DIRECTION('',(1.,0.,0.));
#2232=DIRECTION('center_axis',(0.,-1.,0.));
#2233=DIRECTION('ref_axis',(0.,0.,-1.));
#2234=DIRECTION('',(1.,0.,0.));
#2235=DIRECTION('center_axis',(1.,0.,0.));
#2236=DIRECTION('ref_axis',(0.,1.,0.));
#2237=DIRECTION('',(0.,1.,0.));
#2238=DIRECTION('',(0.,0.,1.));
#2239=DIRECTION('',(0.,-1.,0.));
#2240=DIRECTION('',(0.,0.,1.));
#2241=DIRECTION('center_axis',(0.,0.,-1.));
#2242=DIRECTION('ref_axis',(-1.,0.,0.));
#2243=DIRECTION('',(0.,1.,0.));
#2244=DIRECTION('',(1.,0.,0.));
#2245=DIRECTION('',(-1.,0.,0.));
#2246=DIRECTION('center_axis',(0.,-1.,0.));
#2247=DIRECTION('ref_axis',(1.,0.,0.));
#2248=DIRECTION('',(0.,0.,-1.));
#2249=DIRECTION('',(1.,0.,0.));
#2250=DIRECTION('center_axis',(1.,0.,0.));
#2251=DIRECTION('ref_axis',(0.,0.,-1.));
#2252=DIRECTION('',(0.,0.,-1.));
#2253=DIRECTION('',(0.,-1.,0.));
#2254=DIRECTION('',(0.,0.,1.));
#2255=DIRECTION('',(0.,1.,0.));
#2256=DIRECTION('',(0.,0.,1.));
#2257=DIRECTION('center_axis',(0.,1.,0.));
#2258=DIRECTION('ref_axis',(-1.,0.,0.));
#2259=DIRECTION('',(0.,0.,-1.));
#2260=DIRECTION('',(1.,0.,0.));
#2261=DIRECTION('center_axis',(0.,-1.,0.));
#2262=DIRECTION('ref_axis',(1.,0.,0.));
#2263=DIRECTION('',(-1.,0.,0.));
#2264=DIRECTION('center_axis',(0.,-1.,0.));
#2265=DIRECTION('ref_axis',(1.,0.,0.));
#2266=DIRECTION('',(-1.,0.,0.));
#2267=DIRECTION('center_axis',(1.,0.,0.));
#2268=DIRECTION('ref_axis',(0.,0.,-1.));
#2269=DIRECTION('',(0.,1.,0.));
#2270=DIRECTION('',(0.,0.,-1.));
#2271=DIRECTION('',(0.,-1.,0.));
#2272=DIRECTION('center_axis',(0.,0.,1.));
#2273=DIRECTION('ref_axis',(1.,0.,0.));
#2274=DIRECTION('',(1.,0.,0.));
#2275=DIRECTION('',(-1.,0.,0.));
#2276=DIRECTION('center_axis',(0.,1.,0.));
#2277=DIRECTION('ref_axis',(-1.,0.,0.));
#2278=DIRECTION('',(-1.,0.,0.));
#2279=DIRECTION('center_axis',(0.,0.,1.));
#2280=DIRECTION('ref_axis',(1.,0.,0.));
#2281=DIRECTION('',(1.,0.,0.));
#2282=DIRECTION('center_axis',(0.,-1.,0.));
#2283=DIRECTION('ref_axis',(1.,0.,0.));
#2284=CARTESIAN_POINT('',(0.,0.,0.));
#2285=CARTESIAN_POINT('Origin',(164.156342572619,-35.284136398265,4.600050800102));
#2286=CARTESIAN_POINT('',(164.156342572619,-36.284136398265,1.600050800102));
#2287=CARTESIAN_POINT('',(164.156342572619,-36.284136398265,5.600050800102));
#2288=CARTESIAN_POINT('',(164.156342572619,-36.284136398265,4.600050800102));
#2289=CARTESIAN_POINT('',(164.156342572619,-35.284136398265,1.600050800102));
#2290=CARTESIAN_POINT('',(164.156342572619,-51.784136398265,1.600050800102));
#2291=CARTESIAN_POINT('',(164.156342572619,-35.284136398265,4.600050800102));
#2292=CARTESIAN_POINT('',(164.156342572619,-35.284136398265,4.60005080010201));
#2293=CARTESIAN_POINT('',(164.156342572619,-35.284136398265,6.600050800102));
#2294=CARTESIAN_POINT('',(164.156342572619,-35.284136398265,4.600050800102));
#2295=CARTESIAN_POINT('',(164.156342572619,-43.284136398265,6.600050800102));
#2296=CARTESIAN_POINT('',(164.156342572619,-84.284136398265,6.600050800102));
#2297=CARTESIAN_POINT('',(164.156342572619,-43.284136398265,5.600050800102));
#2298=CARTESIAN_POINT('',(164.156342572619,-43.284136398265,5.600050800102));
#2299=CARTESIAN_POINT('',(164.156342572619,-84.284136398265,5.600050800102));
#2300=CARTESIAN_POINT('Origin',(200.9613512827,-43.284136398265,5.600050800102));
#2301=CARTESIAN_POINT('',(150.9613512827,-43.284136398265,6.600050800102));
#2302=CARTESIAN_POINT('',(188.4613512827,-43.284136398265,6.600050800102));
#2303=CARTESIAN_POINT('',(150.9613512827,-43.284136398265,5.600050800102));
#2304=CARTESIAN_POINT('',(150.9613512827,-43.284136398265,5.600050800102));
#2305=CARTESIAN_POINT('',(188.4613512827,-43.284136398265,5.600050800102));
#2306=CARTESIAN_POINT('Origin',(175.9613512827,-68.284136398265,6.600050800102));
#2307=CARTESIAN_POINT('',(164.156342572619,-101.284136398265,6.600050800102));
#2308=CARTESIAN_POINT('',(164.156342572619,-93.284136398265,6.600050800102));
#2309=CARTESIAN_POINT('',(164.156342572619,-84.284136398265,6.600050800102));
#2310=CARTESIAN_POINT('',(150.9613512827,-93.284136398265,6.600050800102));
#2311=CARTESIAN_POINT('',(163.4613512827,-93.284136398265,6.600050800102));
#2312=CARTESIAN_POINT('',(150.9613512827,-55.784136398265,6.600050800102));
#2313=CARTESIAN_POINT('',(155.22730505461,-35.284136398265,6.600050800102));
#2314=CARTESIAN_POINT('',(190.9613512827,-35.284136398265,6.600050800102));
#2315=CARTESIAN_POINT('',(150.62730505461,-35.284136398265,6.600050800102));
#2316=CARTESIAN_POINT('',(190.9613512827,-35.284136398265,6.600050800102));
#2317=CARTESIAN_POINT('',(144.9613512827,-35.284136398265,6.600050800102));
#2318=CARTESIAN_POINT('',(190.9613512827,-35.284136398265,6.600050800102));
#2319=CARTESIAN_POINT('',(144.9613512827,-101.284136398265,6.600050800102));
#2320=CARTESIAN_POINT('',(144.9613512827,-52.284136398265,6.600050800102));
#2321=CARTESIAN_POINT('',(160.9613512827,-101.284136398265,6.600050800102));
#2322=CARTESIAN_POINT('Origin',(145.9613512827,-100.284136398265,4.600050800102));
#2323=CARTESIAN_POINT('',(164.156342572619,-100.284136398265,5.600050800102));
#2324=CARTESIAN_POINT('',(164.156342572619,-100.284136398265,1.600050800102));
#2325=CARTESIAN_POINT('',(164.156342572619,-100.284136398265,4.600050800102));
#2326=CARTESIAN_POINT('',(144.9613512827,-100.284136398265,1.600050800102));
#2327=CARTESIAN_POINT('',(160.7113512827,-100.284136398265,1.600050800102));
#2328=CARTESIAN_POINT('',(144.9613512827,-100.284136398265,5.600050800102));
#2329=CARTESIAN_POINT('',(144.9613512827,-100.284136398265,3.100050800102));
#2330=CARTESIAN_POINT('',(160.9613512827,-100.284136398265,5.600050800102));
#2331=CARTESIAN_POINT('Origin',(205.9613512827,-35.284136398265,4.600050800102));
#2332=CARTESIAN_POINT('',(155.22730505461,-35.284136398265,4.600050800102));
#2333=CARTESIAN_POINT('',(190.9613512827,-35.284136398265,4.600050800102));
#2334=CARTESIAN_POINT('',(155.22730505461,-35.284136398265,4.350050800102));
#2335=CARTESIAN_POINT('Origin',(205.9613512827,-36.284136398265,4.600050800102));
#2336=CARTESIAN_POINT('',(144.9613512827,-36.284136398265,5.600050800102));
#2337=CARTESIAN_POINT('',(190.9613512827,-36.284136398265,5.600050800102));
#2338=CARTESIAN_POINT('',(144.9613512827,-36.284136398265,1.600050800102));
#2339=CARTESIAN_POINT('',(144.9613512827,-36.284136398265,5.100050800102));
#2340=CARTESIAN_POINT('',(190.9613512827,-36.284136398265,1.600050800102));
#2341=CARTESIAN_POINT('Origin',(205.9613512827,-35.284136398265,4.600050800102));
#2342=CARTESIAN_POINT('',(155.22730505461,-35.284136398265,1.600050800102));
#2343=CARTESIAN_POINT('',(190.9613512827,-35.284136398265,1.600050800102));
#2344=CARTESIAN_POINT('',(155.22730505461,-35.284136398265,4.350050800102));
#2345=CARTESIAN_POINT('Origin',(175.9613512827,-68.284136398265,1.600050800102));
#2346=CARTESIAN_POINT('',(144.9613512827,-35.284136398265,1.600050800102));
#2347=CARTESIAN_POINT('',(144.9613512827,-52.284136398265,1.600050800102));
#2348=CARTESIAN_POINT('',(150.62730505461,-35.284136398265,1.600050800102));
#2349=CARTESIAN_POINT('',(190.9613512827,-35.284136398265,1.600050800102));
#2350=CARTESIAN_POINT('',(175.9613512827,-35.284136398265,1.600050800102));
#2351=CARTESIAN_POINT('Origin',(164.156342572619,-101.284136398265,1.600050800102));
#2352=CARTESIAN_POINT('',(164.156342572619,-101.284136398265,1.600050800102));
#2353=CARTESIAN_POINT('',(164.156342572619,-101.284136398265,4.600050800102));
#2354=CARTESIAN_POINT('',(164.156342572619,-101.284136398265,3.100050800102));
#2355=CARTESIAN_POINT('',(164.156342572619,-84.784136398265,1.600050800102));
#2356=CARTESIAN_POINT('',(164.156342572619,-93.284136398265,5.600050800102));
#2357=CARTESIAN_POINT('',(164.156342572619,-84.284136398265,5.600050800102));
#2358=CARTESIAN_POINT('',(164.156342572619,-93.284136398265,5.600050800102));
#2359=CARTESIAN_POINT('',(164.156342572619,-101.284136398265,4.600050800102));
#2360=CARTESIAN_POINT('Origin',(150.9613512827,-43.284136398265,5.600050800102));
#2361=CARTESIAN_POINT('',(150.9613512827,-93.284136398265,5.600050800102));
#2362=CARTESIAN_POINT('',(150.9613512827,-55.784136398265,5.600050800102));
#2363=CARTESIAN_POINT('',(150.9613512827,-93.284136398265,5.600050800102));
#2364=CARTESIAN_POINT('Origin',(150.9613512827,-93.284136398265,5.600050800102));
#2365=CARTESIAN_POINT('',(163.4613512827,-93.284136398265,5.600050800102));
#2366=CARTESIAN_POINT('Origin',(145.4613512827,-40.284136398265,1.600050800102));
#2367=CARTESIAN_POINT('',(145.4613512827,-40.284136398265,1.600050800102));
#2368=CARTESIAN_POINT('',(145.4613512827,-40.284136398265,5.600050800102));
#2369=CARTESIAN_POINT('',(145.4613512827,-40.284136398265,4.350050800102));
#2370=CARTESIAN_POINT('',(144.9613512827,-40.284136398265,1.600050800102));
#2371=CARTESIAN_POINT('',(160.7113512827,-40.284136398265,1.600050800102));
#2372=CARTESIAN_POINT('',(144.9613512827,-40.284136398265,5.600050800102));
#2373=CARTESIAN_POINT('',(144.9613512827,-40.284136398265,3.100050800102));
#2374=CARTESIAN_POINT('',(145.4613512827,-40.284136398265,5.600050800102));
#2375=CARTESIAN_POINT('Origin',(175.9613512827,-68.284136398265,1.600050800102));
#2376=CARTESIAN_POINT('',(145.4613512827,-96.284136398265,1.600050800102));
#2377=CARTESIAN_POINT('',(145.4613512827,-52.284136398265,1.600050800102));
#2378=CARTESIAN_POINT('',(144.9613512827,-96.284136398265,1.600050800102));
#2379=CARTESIAN_POINT('',(160.7113512827,-96.284136398265,1.600050800102));
#2380=CARTESIAN_POINT('',(144.9613512827,-52.284136398265,1.600050800102));
#2381=CARTESIAN_POINT('Origin',(144.9613512827,-36.284136398265,4.600050800102));
#2382=CARTESIAN_POINT('',(144.9613512827,-38.284136398265,5.600050800102));
#2383=CARTESIAN_POINT('',(144.9613512827,-96.284136398265,5.600050800102));
#2384=CARTESIAN_POINT('',(144.9613512827,-96.284136398265,5.100050800102));
#2385=CARTESIAN_POINT('',(144.9613512827,-68.284136398265,5.600050800102));
#2386=CARTESIAN_POINT('',(144.9613512827,-101.284136398265,1.600050800102));
#2387=CARTESIAN_POINT('',(144.9613512827,-52.284136398265,1.600050800102));
#2388=CARTESIAN_POINT('',(144.9613512827,-101.284136398265,4.600050800102));
#2389=CARTESIAN_POINT('',(144.9613512827,-101.284136398265,4.600050800102));
#2390=CARTESIAN_POINT('',(144.9613512827,-101.284136398265,4.600050800102));
#2391=CARTESIAN_POINT('',(144.9613512827,-35.284136398265,4.600050800102));
#2392=CARTESIAN_POINT('Origin',(145.4613512827,-96.284136398265,5.600050800102));
#2393=CARTESIAN_POINT('',(145.4613512827,-96.284136398265,5.600050800102));
#2394=CARTESIAN_POINT('',(145.4613512827,-96.284136398265,4.350050800102));
#2395=CARTESIAN_POINT('',(145.4613512827,-96.284136398265,5.600050800102));
#2396=CARTESIAN_POINT('Origin',(175.9613512827,-68.284136398265,1.600050800102));
#2397=CARTESIAN_POINT('',(160.9613512827,-101.284136398265,1.600050800102));
#2398=CARTESIAN_POINT('Origin',(145.9613512827,-101.284136398265,4.600050800102));
#2399=CARTESIAN_POINT('',(160.9613512827,-101.284136398265,4.600050800102));
#2400=CARTESIAN_POINT('Origin',(145.9613512827,-101.284136398265,4.600050800102));
#2401=CARTESIAN_POINT('Origin',(175.9613512827,-68.284136398265,5.600050800102));
#2402=CARTESIAN_POINT('',(145.4613512827,-52.284136398265,5.600050800102));
#2403=CARTESIAN_POINT('Origin',(145.4613512827,-36.284136398265,4.600050800102));
#2404=CARTESIAN_POINT('Origin',(205.9613512827,-35.284136398265,4.600050800102));
#2405=CARTESIAN_POINT('',(150.62730505461,-35.284136398265,4.600050800102));
#2406=CARTESIAN_POINT('',(190.9613512827,-35.284136398265,4.600050800102));
#2407=CARTESIAN_POINT('',(150.62730505461,-35.284136398265,4.350050800102));
#2408=CARTESIAN_POINT('Origin',(205.9613512827,-35.284136398265,4.600050800102));
#2409=CARTESIAN_POINT('',(150.62730505461,-35.284136398265,4.350050800102));
#2410=CARTESIAN_POINT('Origin',(175.9613512827,-35.284136398265,4.100050800102));
#2411=CARTESIAN_POINT('Origin',(175.9613512827,-35.284136398265,4.100050800102));
#2412=CARTESIAN_POINT('',(155.22730505461,-35.284136398265,1.600050800102));
#2413=CARTESIAN_POINT('',(155.22730505461,-35.284136398265,4.600050800102));
#2414=CARTESIAN_POINT('',(155.22730505461,-35.284136398265,4.350050800102));
#2415=CARTESIAN_POINT('',(150.62730505461,-35.284136398265,4.600050800102));
#2416=CARTESIAN_POINT('',(190.9613512827,-35.284136398265,4.600050800102));
#2417=CARTESIAN_POINT('',(150.62730505461,-35.284136398265,1.600050800102));
#2418=CARTESIAN_POINT('',(150.62730505461,-35.284136398265,4.350050800102));
#2419=CARTESIAN_POINT('',(175.9613512827,-35.284136398265,1.600050800102));
#2420=CARTESIAN_POINT('Origin',(152.92730505461,-32.21506477013,3.400050800102));
#2421=CARTESIAN_POINT('',(151.17730505461,-32.21506477013,3.400050800102));
#2422=CARTESIAN_POINT('Origin',(152.92730505461,-32.21506477013,3.400050800102));
#2423=CARTESIAN_POINT('',(151.82730505461,-32.21506477013,3.400050800102));
#2424=CARTESIAN_POINT('Origin',(152.92730505461,-32.21506477013,3.400050800102));
#2425=CARTESIAN_POINT('Origin',(152.92730505461,-32.21506477013,4.000050800102));
#2426=CARTESIAN_POINT('',(151.17730505461,-32.21506477013,4.600050800102));
#2427=CARTESIAN_POINT('Origin',(152.92730505461,-32.21506477013,4.600050800102));
#2428=CARTESIAN_POINT('',(151.17730505461,-32.21506477013,4.000050800102));
#2429=CARTESIAN_POINT('Origin',(152.92730505461,-32.21506477013,2.100050800102));
#2430=CARTESIAN_POINT('',(151.82730505461,-32.21506477013,1.600050800102));
#2431=CARTESIAN_POINT('',(151.82730505461,-32.21506477013,2.100050800102));
#2432=CARTESIAN_POINT('Origin',(152.92730505461,-32.21506477013,1.600050800102));
#2433=CARTESIAN_POINT('Origin',(150.62730505461,-35.284136398265,1.600050800102));
#2434=CARTESIAN_POINT('',(150.62730505461,-29.915136398265,4.600050800102));
#2435=CARTESIAN_POINT('',(150.62730505461,-35.284136398265,4.600050800102));
#2436=CARTESIAN_POINT('',(150.62730505461,-29.915136398265,1.600050800102));
#2437=CARTESIAN_POINT('',(150.62730505461,-29.915136398265,4.350050800102));
#2438=CARTESIAN_POINT('',(150.62730505461,-35.284136398265,1.600050800102));
#2439=CARTESIAN_POINT('Origin',(155.22730505461,-35.284136398265,4.600050800102));
#2440=CARTESIAN_POINT('',(155.22730505461,-29.915136398265,1.600050800102));
#2441=CARTESIAN_POINT('',(155.22730505461,-35.284136398265,1.600050800102));
#2442=CARTESIAN_POINT('',(155.22730505461,-29.915136398265,4.600050800102));
#2443=CARTESIAN_POINT('',(155.22730505461,-29.915136398265,4.350050800102));
#2444=CARTESIAN_POINT('',(155.22730505461,-35.284136398265,4.600050800102));
#2445=CARTESIAN_POINT('Origin',(150.62730505461,-35.284136398265,4.600050800102));
#2446=CARTESIAN_POINT('',(190.9613512827,-29.915136398265,4.600050800102));
#2447=CARTESIAN_POINT('Origin',(205.9613512827,-29.915136398265,4.600050800102));
#2448=CARTESIAN_POINT('',(190.9613512827,-29.915136398265,1.600050800102));
#2449=CARTESIAN_POINT('Origin',(175.9613512827,-68.284136398265,1.600050800102));
#2450=CARTESIAN_POINT('Origin',(222.0293512827,-35.284136398265,4.100050800102));
#2451=CARTESIAN_POINT('',(201.29530505461,-35.284136398265,1.600050800102));
#2452=CARTESIAN_POINT('',(201.29530505461,-35.284136398265,4.600050800102));
#2453=CARTESIAN_POINT('',(201.29530505461,-35.284136398265,4.350050800102));
#2454=CARTESIAN_POINT('',(196.69530505461,-35.284136398265,4.600050800102));
#2455=CARTESIAN_POINT('',(237.0293512827,-35.284136398265,4.600050800102));
#2456=CARTESIAN_POINT('',(196.69530505461,-35.284136398265,1.600050800102));
#2457=CARTESIAN_POINT('',(196.69530505461,-35.284136398265,4.350050800102));
#2458=CARTESIAN_POINT('',(222.0293512827,-35.284136398265,1.600050800102));
#2459=CARTESIAN_POINT('Origin',(198.99530505461,-32.21506477013,3.400050800102));
#2460=CARTESIAN_POINT('',(197.24530505461,-32.21506477013,3.400050800102));
#2461=CARTESIAN_POINT('Origin',(198.99530505461,-32.21506477013,3.400050800102));
#2462=CARTESIAN_POINT('',(197.89530505461,-32.21506477013,3.400050800102));
#2463=CARTESIAN_POINT('Origin',(198.99530505461,-32.21506477013,3.400050800102));
#2464=CARTESIAN_POINT('Origin',(198.99530505461,-32.21506477013,4.000050800102));
#2465=CARTESIAN_POINT('',(197.24530505461,-32.21506477013,4.600050800102));
#2466=CARTESIAN_POINT('Origin',(198.99530505461,-32.21506477013,4.600050800102));
#2467=CARTESIAN_POINT('',(197.24530505461,-32.21506477013,4.000050800102));
#2468=CARTESIAN_POINT('Origin',(198.99530505461,-32.21506477013,2.100050800102));
#2469=CARTESIAN_POINT('',(197.89530505461,-32.21506477013,1.600050800102));
#2470=CARTESIAN_POINT('',(197.89530505461,-32.21506477013,2.100050800102));
#2471=CARTESIAN_POINT('Origin',(198.99530505461,-32.21506477013,1.600050800102));
#2472=CARTESIAN_POINT('Origin',(196.69530505461,-35.284136398265,1.600050800102));
#2473=CARTESIAN_POINT('',(196.69530505461,-29.915136398265,4.600050800102));
#2474=CARTESIAN_POINT('',(196.69530505461,-35.284136398265,4.600050800102));
#2475=CARTESIAN_POINT('',(196.69530505461,-29.915136398265,1.600050800102));
#2476=CARTESIAN_POINT('',(196.69530505461,-29.915136398265,4.350050800102));
#2477=CARTESIAN_POINT('',(196.69530505461,-35.284136398265,1.600050800102));
#2478=CARTESIAN_POINT('Origin',(201.29530505461,-35.284136398265,4.600050800102));
#2479=CARTESIAN_POINT('',(201.29530505461,-29.915136398265,1.600050800102));
#2480=CARTESIAN_POINT('',(201.29530505461,-35.284136398265,1.600050800102));
#2481=CARTESIAN_POINT('',(201.29530505461,-29.915136398265,4.600050800102));
#2482=CARTESIAN_POINT('',(201.29530505461,-29.915136398265,4.350050800102));
#2483=CARTESIAN_POINT('',(201.29530505461,-35.284136398265,4.600050800102));
#2484=CARTESIAN_POINT('Origin',(196.69530505461,-35.284136398265,4.600050800102));
#2485=CARTESIAN_POINT('',(237.0293512827,-29.915136398265,4.600050800102));
#2486=CARTESIAN_POINT('Origin',(252.0293512827,-29.915136398265,4.600050800102));
#2487=CARTESIAN_POINT('',(237.0293512827,-29.915136398265,1.600050800102));
#2488=CARTESIAN_POINT('Origin',(222.0293512827,-68.284136398265,1.600050800102));
#2489=CARTESIAN_POINT('Origin',(129.89325882652,-101.284136398265,4.100050800102));
#2490=CARTESIAN_POINT('',(150.62730505461,-101.284136398265,1.600050800102));
#2491=CARTESIAN_POINT('',(150.62730505461,-101.284136398265,4.600050800102));
#2492=CARTESIAN_POINT('',(150.62730505461,-101.284136398265,4.350050800102));
#2493=CARTESIAN_POINT('',(155.22730505461,-101.284136398265,4.600050800102));
#2494=CARTESIAN_POINT('',(114.89325882652,-101.284136398265,4.600050800102));
#2495=CARTESIAN_POINT('',(155.22730505461,-101.284136398265,1.600050800102));
#2496=CARTESIAN_POINT('',(155.22730505461,-101.284136398265,4.350050800102));
#2497=CARTESIAN_POINT('',(129.89325882652,-101.284136398265,1.600050800102));
#2498=CARTESIAN_POINT('Origin',(152.92730505461,-104.3532080264,3.400050800102));
#2499=CARTESIAN_POINT('',(154.67730505461,-104.3532080264,3.400050800102));
#2500=CARTESIAN_POINT('Origin',(152.92730505461,-104.3532080264,3.400050800102));
#2501=CARTESIAN_POINT('',(154.02730505461,-104.3532080264,3.400050800102));
#2502=CARTESIAN_POINT('Origin',(152.92730505461,-104.3532080264,3.400050800102));
#2503=CARTESIAN_POINT('Origin',(152.92730505461,-104.3532080264,4.000050800102));
#2504=CARTESIAN_POINT('',(154.67730505461,-104.3532080264,4.600050800102));
#2505=CARTESIAN_POINT('Origin',(152.92730505461,-104.3532080264,4.600050800102));
#2506=CARTESIAN_POINT('',(154.67730505461,-104.3532080264,4.000050800102));
#2507=CARTESIAN_POINT('Origin',(152.92730505461,-104.3532080264,2.100050800102));
#2508=CARTESIAN_POINT('',(154.02730505461,-104.3532080264,1.600050800102));
#2509=CARTESIAN_POINT('',(154.02730505461,-104.3532080264,2.100050800102));
#2510=CARTESIAN_POINT('Origin',(152.92730505461,-104.3532080264,1.600050800102));
#2511=CARTESIAN_POINT('Origin',(155.22730505461,-101.284136398265,1.600050800102));
#2512=CARTESIAN_POINT('',(155.22730505461,-106.653136398265,4.600050800102));
#2513=CARTESIAN_POINT('',(155.22730505461,-101.284136398265,4.600050800102));
#2514=CARTESIAN_POINT('',(155.22730505461,-106.653136398265,1.600050800102));
#2515=CARTESIAN_POINT('',(155.22730505461,-106.653136398265,4.350050800102));
#2516=CARTESIAN_POINT('',(155.22730505461,-101.284136398265,1.600050800102));
#2517=CARTESIAN_POINT('Origin',(150.62730505461,-101.284136398265,4.600050800102));
#2518=CARTESIAN_POINT('',(150.62730505461,-106.653136398265,1.600050800102));
#2519=CARTESIAN_POINT('',(150.62730505461,-101.284136398265,1.600050800102));
#2520=CARTESIAN_POINT('',(150.62730505461,-106.653136398265,4.600050800102));
#2521=CARTESIAN_POINT('',(150.62730505461,-106.653136398265,4.350050800102));
#2522=CARTESIAN_POINT('',(150.62730505461,-101.284136398265,4.600050800102));
#2523=CARTESIAN_POINT('Origin',(155.22730505461,-101.284136398265,4.600050800102));
#2524=CARTESIAN_POINT('',(114.89325882652,-106.653136398265,4.600050800102));
#2525=CARTESIAN_POINT('Origin',(99.89325882652,-106.653136398265,4.600050800102));
#2526=CARTESIAN_POINT('',(114.89325882652,-106.653136398265,1.600050800102));
#2527=CARTESIAN_POINT('Origin',(129.89325882652,-68.284136398265,1.600050800102));
#2528=CARTESIAN_POINT('Origin',(175.96144373888,-101.284136398265,4.100050800102));
#2529=CARTESIAN_POINT('',(196.69548996697,-101.284136398265,1.600050800102));
#2530=CARTESIAN_POINT('',(196.69548996697,-101.284136398265,4.600050800102));
#2531=CARTESIAN_POINT('',(196.69548996697,-101.284136398265,4.350050800102));
#2532=CARTESIAN_POINT('',(201.29548996697,-101.284136398265,4.600050800102));
#2533=CARTESIAN_POINT('',(160.96144373888,-101.284136398265,4.600050800102));
#2534=CARTESIAN_POINT('',(201.29548996697,-101.284136398265,1.600050800102));
#2535=CARTESIAN_POINT('',(201.29548996697,-101.284136398265,4.350050800102));
#2536=CARTESIAN_POINT('',(175.96144373888,-101.284136398265,1.600050800102));
#2537=CARTESIAN_POINT('Origin',(198.99548996697,-104.3532080264,3.400050800102));
#2538=CARTESIAN_POINT('',(200.74548996697,-104.3532080264,3.400050800102));
#2539=CARTESIAN_POINT('Origin',(198.99548996697,-104.3532080264,3.400050800102));
#2540=CARTESIAN_POINT('',(200.09548996697,-104.3532080264,3.400050800102));
#2541=CARTESIAN_POINT('Origin',(198.99548996697,-104.3532080264,3.400050800102));
#2542=CARTESIAN_POINT('Origin',(198.99548996697,-104.3532080264,4.000050800102));
#2543=CARTESIAN_POINT('',(200.74548996697,-104.3532080264,4.600050800102));
#2544=CARTESIAN_POINT('Origin',(198.99548996697,-104.3532080264,4.600050800102));
#2545=CARTESIAN_POINT('',(200.74548996697,-104.3532080264,4.000050800102));
#2546=CARTESIAN_POINT('Origin',(198.99548996697,-104.3532080264,2.100050800102));
#2547=CARTESIAN_POINT('',(200.09548996697,-104.3532080264,1.600050800102));
#2548=CARTESIAN_POINT('',(200.09548996697,-104.3532080264,2.100050800102));
#2549=CARTESIAN_POINT('Origin',(198.99548996697,-104.3532080264,1.600050800102));
#2550=CARTESIAN_POINT('Origin',(201.29548996697,-101.284136398265,1.600050800102));
#2551=CARTESIAN_POINT('',(201.29548996697,-106.653136398265,4.600050800102));
#2552=CARTESIAN_POINT('',(201.29548996697,-101.284136398265,4.600050800102));
#2553=CARTESIAN_POINT('',(201.29548996697,-106.653136398265,1.600050800102));
#2554=CARTESIAN_POINT('',(201.29548996697,-106.653136398265,4.350050800102));
#2555=CARTESIAN_POINT('',(201.29548996697,-101.284136398265,1.600050800102));
#2556=CARTESIAN_POINT('Origin',(196.69548996697,-101.284136398265,4.600050800102));
#2557=CARTESIAN_POINT('',(196.69548996697,-106.653136398265,1.600050800102));
#2558=CARTESIAN_POINT('',(196.69548996697,-101.284136398265,1.600050800102));
#2559=CARTESIAN_POINT('',(196.69548996697,-106.653136398265,4.600050800102));
#2560=CARTESIAN_POINT('',(196.69548996697,-106.653136398265,4.350050800102));
#2561=CARTESIAN_POINT('',(196.69548996697,-101.284136398265,4.600050800102));
#2562=CARTESIAN_POINT('Origin',(201.29548996697,-101.284136398265,4.600050800102));
#2563=CARTESIAN_POINT('',(160.96144373888,-106.653136398265,4.600050800102));
#2564=CARTESIAN_POINT('Origin',(145.96144373888,-106.653136398265,4.600050800102));
#2565=CARTESIAN_POINT('',(160.96144373888,-106.653136398265,1.600050800102));
#2566=CARTESIAN_POINT('Origin',(175.96144373888,-68.284136398265,1.600050800102));
#2567=CARTESIAN_POINT('Origin',(150.62730505461,-101.284136398265,4.600050800102));
#2568=CARTESIAN_POINT('',(150.62730505461,-101.284136398265,6.600050800102));
#2569=CARTESIAN_POINT('',(150.62730505461,-101.284136398265,4.600050800102));
#2570=CARTESIAN_POINT('',(150.62730505461,-101.284136398265,6.600050800102));
#2571=CARTESIAN_POINT('',(155.22730505461,-101.284136398265,6.600050800102));
#2572=CARTESIAN_POINT('',(150.62730505461,-101.284136398265,6.600050800102));
#2573=CARTESIAN_POINT('',(155.22730505461,-101.284136398265,4.600050800102));
#2574=CARTESIAN_POINT('',(155.22730505461,-101.284136398265,6.600050800102));
#2575=CARTESIAN_POINT('',(150.62730505461,-101.284136398265,4.600050800102));
#2576=CARTESIAN_POINT('Origin',(150.62730505461,-102.053136398265,4.600050800102));
#2577=CARTESIAN_POINT('',(150.62730505461,-102.053136398265,4.600050800102));
#2578=CARTESIAN_POINT('',(150.62730505461,-101.284136398265,4.600050800102));
#2579=CARTESIAN_POINT('',(155.22730505461,-102.053136398265,4.600050800102));
#2580=CARTESIAN_POINT('',(155.22730505461,-101.284136398265,4.600050800102));
#2581=CARTESIAN_POINT('',(150.62730505461,-102.053136398265,4.600050800102));
#2582=CARTESIAN_POINT('Origin',(150.62730505461,-101.284136398265,6.600050800102));
#2583=CARTESIAN_POINT('',(150.62730505461,-102.053136398265,4.600050800102));
#2584=CARTESIAN_POINT('',(155.22730505461,-102.053136398265,4.600050800102));
#2585=CARTESIAN_POINT('Origin',(150.62730505461,-101.668636398265,5.600050800102));
#2586=CARTESIAN_POINT('Origin',(155.22730505461,-101.668636398265,5.600050800102));
#2587=CARTESIAN_POINT('Origin',(196.69530505461,-101.284136398265,4.600050800102));
#2588=CARTESIAN_POINT('',(196.69530505461,-101.284136398265,6.600050800102));
#2589=CARTESIAN_POINT('',(196.69530505461,-101.284136398265,4.600050800102));
#2590=CARTESIAN_POINT('',(196.69530505461,-101.284136398265,6.600050800102));
#2591=CARTESIAN_POINT('',(201.29530505461,-101.284136398265,6.600050800102));
#2592=CARTESIAN_POINT('',(196.69530505461,-101.284136398265,6.600050800102));
#2593=CARTESIAN_POINT('',(201.29530505461,-101.284136398265,4.600050800102));
#2594=CARTESIAN_POINT('',(201.29530505461,-101.284136398265,6.600050800102));
#2595=CARTESIAN_POINT('',(196.69530505461,-101.284136398265,4.600050800102));
#2596=CARTESIAN_POINT('Origin',(196.69530505461,-102.053136398265,4.600050800102));
#2597=CARTESIAN_POINT('',(196.69530505461,-102.053136398265,4.600050800102));
#2598=CARTESIAN_POINT('',(196.69530505461,-101.284136398265,4.600050800102));
#2599=CARTESIAN_POINT('',(201.29530505461,-102.053136398265,4.600050800102));
#2600=CARTESIAN_POINT('',(201.29530505461,-101.284136398265,4.600050800102));
#2601=CARTESIAN_POINT('',(196.69530505461,-102.053136398265,4.600050800102));
#2602=CARTESIAN_POINT('Origin',(196.69530505461,-101.284136398265,6.600050800102));
#2603=CARTESIAN_POINT('',(196.69530505461,-102.053136398265,4.600050800102));
#2604=CARTESIAN_POINT('',(201.29530505461,-102.053136398265,4.600050800102));
#2605=CARTESIAN_POINT('Origin',(196.69530505461,-101.668636398265,5.600050800102));
#2606=CARTESIAN_POINT('Origin',(201.29530505461,-101.668636398265,5.600050800102));
#2607=CARTESIAN_POINT('Origin',(155.22730505461,-35.284136398265,4.600050800102));
#2608=CARTESIAN_POINT('',(155.22730505461,-35.284136398265,6.600050800102));
#2609=CARTESIAN_POINT('',(155.22730505461,-35.284136398265,4.600050800102));
#2610=CARTESIAN_POINT('',(155.22730505461,-35.284136398265,6.600050800102));
#2611=CARTESIAN_POINT('',(150.62730505461,-35.284136398265,6.600050800102));
#2612=CARTESIAN_POINT('',(155.22730505461,-35.284136398265,6.600050800102));
#2613=CARTESIAN_POINT('',(150.62730505461,-35.284136398265,4.600050800102));
#2614=CARTESIAN_POINT('',(150.62730505461,-35.284136398265,6.600050800102));
#2615=CARTESIAN_POINT('',(155.22730505461,-35.284136398265,4.600050800102));
#2616=CARTESIAN_POINT('Origin',(155.22730505461,-34.515136398265,4.600050800102));
#2617=CARTESIAN_POINT('',(155.22730505461,-34.515136398265,4.600050800102));
#2618=CARTESIAN_POINT('',(155.22730505461,-35.284136398265,4.600050800102));
#2619=CARTESIAN_POINT('',(150.62730505461,-34.515136398265,4.600050800102));
#2620=CARTESIAN_POINT('',(150.62730505461,-35.284136398265,4.600050800102));
#2621=CARTESIAN_POINT('',(155.22730505461,-34.515136398265,4.600050800102));
#2622=CARTESIAN_POINT('Origin',(155.22730505461,-35.284136398265,6.600050800102));
#2623=CARTESIAN_POINT('',(155.22730505461,-34.515136398265,4.600050800102));
#2624=CARTESIAN_POINT('',(150.62730505461,-34.515136398265,4.600050800102));
#2625=CARTESIAN_POINT('Origin',(155.22730505461,-34.899636398265,5.600050800102));
#2626=CARTESIAN_POINT('Origin',(150.62730505461,-34.899636398265,5.600050800102));
#2627=CARTESIAN_POINT('Origin',(201.29530505461,-35.284136398265,4.600050800102));
#2628=CARTESIAN_POINT('',(201.29530505461,-35.284136398265,6.600050800102));
#2629=CARTESIAN_POINT('',(201.29530505461,-35.284136398265,4.600050800102));
#2630=CARTESIAN_POINT('',(201.29530505461,-35.284136398265,6.600050800102));
#2631=CARTESIAN_POINT('',(196.69530505461,-35.284136398265,6.600050800102));
#2632=CARTESIAN_POINT('',(201.29530505461,-35.284136398265,6.600050800102));
#2633=CARTESIAN_POINT('',(196.69530505461,-35.284136398265,4.600050800102));
#2634=CARTESIAN_POINT('',(196.69530505461,-35.284136398265,6.600050800102));
#2635=CARTESIAN_POINT('',(201.29530505461,-35.284136398265,4.600050800102));
#2636=CARTESIAN_POINT('Origin',(201.29530505461,-34.515136398265,4.600050800102));
#2637=CARTESIAN_POINT('',(201.29530505461,-34.515136398265,4.600050800102));
#2638=CARTESIAN_POINT('',(201.29530505461,-35.284136398265,4.600050800102));
#2639=CARTESIAN_POINT('',(196.69530505461,-34.515136398265,4.600050800102));
#2640=CARTESIAN_POINT('',(196.69530505461,-35.284136398265,4.600050800102));
#2641=CARTESIAN_POINT('',(201.29530505461,-34.515136398265,4.600050800102));
#2642=CARTESIAN_POINT('Origin',(201.29530505461,-35.284136398265,6.600050800102));
#2643=CARTESIAN_POINT('',(201.29530505461,-34.515136398265,4.600050800102));
#2644=CARTESIAN_POINT('',(196.69530505461,-34.515136398265,4.600050800102));
#2645=CARTESIAN_POINT('Origin',(201.29530505461,-34.899636398265,5.600050800102));
#2646=CARTESIAN_POINT('Origin',(196.69530505461,-34.899636398265,5.600050800102));
#2647=CARTESIAN_POINT('Origin',(206.4613512827,-100.284136398265,4.600050800102));
#2648=CARTESIAN_POINT('',(206.4613512827,-40.284136398265,5.600050800102));
#2649=CARTESIAN_POINT('',(206.4613512827,-40.284136398265,1.600050800102));
#2650=CARTESIAN_POINT('',(206.4613512827,-40.284136398265,4.350050800102));
#2651=CARTESIAN_POINT('',(206.4613512827,-96.284136398265,1.600050800102));
#2652=CARTESIAN_POINT('',(206.4613512827,-84.284136398265,1.600050800102));
#2653=CARTESIAN_POINT('',(206.4613512827,-96.284136398265,5.600050800102));
#2654=CARTESIAN_POINT('',(206.4613512827,-96.284136398265,4.350050800102));
#2655=CARTESIAN_POINT('',(206.4613512827,-84.284136398265,5.600050800102));
#2656=CARTESIAN_POINT('Origin',(205.9613512827,-35.284136398265,4.600050800102));
#2657=CARTESIAN_POINT('',(187.76648996697,-35.284136398265,1.600050800102));
#2658=CARTESIAN_POINT('',(187.76648996697,-35.284136398265,4.600050800102));
#2659=CARTESIAN_POINT('',(187.76648996697,-35.284136398265,3.100050800102));
#2660=CARTESIAN_POINT('',(206.9613512827,-35.284136398265,4.600050800102));
#2661=CARTESIAN_POINT('',(190.9613512827,-35.284136398265,4.600050800102));
#2662=CARTESIAN_POINT('',(206.9613512827,-35.284136398265,1.600050800102));
#2663=CARTESIAN_POINT('',(206.9613512827,-35.284136398265,4.600050800102));
#2664=CARTESIAN_POINT('',(190.9613512827,-35.284136398265,1.600050800102));
#2665=CARTESIAN_POINT('Origin',(205.9613512827,-35.284136398265,4.600050800102));
#2666=CARTESIAN_POINT('',(187.76648996697,-35.284136398265,6.600050800102));
#2667=CARTESIAN_POINT('',(187.76648996697,-35.284136398265,4.600050800102));
#2668=CARTESIAN_POINT('',(206.9613512827,-35.284136398265,6.600050800102));
#2669=CARTESIAN_POINT('',(190.9613512827,-35.284136398265,6.600050800102));
#2670=CARTESIAN_POINT('',(206.9613512827,-35.284136398265,4.600050800102));
#2671=CARTESIAN_POINT('Origin',(206.9613512827,-100.284136398265,4.600050800102));
#2672=CARTESIAN_POINT('',(206.9613512827,-36.284136398265,5.600050800102));
#2673=CARTESIAN_POINT('',(206.9613512827,-36.284136398265,1.600050800102));
#2674=CARTESIAN_POINT('',(206.9613512827,-36.284136398265,3.100050800102));
#2675=CARTESIAN_POINT('',(206.9613512827,-84.284136398265,1.600050800102));
#2676=CARTESIAN_POINT('',(206.9613512827,-101.284136398265,6.600050800102));
#2677=CARTESIAN_POINT('',(206.9613512827,-84.284136398265,6.600050800102));
#2678=CARTESIAN_POINT('',(206.9613512827,-101.284136398265,4.600050800102));
#2679=CARTESIAN_POINT('',(206.9613512827,-101.284136398265,4.600050800102));
#2680=CARTESIAN_POINT('',(206.9613512827,-101.284136398265,1.600050800102));
#2681=CARTESIAN_POINT('',(206.9613512827,-101.284136398265,4.600050800102));
#2682=CARTESIAN_POINT('',(206.9613512827,-100.284136398265,1.600050800102));
#2683=CARTESIAN_POINT('',(206.9613512827,-84.284136398265,1.600050800102));
#2684=CARTESIAN_POINT('',(206.9613512827,-100.284136398265,5.600050800102));
#2685=CARTESIAN_POINT('',(206.9613512827,-100.284136398265,5.100050800102));
#2686=CARTESIAN_POINT('',(206.9613512827,-96.284136398265,5.600050800102));
#2687=CARTESIAN_POINT('',(206.9613512827,-98.284136398265,5.600050800102));
#2688=CARTESIAN_POINT('',(206.9613512827,-96.284136398265,1.600050800102));
#2689=CARTESIAN_POINT('',(206.9613512827,-96.284136398265,3.100050800102));
#2690=CARTESIAN_POINT('',(206.9613512827,-40.284136398265,1.600050800102));
#2691=CARTESIAN_POINT('',(206.9613512827,-84.284136398265,1.600050800102));
#2692=CARTESIAN_POINT('',(206.9613512827,-40.284136398265,5.600050800102));
#2693=CARTESIAN_POINT('',(206.9613512827,-40.284136398265,5.100050800102));
#2694=CARTESIAN_POINT('',(206.9613512827,-68.284136398265,5.600050800102));
#2695=CARTESIAN_POINT('Origin',(175.9613512827,-68.284136398265,1.600050800102));
#2696=CARTESIAN_POINT('',(187.76648996697,-36.284136398265,1.600050800102));
#2697=CARTESIAN_POINT('',(187.76648996697,-51.784136398265,1.600050800102));
#2698=CARTESIAN_POINT('',(190.9613512827,-36.284136398265,1.600050800102));
#2699=CARTESIAN_POINT('Origin',(206.4613512827,-96.284136398265,1.600050800102));
#2700=CARTESIAN_POINT('',(191.2113512827,-96.284136398265,1.600050800102));
#2701=CARTESIAN_POINT('',(206.4613512827,-96.284136398265,5.600050800102));
#2702=CARTESIAN_POINT('Origin',(175.9613512827,-68.284136398265,1.600050800102));
#2703=CARTESIAN_POINT('',(191.2113512827,-40.284136398265,1.600050800102));
#2704=CARTESIAN_POINT('Origin',(206.4613512827,-40.284136398265,5.600050800102));
#2705=CARTESIAN_POINT('',(206.4613512827,-40.284136398265,5.600050800102));
#2706=CARTESIAN_POINT('Origin',(200.9613512827,-93.284136398265,5.600050800102));
#2707=CARTESIAN_POINT('',(200.9613512827,-93.284136398265,5.600050800102));
#2708=CARTESIAN_POINT('',(200.9613512827,-43.284136398265,5.600050800102));
#2709=CARTESIAN_POINT('',(200.9613512827,-80.784136398265,5.600050800102));
#2710=CARTESIAN_POINT('',(200.9613512827,-93.284136398265,6.600050800102));
#2711=CARTESIAN_POINT('',(200.9613512827,-93.284136398265,5.600050800102));
#2712=CARTESIAN_POINT('',(200.9613512827,-43.284136398265,6.600050800102));
#2713=CARTESIAN_POINT('',(200.9613512827,-80.784136398265,6.600050800102));
#2714=CARTESIAN_POINT('',(200.9613512827,-43.284136398265,5.600050800102));
#2715=CARTESIAN_POINT('Origin',(175.9613512827,-68.284136398265,1.600050800102));
#2716=CARTESIAN_POINT('',(187.76648996697,-101.284136398265,1.600050800102));
#2717=CARTESIAN_POINT('',(187.76648996697,-100.284136398265,1.600050800102));
#2718=CARTESIAN_POINT('',(187.76648996697,-84.784136398265,1.600050800102));
#2719=CARTESIAN_POINT('',(160.9613512827,-100.284136398265,1.600050800102));
#2720=CARTESIAN_POINT('',(160.9613512827,-101.284136398265,1.600050800102));
#2721=CARTESIAN_POINT('Origin',(145.9613512827,-101.284136398265,4.600050800102));
#2722=CARTESIAN_POINT('',(187.76648996697,-101.284136398265,4.600050800102));
#2723=CARTESIAN_POINT('',(187.76648996697,-101.284136398265,4.600050800102));
#2724=CARTESIAN_POINT('',(160.9613512827,-101.284136398265,4.600050800102));
#2725=CARTESIAN_POINT('Origin',(187.76648996697,-101.284136398265,4.600050800102));
#2726=CARTESIAN_POINT('',(187.76648996697,-101.284136398265,6.600050800102));
#2727=CARTESIAN_POINT('',(187.76648996697,-101.284136398265,4.600050800102));
#2728=CARTESIAN_POINT('',(187.76648996697,-93.284136398265,6.600050800102));
#2729=CARTESIAN_POINT('',(187.76648996697,-84.284136398265,6.600050800102));
#2730=CARTESIAN_POINT('',(187.76648996697,-93.284136398265,5.600050800102));
#2731=CARTESIAN_POINT('',(187.76648996697,-93.284136398265,6.100050800102));
#2732=CARTESIAN_POINT('',(187.76648996697,-100.284136398265,5.600050800102));
#2733=CARTESIAN_POINT('',(187.76648996697,-84.284136398265,5.600050800102));
#2734=CARTESIAN_POINT('',(187.76648996697,-100.284136398265,4.600050800102));
#2735=CARTESIAN_POINT('Origin',(205.9613512827,-36.284136398265,4.600050800102));
#2736=CARTESIAN_POINT('',(187.76648996697,-36.284136398265,5.600050800102));
#2737=CARTESIAN_POINT('',(187.76648996697,-36.284136398265,4.600050800102));
#2738=CARTESIAN_POINT('',(190.9613512827,-36.284136398265,5.600050800102));
#2739=CARTESIAN_POINT('Origin',(145.9613512827,-100.284136398265,4.600050800102));
#2740=CARTESIAN_POINT('',(160.9613512827,-100.284136398265,5.600050800102));
#2741=CARTESIAN_POINT('Origin',(145.9613512827,-101.284136398265,4.600050800102));
#2742=CARTESIAN_POINT('',(160.9613512827,-101.284136398265,6.600050800102));
#2743=CARTESIAN_POINT('Origin',(187.76648996697,-35.284136398265,1.600050800102));
#2744=CARTESIAN_POINT('',(187.76648996697,-43.284136398265,5.600050800102));
#2745=CARTESIAN_POINT('',(187.76648996697,-84.284136398265,5.600050800102));
#2746=CARTESIAN_POINT('',(187.76648996697,-43.284136398265,6.600050800102));
#2747=CARTESIAN_POINT('',(187.76648996697,-43.284136398265,6.100050800102));
#2748=CARTESIAN_POINT('',(187.76648996697,-84.284136398265,6.600050800102));
#2749=CARTESIAN_POINT('Origin',(175.9613512827,-68.284136398265,6.600050800102));
#2750=CARTESIAN_POINT('',(188.4613512827,-43.284136398265,6.600050800102));
#2751=CARTESIAN_POINT('',(163.4613512827,-93.284136398265,6.600050800102));
#2752=CARTESIAN_POINT('Origin',(200.9613512827,-43.284136398265,5.600050800102));
#2753=CARTESIAN_POINT('',(188.4613512827,-43.284136398265,5.600050800102));
#2754=CARTESIAN_POINT('Origin',(175.9613512827,-68.284136398265,5.600050800102));
#2755=CARTESIAN_POINT('',(163.4613512827,-93.284136398265,5.600050800102));
#2756=CARTESIAN_POINT('Origin',(150.9613512827,-93.284136398265,5.600050800102));
#2757=UNCERTAINTY_MEASURE_WITH_UNIT(LENGTH_MEASURE(0.01),#2761,
'DISTANCE_ACCURACY_VALUE',
'Maximum model space distance between geometric entities at asserted c
onnectivities');
#2758=UNCERTAINTY_MEASURE_WITH_UNIT(LENGTH_MEASURE(0.01),#2761,
'DISTANCE_ACCURACY_VALUE',
'Maximum model space distance between geometric entities at asserted c
onnectivities');
#2759=(
GEOMETRIC_REPRESENTATION_CONTEXT(3)
GLOBAL_UNCERTAINTY_ASSIGNED_CONTEXT((#2757))
GLOBAL_UNIT_ASSIGNED_CONTEXT((#2761,#2763,#2764))
REPRESENTATION_CONTEXT('','3D')
);
#2760=(
GEOMETRIC_REPRESENTATION_CONTEXT(3)
GLOBAL_UNCERTAINTY_ASSIGNED_CONTEXT((#2758))
GLOBAL_UNIT_ASSIGNED_CONTEXT((#2761,#2763,#2764))
REPRESENTATION_CONTEXT('','3D')
);
#2761=(
LENGTH_UNIT()
NAMED_UNIT(*)
SI_UNIT(.MILLI.,.METRE.)
);
#2762=(
LENGTH_UNIT()
NAMED_UNIT(*)
SI_UNIT($,.METRE.)
);
#2763=(
NAMED_UNIT(*)
PLANE_ANGLE_UNIT()
SI_UNIT($,.RADIAN.)
);
#2764=(
NAMED_UNIT(*)
SI_UNIT($,.STERADIAN.)
SOLID_ANGLE_UNIT()
);
#2765=SHAPE_DEFINITION_REPRESENTATION(#2766,#2767);
#2766=PRODUCT_DEFINITION_SHAPE('',$,#2769);
#2767=SHAPE_REPRESENTATION('',(#1728),#2759);
#2768=PRODUCT_DEFINITION_CONTEXT('part definition',#2773,'design');
#2769=PRODUCT_DEFINITION('2025-12-01-09-45-55-654','(\X2\672A4FDD5B58\X0\)',
#2770,#2768);
#2770=PRODUCT_DEFINITION_FORMATION('',$,#2775);
#2771=PRODUCT_RELATED_PRODUCT_CATEGORY('(\X2\672A4FDD5B58\X0\)',
'(\X2\672A4FDD5B58\X0\)',(#2775));
#2772=APPLICATION_PROTOCOL_DEFINITION('international standard',
'automotive_design',2009,#2773);
#2773=APPLICATION_CONTEXT(
'Core Data for Automotive Mechanical Design Process');
#2774=PRODUCT_CONTEXT('part definition',#2773,'mechanical');
#2775=PRODUCT('2025-12-01-09-45-55-654','(\X2\672A4FDD5B58\X0\)',$,(#2774));
#2776=PRESENTATION_STYLE_ASSIGNMENT((#2778));
#2777=PRESENTATION_STYLE_ASSIGNMENT((#2779));
#2778=SURFACE_STYLE_USAGE(.BOTH.,#2780);
#2779=SURFACE_STYLE_USAGE(.BOTH.,#2781);
#2780=SURFACE_SIDE_STYLE('',(#2782));
#2781=SURFACE_SIDE_STYLE('',(#2783));
#2782=SURFACE_STYLE_FILL_AREA(#2784);
#2783=SURFACE_STYLE_FILL_AREA(#2785);
#2784=FILL_AREA_STYLE('\X2\94A2\X0\ - \X2\7F0E5149\X0\',(#2786));
#2785=FILL_AREA_STYLE('Opaque(160,160,160)',(#2787));
#2786=FILL_AREA_STYLE_COLOUR('\X2\94A2\X0\ - \X2\7F0E5149\X0\',#2788);
#2787=FILL_AREA_STYLE_COLOUR('Opaque(160,160,160)',#2789);
#2788=COLOUR_RGB('\X2\94A2\X0\ - \X2\7F0E5149\X0\',0.627450980392157,0.627450980392157,
0.627450980392157);
#2789=COLOUR_RGB('Opaque(160,160,160)',0.627450980392157,0.627450980392157,
0.627450980392157);
ENDSEC;
END-ISO-10303-21;
