ISO-10303-21;
HEADER;
/* Generated by software containing ST-Developer
 * from STEP Tools, Inc. (www.steptools.com) 
 */

FILE_DESCRIPTION(
/* description */ ('STEP AP214'),
/* implementation_level */ '2;1');

FILE_NAME(
/* name */ '',
/* time_stamp */ '2026-04-07T17:31:53+08:00',
/* author */ (''),
/* organization */ (''),
/* preprocessor_version */ 'ST-DEVELOPER v20.1',
/* originating_system */ 'Autodesk Translation Framework v14.24.0.0',
/* authorisation */ '');

FILE_SCHEMA (('AUTOMOTIVE_DESIGN { 1 0 10303 214 3 1 1 }'));
ENDSEC;

DATA;
#10=MECHANICAL_DESIGN_GEOMETRIC_PRESENTATION_REPRESENTATION('',(#83,#84),
#7204);
#11=SHAPE_REPRESENTATION_RELATIONSHIP('SRR','None',#7211,#12);
#12=ADVANCED_BREP_SHAPE_REPRESENTATION('',(#85,#86),#7203);
#13=TOROIDAL_SURFACE('',#4142,3.,1.);
#14=TOROIDAL_SURFACE('',#4151,3.,1.);
#15=TOROIDAL_SURFACE('',#4153,3.,1.);
#16=TOROIDAL_SURFACE('',#4165,2.99999999999999,1.);
#17=B_SPLINE_SURFACE_WITH_KNOTS('',3,1,((#5897,#5898),(#5899,#5900),(#5901,
#5902),(#5903,#5904),(#5905,#5906),(#5907,#5908),(#5909,#5910),(#5911,#5912),
(#5913,#5914),(#5915,#5916),(#5917,#5918)),.UNSPECIFIED.,.F.,.F.,.F.,(4,
1,1,1,1,1,1,1,4),(2,2),(0.,0.140072103758804,0.280171659080746,0.41987804133905,
0.559937982310675,0.670003549517324,0.779855084376663,0.890096927876869,
1.),(0.,2.985984),.UNSPECIFIED.);
#18=B_SPLINE_SURFACE_WITH_KNOTS('',3,3,((#6308,#6309,#6310,#6311,#6312,
#6313,#6314,#6315,#6316,#6317,#6318),(#6319,#6320,#6321,#6322,#6323,#6324,
#6325,#6326,#6327,#6328,#6329),(#6330,#6331,#6332,#6333,#6334,#6335,#6336,
#6337,#6338,#6339,#6340),(#6341,#6342,#6343,#6344,#6345,#6346,#6347,#6348,
#6349,#6350,#6351),(#6352,#6353,#6354,#6355,#6356,#6357,#6358,#6359,#6360,
#6361,#6362)),.UNSPECIFIED.,.F.,.T.,.F.,(4,1,4),(4,1,1,1,1,1,1,1,4),(0.,
0.571428571428571,1.00995788580777),(-3.14159265358979,-2.69279370307697,
-2.24399475256414,-1.34639685153848,-0.448798950512828,0.448798950512828,
1.34639685153848,2.24399475256414,3.14159265358979),.UNSPECIFIED.);
#19=B_SPLINE_SURFACE_WITH_KNOTS('',3,3,((#6409,#6410,#6411,#6412,#6413,
#6414,#6415,#6416,#6417,#6418,#6419,#6420,#6421,#6422),(#6423,#6424,#6425,
#6426,#6427,#6428,#6429,#6430,#6431,#6432,#6433,#6434,#6435,#6436),(#6437,
#6438,#6439,#6440,#6441,#6442,#6443,#6444,#6445,#6446,#6447,#6448,#6449,
#6450),(#6451,#6452,#6453,#6454,#6455,#6456,#6457,#6458,#6459,#6460,#6461,
#6462,#6463,#6464),(#6465,#6466,#6467,#6468,#6469,#6470,#6471,#6472,#6473,
#6474,#6475,#6476,#6477,#6478),(#6479,#6480,#6481,#6482,#6483,#6484,#6485,
#6486,#6487,#6488,#6489,#6490,#6491,#6492)),.UNSPECIFIED.,.F.,.T.,.F.,(4,
1,1,4),(4,1,1,1,1,1,1,1,1,1,1,4),(0.,0.285714285714286,0.571428571428571,
1.),(0.,0.0875206425557201,0.17504128511144,0.35008257022288,0.52512385533432,
0.583470950371467,0.700165140445761,0.787685783001481,0.875206425557201,
1.05024771066864,1.13776835322436,1.22528899578008),.UNSPECIFIED.);
#20=B_SPLINE_SURFACE_WITH_KNOTS('',3,3,((#6548,#6549,#6550,#6551,#6552,
#6553,#6554,#6555,#6556,#6557,#6558,#6559,#6560,#6561,#6562),(#6563,#6564,
#6565,#6566,#6567,#6568,#6569,#6570,#6571,#6572,#6573,#6574,#6575,#6576,
#6577),(#6578,#6579,#6580,#6581,#6582,#6583,#6584,#6585,#6586,#6587,#6588,
#6589,#6590,#6591,#6592),(#6593,#6594,#6595,#6596,#6597,#6598,#6599,#6600,
#6601,#6602,#6603,#6604,#6605,#6606,#6607),(#6608,#6609,#6610,#6611,#6612,
#6613,#6614,#6615,#6616,#6617,#6618,#6619,#6620,#6621,#6622),(#6623,#6624,
#6625,#6626,#6627,#6628,#6629,#6630,#6631,#6632,#6633,#6634,#6635,#6636,
#6637)),.UNSPECIFIED.,.F.,.T.,.F.,(4,1,1,4),(4,1,1,1,1,1,1,1,1,1,1,1,4),
(0.,0.285714285714286,0.571428571428571,1.),(0.,0.0875205827366876,0.175041165473375,
0.350082330946751,0.525123496420126,0.554297023999022,0.583470551577918,
0.700164661893501,0.787685244630189,0.875205827366876,1.05024699284025,
1.13776757557694,1.22528815831363),.UNSPECIFIED.);
#21=B_SPLINE_SURFACE_WITH_KNOTS('',3,1,((#6983,#6984),(#6985,#6986),(#6987,
#6988),(#6989,#6990),(#6991,#6992)),.UNSPECIFIED.,.F.,.F.,.F.,(4,1,4),(2,
2),(0.116936178533791,0.560092166323868,1.),(0.,2.985984),.UNSPECIFIED.);
#22=B_SPLINE_SURFACE_WITH_KNOTS('',3,1,((#7000,#7001),(#7002,#7003),(#7004,
#7005),(#7006,#7007),(#7008,#7009)),.UNSPECIFIED.,.F.,.F.,.F.,(4,1,4),(2,
2),(0.,0.560000424903571,0.937444437783187),(0.,2.985984),.UNSPECIFIED.);
#23=B_SPLINE_SURFACE_WITH_KNOTS('',3,1,((#7011,#7012),(#7013,#7014),(#7015,
#7016),(#7017,#7018),(#7019,#7020),(#7021,#7022),(#7023,#7024),(#7025,#7026),
(#7027,#7028),(#7029,#7030)),.UNSPECIFIED.,.F.,.F.,.F.,(4,1,1,1,1,1,1,4),
(2,2),(0.,0.140751948794417,0.280815084000504,0.420844914748043,0.560939704891762,
0.706616629940359,0.853483625307489,1.),(0.,2.985984),.UNSPECIFIED.);
#24=B_SPLINE_SURFACE_WITH_KNOTS('',3,1,((#7032,#7033),(#7034,#7035),(#7036,
#7037),(#7038,#7039),(#7040,#7041),(#7042,#7043),(#7044,#7045),(#7046,#7047),
(#7048,#7049),(#7050,#7051)),.UNSPECIFIED.,.F.,.F.,.F.,(4,1,1,1,1,1,1,4),
(2,2),(0.,0.140291155626092,0.280524722837018,0.420302894462431,0.55970202276422,
0.706552210661339,0.853510426129101,1.),(0.,2.985984),.UNSPECIFIED.);
#25=B_SPLINE_SURFACE_WITH_KNOTS('',3,1,((#7053,#7054),(#7055,#7056),(#7057,
#7058),(#7059,#7060),(#7061,#7062)),.UNSPECIFIED.,.F.,.F.,.F.,(4,1,4),(2,
2),(0.,0.559995728472429,1.),(0.,2.985984),.UNSPECIFIED.);
#26=B_SPLINE_SURFACE_WITH_KNOTS('',3,1,((#7064,#7065),(#7066,#7067),(#7068,
#7069),(#7070,#7071),(#7072,#7073),(#7074,#7075),(#7076,#7077)),
 .UNSPECIFIED.,.F.,.F.,.F.,(4,1,1,1,4),(2,2),(0.,0.340001436845088,0.560001148733792,
0.780000523681876,1.),(0.,2.985984),.UNSPECIFIED.);
#27=B_SPLINE_SURFACE_WITH_KNOTS('',3,1,((#7079,#7080),(#7081,#7082),(#7083,
#7084),(#7085,#7086),(#7087,#7088)),.UNSPECIFIED.,.F.,.F.,.F.,(4,1,4),(2,
2),(0.,0.559911159504481,1.),(0.,2.985984),.UNSPECIFIED.);
#28=B_SPLINE_SURFACE_WITH_KNOTS('',3,1,((#7090,#7091),(#7092,#7093),(#7094,
#7095),(#7096,#7097),(#7098,#7099)),.UNSPECIFIED.,.F.,.F.,.F.,(4,1,4),(2,
2),(0.,0.559603533156218,1.),(0.,2.985984),.UNSPECIFIED.);
#29=B_SPLINE_SURFACE_WITH_KNOTS('',3,1,((#7101,#7102),(#7103,#7104),(#7105,
#7106),(#7107,#7108),(#7109,#7110)),.UNSPECIFIED.,.F.,.F.,.F.,(4,1,4),(2,
2),(0.,0.559396107486681,1.),(0.,2.985984),.UNSPECIFIED.);
#30=B_SPLINE_SURFACE_WITH_KNOTS('',3,1,((#7112,#7113),(#7114,#7115),(#7116,
#7117),(#7118,#7119),(#7120,#7121)),.UNSPECIFIED.,.F.,.F.,.F.,(4,1,4),(2,
2),(0.,0.559999932778834,1.),(0.,2.985984),.UNSPECIFIED.);
#31=B_SPLINE_SURFACE_WITH_KNOTS('',3,1,((#7123,#7124),(#7125,#7126),(#7127,
#7128),(#7129,#7130),(#7131,#7132),(#7133,#7134)),.UNSPECIFIED.,.F.,.F.,
 .F.,(4,1,1,4),(2,2),(0.,0.279916139258279,0.559894428793587,1.),(0.,2.985984),
 .UNSPECIFIED.);
#32=B_SPLINE_SURFACE_WITH_KNOTS('',3,1,((#7136,#7137),(#7138,#7139),(#7140,
#7141),(#7142,#7143),(#7144,#7145),(#7146,#7147),(#7148,#7149),(#7150,#7151),
(#7152,#7153),(#7154,#7155),(#7156,#7157)),.UNSPECIFIED.,.F.,.F.,.F.,(4,
1,1,1,1,1,1,1,4),(2,2),(0.,0.112622720445535,0.224853298143142,0.336238062339935,
0.448395069159091,0.560475150610455,0.706551849719944,0.853069401941065,
1.),(0.,2.985984),.UNSPECIFIED.);
#33=B_SPLINE_SURFACE_WITH_KNOTS('',3,1,((#7158,#7159),(#7160,#7161),(#7162,
#7163),(#7164,#7165),(#7166,#7167)),.UNSPECIFIED.,.F.,.F.,.F.,(4,1,4),(2,
2),(0.,0.560071318073196,1.),(0.,2.985984),.UNSPECIFIED.);
#34=B_SPLINE_SURFACE_WITH_KNOTS('',3,1,((#7169,#7170),(#7171,#7172),(#7173,
#7174),(#7175,#7176),(#7177,#7178)),.UNSPECIFIED.,.F.,.F.,.F.,(4,1,4),(2,
2),(0.,0.55999999337965,1.),(0.,2.985984),.UNSPECIFIED.);
#35=B_SPLINE_SURFACE_WITH_KNOTS('',3,1,((#7180,#7181),(#7182,#7183),(#7184,
#7185),(#7186,#7187),(#7188,#7189)),.UNSPECIFIED.,.F.,.F.,.F.,(4,1,4),(2,
2),(0.,0.559785669827564,1.),(0.,2.985984),.UNSPECIFIED.);
#36=B_SPLINE_SURFACE_WITH_KNOTS('',3,1,((#7191,#7192),(#7193,#7194),(#7195,
#7196),(#7197,#7198),(#7199,#7200)),.UNSPECIFIED.,.F.,.F.,.F.,(4,1,4),(2,
2),(0.,0.560154581100042,1.),(0.,2.985984),.UNSPECIFIED.);
#37=B_SPLINE_CURVE_WITH_KNOTS('',3,(#5791,#5792,#5793,#5794,#5795,#5796,
#5797,#5798,#5799,#5800,#5801,#5802,#5803,#5804,#5805,#5806,#5807,#5808,
#5809,#5810,#5811,#5812,#5813,#5814,#5815,#5816,#5817,#5818,#5819,#5820,
#5821,#5822,#5823,#5824,#5825,#5826,#5827,#5828,#5829,#5830,#5831,#5832,
#5833,#5834,#5835,#5836,#5837,#5838,#5839,#5840,#5841,#5842,#5843,#5844,
#5845,#5846,#5847,#5848,#5849,#5850,#5851,#5852,#5853,#5854,#5855,#5856,
#5857,#5858,#5859,#5860,#5861,#5862,#5863,#5864,#5865,#5866,#5867,#5868,
#5869,#5870,#5871,#5872,#5873,#5874,#5875,#5876,#5877,#5878,#5879,#5880,
#5881,#5882,#5883,#5884,#5885,#5886,#5887,#5888,#5889,#5890,#5891,#5892,
#5893,#5894,#5895,#5896),.UNSPECIFIED.,.T.,.F.,(4,3,3,3,3,3,3,3,3,3,3,3,
3,3,3,3,3,3,3,3,3,3,3,3,3,3,3,3,3,3,3,3,3,3,3,4),(-1.22528815831363,-1.19020957591233,
-1.15269793205107,-1.13776757647469,-1.05903611643442,-1.05024699284025,
-1.01231875869608,-0.977325831932675,-0.943000199958173,-0.908913525214505,
-0.875205827366876,-0.840153759744064,-0.802749515306141,-0.787685244630189,
-0.733709649809836,-0.700164661893501,-0.663381046871104,-0.627604375730504,
-0.593055275205409,-0.583470551577918,-0.554297023999022,-0.525123496420126,
-0.463741022108335,-0.422873216650949,-0.386420882610556,-0.350082330946751,
-0.316072335415814,-0.280814542930204,-0.24518172002072,-0.209548897111235,
-0.175041165473375,-0.11729837016574,-0.0875205818548122,-0.0495785820686204,
-0.0143205363154213,0.),.UNSPECIFIED.);
#38=B_SPLINE_CURVE_WITH_KNOTS('',3,(#5921,#5922,#5923,#5924,#5925),
 .UNSPECIFIED.,.F.,.F.,(4,1,4),(-1.0323392491226,-0.549870642901889,0.),
 .UNSPECIFIED.);
#39=B_SPLINE_CURVE_WITH_KNOTS('',3,(#5929,#5930,#5931,#5932,#5933,#5934,
#5935,#5936,#5937,#5938),.UNSPECIFIED.,.F.,.F.,(4,1,1,1,1,1,1,4),(0.,0.140072103758804,
0.280171659080746,0.41987804133905,0.559937982310675,0.670003549517324,
0.779855084376663,0.79366555313235),.UNSPECIFIED.);
#40=B_SPLINE_CURVE_WITH_KNOTS('',3,(#5942,#5943,#5944,#5945,#5946,#5947,
#5948,#5949,#5950,#5951,#5952),.UNSPECIFIED.,.F.,.F.,(4,1,1,1,1,1,1,1,4),
(0.,0.140072103758804,0.280171659080746,0.41987804133905,0.559937982310675,
0.670003549517324,0.779855084376663,0.890096927876869,1.),.UNSPECIFIED.);
#41=B_SPLINE_CURVE_WITH_KNOTS('',3,(#6021,#6022,#6023,#6024,#6025,#6026,
#6027,#6028,#6029,#6030),.UNSPECIFIED.,.F.,.F.,(4,1,1,1,1,1,1,4),(0.211001534297012,
0.224853298143142,0.336238062339935,0.448395069159091,0.560475150610455,
0.706551849719944,0.853069401941065,1.),.UNSPECIFIED.);
#42=B_SPLINE_CURVE_WITH_KNOTS('',3,(#6032,#6033,#6034,#6035,#6036,#6037),
 .UNSPECIFIED.,.F.,.F.,(4,1,1,4),(0.,0.279916139258279,0.559894428793587,
1.),.UNSPECIFIED.);
#43=B_SPLINE_CURVE_WITH_KNOTS('',3,(#6039,#6040,#6041,#6042,#6043),
 .UNSPECIFIED.,.F.,.F.,(4,1,4),(0.,0.559999932778834,1.),.UNSPECIFIED.);
#44=B_SPLINE_CURVE_WITH_KNOTS('',3,(#6045,#6046,#6047,#6048,#6049),
 .UNSPECIFIED.,.F.,.F.,(4,1,4),(0.,0.559396107486681,1.),.UNSPECIFIED.);
#45=B_SPLINE_CURVE_WITH_KNOTS('',3,(#6051,#6052,#6053,#6054,#6055),
 .UNSPECIFIED.,.F.,.F.,(4,1,4),(0.,0.559603533156218,1.),.UNSPECIFIED.);
#46=B_SPLINE_CURVE_WITH_KNOTS('',3,(#6057,#6058,#6059,#6060,#6061),
 .UNSPECIFIED.,.F.,.F.,(4,1,4),(0.,0.559911159504481,1.),.UNSPECIFIED.);
#47=B_SPLINE_CURVE_WITH_KNOTS('',3,(#6063,#6064,#6065,#6066,#6067,#6068,
#6069),.UNSPECIFIED.,.F.,.F.,(4,1,1,1,4),(0.,0.340001436845088,0.560001148733792,
0.780000523681876,1.),.UNSPECIFIED.);
#48=B_SPLINE_CURVE_WITH_KNOTS('',3,(#6071,#6072,#6073,#6074,#6075),
 .UNSPECIFIED.,.F.,.F.,(4,1,4),(0.,0.559995728472429,1.),.UNSPECIFIED.);
#49=B_SPLINE_CURVE_WITH_KNOTS('',3,(#6077,#6078,#6079,#6080,#6081,#6082,
#6083,#6084,#6085,#6086),.UNSPECIFIED.,.F.,.F.,(4,1,1,1,1,1,1,4),(0.,0.140291155626092,
0.280524722837018,0.420302894462431,0.55970202276422,0.706552210661339,
0.853510426129101,1.),.UNSPECIFIED.);
#50=B_SPLINE_CURVE_WITH_KNOTS('',3,(#6088,#6089,#6090,#6091,#6092,#6093,
#6094,#6095,#6096,#6097),.UNSPECIFIED.,.F.,.F.,(4,1,1,1,1,1,1,4),(0.,0.140751948794417,
0.280815084000504,0.420844914748043,0.560939704891762,0.706616629940359,
0.853483625307489,1.),.UNSPECIFIED.);
#51=B_SPLINE_CURVE_WITH_KNOTS('',3,(#6099,#6100,#6101,#6102,#6103),
 .UNSPECIFIED.,.F.,.F.,(4,1,4),(0.,0.560000424903571,0.937444437783187),
 .UNSPECIFIED.);
#52=B_SPLINE_CURVE_WITH_KNOTS('',3,(#6159,#6160,#6161,#6162,#6163),
 .UNSPECIFIED.,.F.,.F.,(4,1,4),(-2.33698486456669,-1.08961251089288,-1.0000009336153E-6),
 .UNSPECIFIED.);
#53=B_SPLINE_CURVE_WITH_KNOTS('',3,(#6365,#6366,#6367,#6368,#6369),
 .UNSPECIFIED.,.F.,.F.,(4,1,4),(-1.00000000000068,-0.571428571428571,0.),
 .UNSPECIFIED.);
#54=B_SPLINE_CURVE_WITH_KNOTS('',3,(#6370,#6371,#6372,#6373,#6374,#6375,
#6376,#6377,#6378,#6379,#6380),.UNSPECIFIED.,.T.,.F.,(4,1,1,1,1,1,1,1,4),
(-3.14159265358979,-2.69279370307697,-2.24399475256414,-1.34639685153848,
-0.448798950512828,0.448798950512828,1.34639685153848,2.24399475256414,
3.14159265358979),.UNSPECIFIED.);
#55=B_SPLINE_CURVE_WITH_KNOTS('',3,(#6495,#6496,#6497,#6498,#6499,#6500,
#6501,#6502,#6503,#6504),.UNSPECIFIED.,.F.,.F.,(4,3,3,4),(-1.,-0.571428571428571,
-0.285714285714286,0.),.UNSPECIFIED.);
#56=B_SPLINE_CURVE_WITH_KNOTS('',3,(#6506,#6507,#6508,#6509,#6510,#6511,
#6512,#6513,#6514),.UNSPECIFIED.,.F.,.F.,(4,1,1,1,1,1,4),(0.,0.0875206425557201,
0.17504128511144,0.35008257022288,0.52512385533432,0.583470950371467,0.612643024531068),
 .UNSPECIFIED.);
#57=B_SPLINE_CURVE_WITH_KNOTS('',3,(#6515,#6516,#6517,#6518,#6519,#6520,
#6521,#6522,#6523),.UNSPECIFIED.,.F.,.F.,(4,1,1,1,1,1,4),(0.612643024531068,
0.700165140445761,0.787685783001481,0.875206425557201,1.05024771066864,
1.13776835322436,1.22528899578008),.UNSPECIFIED.);
#58=B_SPLINE_CURVE_WITH_KNOTS('',3,(#6524,#6525,#6526,#6527,#6528,#6529,
#6530,#6531,#6532,#6533,#6534,#6535,#6536,#6537),.UNSPECIFIED.,.T.,.F.,
(4,1,1,1,1,1,1,1,1,1,1,4),(-1.22528899578008,-1.13776835322436,-1.05024771066864,
-0.875206425557201,-0.787685783001481,-0.700165140445761,-0.583470950371467,
-0.52512385533432,-0.35008257022288,-0.17504128511144,-0.0875206425557201,
0.),.UNSPECIFIED.);
#59=B_SPLINE_CURVE_WITH_KNOTS('',3,(#6639,#6640,#6641,#6642,#6643,#6644,
#6645,#6646,#6647,#6648),.UNSPECIFIED.,.F.,.F.,(4,3,3,4),(-1.,-0.571428571428571,
-0.285714285714286,0.),.UNSPECIFIED.);
#60=B_SPLINE_CURVE_WITH_KNOTS('',3,(#6650,#6651,#6652,#6653,#6654,#6655,
#6656,#6657,#6658,#6659),.UNSPECIFIED.,.F.,.F.,(4,1,1,1,1,1,1,4),(0.,0.0875205827366876,
0.175041165473375,0.350082330946751,0.525123496420126,0.554297023999022,
0.583470551577918,0.612642605792036),.UNSPECIFIED.);
#61=B_SPLINE_CURVE_WITH_KNOTS('',3,(#6660,#6661,#6662,#6663,#6664,#6665,
#6666,#6667,#6668),.UNSPECIFIED.,.F.,.F.,(4,1,1,1,1,1,4),(0.612642605792036,
0.700164661893501,0.787685244630189,0.875205827366876,1.05024699284025,
1.13776757557694,1.22528815831363),.UNSPECIFIED.);
#62=B_SPLINE_CURVE_WITH_KNOTS('',3,(#6753,#6754,#6755,#6756,#6757),
 .UNSPECIFIED.,.F.,.F.,(4,1,4),(0.116936178533791,0.560092166323868,1.),
 .UNSPECIFIED.);
#63=B_SPLINE_CURVE_WITH_KNOTS('',3,(#6759,#6760,#6761,#6762,#6763),
 .UNSPECIFIED.,.F.,.F.,(4,1,4),(0.,0.560154581100042,1.),.UNSPECIFIED.);
#64=B_SPLINE_CURVE_WITH_KNOTS('',3,(#6765,#6766,#6767,#6768,#6769),
 .UNSPECIFIED.,.F.,.F.,(4,1,4),(0.,0.559785669827564,1.),.UNSPECIFIED.);
#65=B_SPLINE_CURVE_WITH_KNOTS('',3,(#6771,#6772,#6773,#6774,#6775),
 .UNSPECIFIED.,.F.,.F.,(4,1,4),(0.,0.55999999337965,1.),.UNSPECIFIED.);
#66=B_SPLINE_CURVE_WITH_KNOTS('',3,(#6776,#6777,#6778,#6779,#6780),
 .UNSPECIFIED.,.F.,.F.,(4,1,4),(0.,0.560071318073196,1.),.UNSPECIFIED.);
#67=B_SPLINE_CURVE_WITH_KNOTS('',3,(#6834,#6835,#6836,#6837,#6838),
 .UNSPECIFIED.,.F.,.F.,(4,1,4),(0.116936178533791,0.560092166323868,1.),
 .UNSPECIFIED.);
#68=B_SPLINE_CURVE_WITH_KNOTS('',3,(#6846,#6847,#6848,#6849,#6850),
 .UNSPECIFIED.,.F.,.F.,(4,1,4),(0.,0.560000424903571,0.937444437783187),
 .UNSPECIFIED.);
#69=B_SPLINE_CURVE_WITH_KNOTS('',3,(#6852,#6853,#6854,#6855,#6856,#6857,
#6858,#6859,#6860,#6861),.UNSPECIFIED.,.F.,.F.,(4,1,1,1,1,1,1,4),(0.,0.140751948794417,
0.280815084000504,0.420844914748043,0.560939704891762,0.706616629940359,
0.853483625307489,1.),.UNSPECIFIED.);
#70=B_SPLINE_CURVE_WITH_KNOTS('',3,(#6863,#6864,#6865,#6866,#6867,#6868,
#6869,#6870,#6871,#6872),.UNSPECIFIED.,.F.,.F.,(4,1,1,1,1,1,1,4),(0.,0.140291155626092,
0.280524722837018,0.420302894462431,0.55970202276422,0.706552210661339,
0.853510426129101,1.),.UNSPECIFIED.);
#71=B_SPLINE_CURVE_WITH_KNOTS('',3,(#6874,#6875,#6876,#6877,#6878),
 .UNSPECIFIED.,.F.,.F.,(4,1,4),(0.,0.559995728472429,1.),.UNSPECIFIED.);
#72=B_SPLINE_CURVE_WITH_KNOTS('',3,(#6880,#6881,#6882,#6883,#6884,#6885,
#6886),.UNSPECIFIED.,.F.,.F.,(4,1,1,1,4),(0.,0.340001436845088,0.560001148733792,
0.780000523681876,1.),.UNSPECIFIED.);
#73=B_SPLINE_CURVE_WITH_KNOTS('',3,(#6888,#6889,#6890,#6891,#6892),
 .UNSPECIFIED.,.F.,.F.,(4,1,4),(0.,0.559911159504481,1.),.UNSPECIFIED.);
#74=B_SPLINE_CURVE_WITH_KNOTS('',3,(#6894,#6895,#6896,#6897,#6898),
 .UNSPECIFIED.,.F.,.F.,(4,1,4),(0.,0.559603533156218,1.),.UNSPECIFIED.);
#75=B_SPLINE_CURVE_WITH_KNOTS('',3,(#6900,#6901,#6902,#6903,#6904),
 .UNSPECIFIED.,.F.,.F.,(4,1,4),(0.,0.559396107486681,1.),.UNSPECIFIED.);
#76=B_SPLINE_CURVE_WITH_KNOTS('',3,(#6906,#6907,#6908,#6909,#6910),
 .UNSPECIFIED.,.F.,.F.,(4,1,4),(0.,0.559999932778834,1.),.UNSPECIFIED.);
#77=B_SPLINE_CURVE_WITH_KNOTS('',3,(#6912,#6913,#6914,#6915,#6916,#6917),
 .UNSPECIFIED.,.F.,.F.,(4,1,1,4),(0.,0.279916139258279,0.559894428793587,
1.),.UNSPECIFIED.);
#78=B_SPLINE_CURVE_WITH_KNOTS('',3,(#6918,#6919,#6920,#6921,#6922,#6923,
#6924,#6925,#6926,#6927,#6928),.UNSPECIFIED.,.F.,.F.,(4,1,1,1,1,1,1,1,4),
(0.,0.112622720445535,0.224853298143142,0.336238062339935,0.448395069159091,
0.560475150610455,0.706551849719944,0.853069401941065,1.),.UNSPECIFIED.);
#79=B_SPLINE_CURVE_WITH_KNOTS('',3,(#6930,#6931,#6932,#6933,#6934),
 .UNSPECIFIED.,.F.,.F.,(4,1,4),(0.,0.560071318073196,1.),.UNSPECIFIED.);
#80=B_SPLINE_CURVE_WITH_KNOTS('',3,(#6936,#6937,#6938,#6939,#6940),
 .UNSPECIFIED.,.F.,.F.,(4,1,4),(0.,0.55999999337965,1.),.UNSPECIFIED.);
#81=B_SPLINE_CURVE_WITH_KNOTS('',3,(#6942,#6943,#6944,#6945,#6946),
 .UNSPECIFIED.,.F.,.F.,(4,1,4),(0.,0.559785669827564,1.),.UNSPECIFIED.);
#82=B_SPLINE_CURVE_WITH_KNOTS('',3,(#6947,#6948,#6949,#6950,#6951),
 .UNSPECIFIED.,.F.,.F.,(4,1,4),(0.,0.560154581100042,1.),.UNSPECIFIED.);
#83=STYLED_ITEM('',(#7221),#85);
#84=STYLED_ITEM('',(#7221),#86);
#85=MANIFOLD_SOLID_BREP('\X2\5B9E4F53\X0\1',#3927);
#86=MANIFOLD_SOLID_BREP('\X2\5B9E4F53\X0\2',#3928);
#87=FACE_BOUND('',#484,.T.);
#88=FACE_BOUND('',#487,.T.);
#89=FACE_BOUND('',#489,.T.);
#90=FACE_BOUND('',#490,.T.);
#91=FACE_BOUND('',#491,.T.);
#92=FACE_BOUND('',#492,.T.);
#93=FACE_BOUND('',#493,.T.);
#94=FACE_BOUND('',#494,.T.);
#95=FACE_BOUND('',#495,.T.);
#96=FACE_BOUND('',#496,.T.);
#97=FACE_BOUND('',#497,.T.);
#98=FACE_BOUND('',#507,.T.);
#99=FACE_BOUND('',#510,.T.);
#100=FACE_BOUND('',#513,.T.);
#101=FACE_BOUND('',#516,.T.);
#102=FACE_BOUND('',#531,.T.);
#103=FACE_BOUND('',#533,.T.);
#104=FACE_BOUND('',#545,.T.);
#105=FACE_BOUND('',#546,.T.);
#106=FACE_BOUND('',#547,.T.);
#107=FACE_BOUND('',#548,.T.);
#108=FACE_BOUND('',#549,.T.);
#109=FACE_BOUND('',#550,.T.);
#110=FACE_BOUND('',#551,.T.);
#111=FACE_BOUND('',#552,.T.);
#112=FACE_BOUND('',#553,.T.);
#113=FACE_BOUND('',#573,.T.);
#114=FACE_BOUND('',#581,.T.);
#115=FACE_BOUND('',#589,.T.);
#116=FACE_BOUND('',#597,.T.);
#117=FACE_BOUND('',#601,.T.);
#118=FACE_BOUND('',#602,.T.);
#119=FACE_BOUND('',#606,.T.);
#120=FACE_BOUND('',#622,.T.);
#121=FACE_BOUND('',#624,.T.);
#122=FACE_BOUND('',#635,.T.);
#123=FACE_BOUND('',#637,.T.);
#124=FACE_BOUND('',#642,.T.);
#125=FACE_BOUND('',#648,.T.);
#126=FACE_BOUND('',#649,.T.);
#127=FACE_BOUND('',#650,.T.);
#128=FACE_BOUND('',#657,.T.);
#129=FACE_BOUND('',#658,.T.);
#130=FACE_BOUND('',#667,.T.);
#131=FACE_BOUND('',#671,.T.);
#132=FACE_BOUND('',#675,.T.);
#133=FACE_BOUND('',#679,.T.);
#134=FACE_BOUND('',#683,.T.);
#135=FACE_BOUND('',#684,.T.);
#136=FACE_BOUND('',#686,.T.);
#137=FACE_BOUND('',#687,.T.);
#138=FACE_BOUND('',#690,.T.);
#139=FACE_BOUND('',#691,.T.);
#140=FACE_BOUND('',#693,.T.);
#141=FACE_BOUND('',#694,.T.);
#142=FACE_BOUND('',#704,.T.);
#143=FACE_BOUND('',#707,.T.);
#144=FACE_BOUND('',#709,.T.);
#145=FACE_BOUND('',#710,.T.);
#146=FACE_BOUND('',#711,.T.);
#147=FACE_BOUND('',#713,.T.);
#148=FACE_BOUND('',#715,.T.);
#149=FACE_BOUND('',#717,.T.);
#150=FACE_BOUND('',#718,.T.);
#151=FACE_BOUND('',#719,.T.);
#152=FACE_BOUND('',#720,.T.);
#153=FACE_BOUND('',#721,.T.);
#154=FACE_BOUND('',#724,.T.);
#155=FACE_BOUND('',#731,.T.);
#156=PLANE('',#3945);
#157=PLANE('',#3950);
#158=PLANE('',#3952);
#159=PLANE('',#3963);
#160=PLANE('',#3964);
#161=PLANE('',#3965);
#162=PLANE('',#3966);
#163=PLANE('',#3967);
#164=PLANE('',#3968);
#165=PLANE('',#3969);
#166=PLANE('',#3970);
#167=PLANE('',#3971);
#168=PLANE('',#3976);
#169=PLANE('',#3981);
#170=PLANE('',#3986);
#171=PLANE('',#4013);
#172=PLANE('',#4014);
#173=PLANE('',#4015);
#174=PLANE('',#4016);
#175=PLANE('',#4017);
#176=PLANE('',#4018);
#177=PLANE('',#4019);
#178=PLANE('',#4020);
#179=PLANE('',#4023);
#180=PLANE('',#4024);
#181=PLANE('',#4025);
#182=PLANE('',#4026);
#183=PLANE('',#4028);
#184=PLANE('',#4029);
#185=PLANE('',#4030);
#186=PLANE('',#4031);
#187=PLANE('',#4032);
#188=PLANE('',#4034);
#189=PLANE('',#4035);
#190=PLANE('',#4048);
#191=PLANE('',#4049);
#192=PLANE('',#4050);
#193=PLANE('',#4051);
#194=PLANE('',#4052);
#195=PLANE('',#4053);
#196=PLANE('',#4054);
#197=PLANE('',#4055);
#198=PLANE('',#4056);
#199=PLANE('',#4057);
#200=PLANE('',#4058);
#201=PLANE('',#4059);
#202=PLANE('',#4060);
#203=PLANE('',#4061);
#204=PLANE('',#4062);
#205=PLANE('',#4063);
#206=PLANE('',#4064);
#207=PLANE('',#4065);
#208=PLANE('',#4066);
#209=PLANE('',#4067);
#210=PLANE('',#4068);
#211=PLANE('',#4069);
#212=PLANE('',#4070);
#213=PLANE('',#4071);
#214=PLANE('',#4072);
#215=PLANE('',#4073);
#216=PLANE('',#4074);
#217=PLANE('',#4075);
#218=PLANE('',#4076);
#219=PLANE('',#4077);
#220=PLANE('',#4079);
#221=PLANE('',#4082);
#222=PLANE('',#4083);
#223=PLANE('',#4099);
#224=PLANE('',#4105);
#225=PLANE('',#4106);
#226=PLANE('',#4110);
#227=PLANE('',#4111);
#228=PLANE('',#4117);
#229=PLANE('',#4118);
#230=PLANE('',#4119);
#231=PLANE('',#4120);
#232=PLANE('',#4121);
#233=PLANE('',#4122);
#234=PLANE('',#4123);
#235=PLANE('',#4125);
#236=PLANE('',#4127);
#237=PLANE('',#4128);
#238=PLANE('',#4129);
#239=PLANE('',#4130);
#240=PLANE('',#4131);
#241=PLANE('',#4132);
#242=PLANE('',#4133);
#243=PLANE('',#4135);
#244=PLANE('',#4137);
#245=PLANE('',#4139);
#246=PLANE('',#4141);
#247=PLANE('',#4150);
#248=PLANE('',#4160);
#249=PLANE('',#4178);
#250=PLANE('',#4180);
#251=PLANE('',#4181);
#252=PLANE('',#4182);
#253=PLANE('',#4183);
#254=PLANE('',#4184);
#255=PLANE('',#4191);
#256=PLANE('',#4198);
#257=PLANE('',#4205);
#258=PLANE('',#4212);
#259=PLANE('',#4213);
#260=PLANE('',#4214);
#261=PLANE('',#4215);
#262=PLANE('',#4216);
#263=PLANE('',#4217);
#264=PLANE('',#4218);
#265=PLANE('',#4221);
#266=PLANE('',#4222);
#267=PLANE('',#4231);
#268=PLANE('',#4234);
#269=PLANE('',#4235);
#270=PLANE('',#4236);
#271=PLANE('',#4237);
#272=PLANE('',#4242);
#273=PLANE('',#4247);
#274=PLANE('',#4249);
#275=PLANE('',#4251);
#276=PLANE('',#4253);
#277=PLANE('',#4255);
#278=PLANE('',#4256);
#279=PLANE('',#4257);
#280=PLANE('',#4258);
#281=FACE_OUTER_BOUND('',#482,.T.);
#282=FACE_OUTER_BOUND('',#483,.T.);
#283=FACE_OUTER_BOUND('',#485,.T.);
#284=FACE_OUTER_BOUND('',#486,.T.);
#285=FACE_OUTER_BOUND('',#488,.T.);
#286=FACE_OUTER_BOUND('',#498,.T.);
#287=FACE_OUTER_BOUND('',#499,.T.);
#288=FACE_OUTER_BOUND('',#500,.T.);
#289=FACE_OUTER_BOUND('',#501,.T.);
#290=FACE_OUTER_BOUND('',#502,.T.);
#291=FACE_OUTER_BOUND('',#503,.T.);
#292=FACE_OUTER_BOUND('',#504,.T.);
#293=FACE_OUTER_BOUND('',#505,.T.);
#294=FACE_OUTER_BOUND('',#506,.T.);
#295=FACE_OUTER_BOUND('',#508,.T.);
#296=FACE_OUTER_BOUND('',#509,.T.);
#297=FACE_OUTER_BOUND('',#511,.T.);
#298=FACE_OUTER_BOUND('',#512,.T.);
#299=FACE_OUTER_BOUND('',#514,.T.);
#300=FACE_OUTER_BOUND('',#515,.T.);
#301=FACE_OUTER_BOUND('',#517,.T.);
#302=FACE_OUTER_BOUND('',#518,.T.);
#303=FACE_OUTER_BOUND('',#519,.T.);
#304=FACE_OUTER_BOUND('',#520,.T.);
#305=FACE_OUTER_BOUND('',#521,.T.);
#306=FACE_OUTER_BOUND('',#522,.T.);
#307=FACE_OUTER_BOUND('',#523,.T.);
#308=FACE_OUTER_BOUND('',#524,.T.);
#309=FACE_OUTER_BOUND('',#525,.T.);
#310=FACE_OUTER_BOUND('',#526,.T.);
#311=FACE_OUTER_BOUND('',#527,.T.);
#312=FACE_OUTER_BOUND('',#528,.T.);
#313=FACE_OUTER_BOUND('',#529,.T.);
#314=FACE_OUTER_BOUND('',#530,.T.);
#315=FACE_OUTER_BOUND('',#532,.T.);
#316=FACE_OUTER_BOUND('',#534,.T.);
#317=FACE_OUTER_BOUND('',#535,.T.);
#318=FACE_OUTER_BOUND('',#536,.T.);
#319=FACE_OUTER_BOUND('',#537,.T.);
#320=FACE_OUTER_BOUND('',#538,.T.);
#321=FACE_OUTER_BOUND('',#539,.T.);
#322=FACE_OUTER_BOUND('',#540,.T.);
#323=FACE_OUTER_BOUND('',#541,.T.);
#324=FACE_OUTER_BOUND('',#542,.T.);
#325=FACE_OUTER_BOUND('',#543,.T.);
#326=FACE_OUTER_BOUND('',#544,.T.);
#327=FACE_OUTER_BOUND('',#554,.T.);
#328=FACE_OUTER_BOUND('',#555,.T.);
#329=FACE_OUTER_BOUND('',#556,.T.);
#330=FACE_OUTER_BOUND('',#557,.T.);
#331=FACE_OUTER_BOUND('',#558,.T.);
#332=FACE_OUTER_BOUND('',#559,.T.);
#333=FACE_OUTER_BOUND('',#560,.T.);
#334=FACE_OUTER_BOUND('',#561,.T.);
#335=FACE_OUTER_BOUND('',#562,.T.);
#336=FACE_OUTER_BOUND('',#563,.T.);
#337=FACE_OUTER_BOUND('',#564,.T.);
#338=FACE_OUTER_BOUND('',#565,.T.);
#339=FACE_OUTER_BOUND('',#566,.T.);
#340=FACE_OUTER_BOUND('',#567,.T.);
#341=FACE_OUTER_BOUND('',#568,.T.);
#342=FACE_OUTER_BOUND('',#569,.T.);
#343=FACE_OUTER_BOUND('',#570,.T.);
#344=FACE_OUTER_BOUND('',#571,.T.);
#345=FACE_OUTER_BOUND('',#572,.T.);
#346=FACE_OUTER_BOUND('',#574,.T.);
#347=FACE_OUTER_BOUND('',#575,.T.);
#348=FACE_OUTER_BOUND('',#576,.T.);
#349=FACE_OUTER_BOUND('',#577,.T.);
#350=FACE_OUTER_BOUND('',#578,.T.);
#351=FACE_OUTER_BOUND('',#579,.T.);
#352=FACE_OUTER_BOUND('',#580,.T.);
#353=FACE_OUTER_BOUND('',#582,.T.);
#354=FACE_OUTER_BOUND('',#583,.T.);
#355=FACE_OUTER_BOUND('',#584,.T.);
#356=FACE_OUTER_BOUND('',#585,.T.);
#357=FACE_OUTER_BOUND('',#586,.T.);
#358=FACE_OUTER_BOUND('',#587,.T.);
#359=FACE_OUTER_BOUND('',#588,.T.);
#360=FACE_OUTER_BOUND('',#590,.T.);
#361=FACE_OUTER_BOUND('',#591,.T.);
#362=FACE_OUTER_BOUND('',#592,.T.);
#363=FACE_OUTER_BOUND('',#593,.T.);
#364=FACE_OUTER_BOUND('',#594,.T.);
#365=FACE_OUTER_BOUND('',#595,.T.);
#366=FACE_OUTER_BOUND('',#596,.T.);
#367=FACE_OUTER_BOUND('',#598,.T.);
#368=FACE_OUTER_BOUND('',#599,.T.);
#369=FACE_OUTER_BOUND('',#600,.T.);
#370=FACE_OUTER_BOUND('',#603,.T.);
#371=FACE_OUTER_BOUND('',#604,.T.);
#372=FACE_OUTER_BOUND('',#605,.T.);
#373=FACE_OUTER_BOUND('',#607,.T.);
#374=FACE_OUTER_BOUND('',#608,.T.);
#375=FACE_OUTER_BOUND('',#609,.T.);
#376=FACE_OUTER_BOUND('',#610,.T.);
#377=FACE_OUTER_BOUND('',#611,.T.);
#378=FACE_OUTER_BOUND('',#612,.T.);
#379=FACE_OUTER_BOUND('',#613,.T.);
#380=FACE_OUTER_BOUND('',#614,.T.);
#381=FACE_OUTER_BOUND('',#615,.T.);
#382=FACE_OUTER_BOUND('',#616,.T.);
#383=FACE_OUTER_BOUND('',#617,.T.);
#384=FACE_OUTER_BOUND('',#618,.T.);
#385=FACE_OUTER_BOUND('',#619,.T.);
#386=FACE_OUTER_BOUND('',#620,.T.);
#387=FACE_OUTER_BOUND('',#621,.T.);
#388=FACE_OUTER_BOUND('',#623,.T.);
#389=FACE_OUTER_BOUND('',#625,.T.);
#390=FACE_OUTER_BOUND('',#626,.T.);
#391=FACE_OUTER_BOUND('',#627,.T.);
#392=FACE_OUTER_BOUND('',#628,.T.);
#393=FACE_OUTER_BOUND('',#629,.T.);
#394=FACE_OUTER_BOUND('',#630,.T.);
#395=FACE_OUTER_BOUND('',#631,.T.);
#396=FACE_OUTER_BOUND('',#632,.T.);
#397=FACE_OUTER_BOUND('',#633,.T.);
#398=FACE_OUTER_BOUND('',#634,.T.);
#399=FACE_OUTER_BOUND('',#636,.T.);
#400=FACE_OUTER_BOUND('',#638,.T.);
#401=FACE_OUTER_BOUND('',#639,.T.);
#402=FACE_OUTER_BOUND('',#640,.T.);
#403=FACE_OUTER_BOUND('',#641,.T.);
#404=FACE_OUTER_BOUND('',#643,.T.);
#405=FACE_OUTER_BOUND('',#644,.T.);
#406=FACE_OUTER_BOUND('',#645,.T.);
#407=FACE_OUTER_BOUND('',#646,.T.);
#408=FACE_OUTER_BOUND('',#647,.T.);
#409=FACE_OUTER_BOUND('',#651,.T.);
#410=FACE_OUTER_BOUND('',#652,.T.);
#411=FACE_OUTER_BOUND('',#653,.T.);
#412=FACE_OUTER_BOUND('',#654,.T.);
#413=FACE_OUTER_BOUND('',#655,.T.);
#414=FACE_OUTER_BOUND('',#656,.T.);
#415=FACE_OUTER_BOUND('',#659,.T.);
#416=FACE_OUTER_BOUND('',#660,.T.);
#417=FACE_OUTER_BOUND('',#661,.T.);
#418=FACE_OUTER_BOUND('',#662,.T.);
#419=FACE_OUTER_BOUND('',#663,.T.);
#420=FACE_OUTER_BOUND('',#664,.T.);
#421=FACE_OUTER_BOUND('',#665,.T.);
#422=FACE_OUTER_BOUND('',#666,.T.);
#423=FACE_OUTER_BOUND('',#668,.T.);
#424=FACE_OUTER_BOUND('',#669,.T.);
#425=FACE_OUTER_BOUND('',#670,.T.);
#426=FACE_OUTER_BOUND('',#672,.T.);
#427=FACE_OUTER_BOUND('',#673,.T.);
#428=FACE_OUTER_BOUND('',#674,.T.);
#429=FACE_OUTER_BOUND('',#676,.T.);
#430=FACE_OUTER_BOUND('',#677,.T.);
#431=FACE_OUTER_BOUND('',#678,.T.);
#432=FACE_OUTER_BOUND('',#680,.T.);
#433=FACE_OUTER_BOUND('',#681,.T.);
#434=FACE_OUTER_BOUND('',#682,.T.);
#435=FACE_OUTER_BOUND('',#685,.T.);
#436=FACE_OUTER_BOUND('',#688,.T.);
#437=FACE_OUTER_BOUND('',#689,.T.);
#438=FACE_OUTER_BOUND('',#692,.T.);
#439=FACE_OUTER_BOUND('',#695,.T.);
#440=FACE_OUTER_BOUND('',#696,.T.);
#441=FACE_OUTER_BOUND('',#697,.T.);
#442=FACE_OUTER_BOUND('',#698,.T.);
#443=FACE_OUTER_BOUND('',#699,.T.);
#444=FACE_OUTER_BOUND('',#700,.T.);
#445=FACE_OUTER_BOUND('',#701,.T.);
#446=FACE_OUTER_BOUND('',#702,.T.);
#447=FACE_OUTER_BOUND('',#703,.T.);
#448=FACE_OUTER_BOUND('',#705,.T.);
#449=FACE_OUTER_BOUND('',#706,.T.);
#450=FACE_OUTER_BOUND('',#708,.T.);
#451=FACE_OUTER_BOUND('',#712,.T.);
#452=FACE_OUTER_BOUND('',#714,.T.);
#453=FACE_OUTER_BOUND('',#716,.T.);
#454=FACE_OUTER_BOUND('',#722,.T.);
#455=FACE_OUTER_BOUND('',#723,.T.);
#456=FACE_OUTER_BOUND('',#725,.T.);
#457=FACE_OUTER_BOUND('',#726,.T.);
#458=FACE_OUTER_BOUND('',#727,.T.);
#459=FACE_OUTER_BOUND('',#728,.T.);
#460=FACE_OUTER_BOUND('',#729,.T.);
#461=FACE_OUTER_BOUND('',#730,.T.);
#462=FACE_OUTER_BOUND('',#732,.T.);
#463=FACE_OUTER_BOUND('',#733,.T.);
#464=FACE_OUTER_BOUND('',#734,.T.);
#465=FACE_OUTER_BOUND('',#735,.T.);
#466=FACE_OUTER_BOUND('',#736,.T.);
#467=FACE_OUTER_BOUND('',#737,.T.);
#468=FACE_OUTER_BOUND('',#738,.T.);
#469=FACE_OUTER_BOUND('',#739,.T.);
#470=FACE_OUTER_BOUND('',#740,.T.);
#471=FACE_OUTER_BOUND('',#741,.T.);
#472=FACE_OUTER_BOUND('',#742,.T.);
#473=FACE_OUTER_BOUND('',#743,.T.);
#474=FACE_OUTER_BOUND('',#744,.T.);
#475=FACE_OUTER_BOUND('',#745,.T.);
#476=FACE_OUTER_BOUND('',#746,.T.);
#477=FACE_OUTER_BOUND('',#747,.T.);
#478=FACE_OUTER_BOUND('',#748,.T.);
#479=FACE_OUTER_BOUND('',#749,.T.);
#480=FACE_OUTER_BOUND('',#750,.T.);
#481=FACE_OUTER_BOUND('',#751,.T.);
#482=EDGE_LOOP('',(#2562,#2563,#2564,#2565));
#483=EDGE_LOOP('',(#2566));
#484=EDGE_LOOP('',(#2567));
#485=EDGE_LOOP('',(#2568,#2569,#2570,#2571));
#486=EDGE_LOOP('',(#2572));
#487=EDGE_LOOP('',(#2573));
#488=EDGE_LOOP('',(#2574,#2575,#2576,#2577,#2578,#2579,#2580,#2581,#2582,
#2583,#2584,#2585,#2586,#2587,#2588));
#489=EDGE_LOOP('',(#2589));
#490=EDGE_LOOP('',(#2590));
#491=EDGE_LOOP('',(#2591,#2592,#2593,#2594));
#492=EDGE_LOOP('',(#2595,#2596,#2597));
#493=EDGE_LOOP('',(#2598,#2599,#2600,#2601));
#494=EDGE_LOOP('',(#2602));
#495=EDGE_LOOP('',(#2603));
#496=EDGE_LOOP('',(#2604,#2605));
#497=EDGE_LOOP('',(#2606,#2607,#2608,#2609));
#498=EDGE_LOOP('',(#2610,#2611,#2612,#2613));
#499=EDGE_LOOP('',(#2614,#2615,#2616,#2617));
#500=EDGE_LOOP('',(#2618,#2619,#2620,#2621));
#501=EDGE_LOOP('',(#2622,#2623,#2624,#2625));
#502=EDGE_LOOP('',(#2626,#2627,#2628,#2629));
#503=EDGE_LOOP('',(#2630,#2631,#2632,#2633));
#504=EDGE_LOOP('',(#2634,#2635,#2636,#2637));
#505=EDGE_LOOP('',(#2638,#2639,#2640,#2641));
#506=EDGE_LOOP('',(#2642));
#507=EDGE_LOOP('',(#2643));
#508=EDGE_LOOP('',(#2644,#2645,#2646,#2647));
#509=EDGE_LOOP('',(#2648));
#510=EDGE_LOOP('',(#2649));
#511=EDGE_LOOP('',(#2650,#2651,#2652,#2653));
#512=EDGE_LOOP('',(#2654));
#513=EDGE_LOOP('',(#2655));
#514=EDGE_LOOP('',(#2656,#2657,#2658,#2659));
#515=EDGE_LOOP('',(#2660));
#516=EDGE_LOOP('',(#2661));
#517=EDGE_LOOP('',(#2662,#2663,#2664,#2665));
#518=EDGE_LOOP('',(#2666,#2667,#2668,#2669));
#519=EDGE_LOOP('',(#2670,#2671,#2672,#2673));
#520=EDGE_LOOP('',(#2674,#2675,#2676,#2677));
#521=EDGE_LOOP('',(#2678,#2679,#2680,#2681));
#522=EDGE_LOOP('',(#2682,#2683,#2684,#2685));
#523=EDGE_LOOP('',(#2686,#2687,#2688,#2689));
#524=EDGE_LOOP('',(#2690,#2691,#2692,#2693));
#525=EDGE_LOOP('',(#2694,#2695,#2696,#2697));
#526=EDGE_LOOP('',(#2698,#2699,#2700,#2701));
#527=EDGE_LOOP('',(#2702,#2703,#2704,#2705));
#528=EDGE_LOOP('',(#2706,#2707,#2708,#2709));
#529=EDGE_LOOP('',(#2710,#2711,#2712,#2713));
#530=EDGE_LOOP('',(#2714));
#531=EDGE_LOOP('',(#2715));
#532=EDGE_LOOP('',(#2716));
#533=EDGE_LOOP('',(#2717));
#534=EDGE_LOOP('',(#2718,#2719,#2720,#2721));
#535=EDGE_LOOP('',(#2722,#2723,#2724,#2725));
#536=EDGE_LOOP('',(#2726,#2727,#2728,#2729));
#537=EDGE_LOOP('',(#2730,#2731,#2732,#2733));
#538=EDGE_LOOP('',(#2734,#2735,#2736,#2737));
#539=EDGE_LOOP('',(#2738,#2739,#2740,#2741));
#540=EDGE_LOOP('',(#2742,#2743,#2744,#2745));
#541=EDGE_LOOP('',(#2746,#2747,#2748,#2749));
#542=EDGE_LOOP('',(#2750,#2751,#2752,#2753));
#543=EDGE_LOOP('',(#2754,#2755,#2756,#2757));
#544=EDGE_LOOP('',(#2758,#2759,#2760,#2761,#2762,#2763,#2764,#2765,#2766,
#2767,#2768,#2769,#2770,#2771,#2772));
#545=EDGE_LOOP('',(#2773,#2774,#2775,#2776));
#546=EDGE_LOOP('',(#2777,#2778,#2779,#2780));
#547=EDGE_LOOP('',(#2781));
#548=EDGE_LOOP('',(#2782));
#549=EDGE_LOOP('',(#2783));
#550=EDGE_LOOP('',(#2784));
#551=EDGE_LOOP('',(#2785,#2786,#2787));
#552=EDGE_LOOP('',(#2788,#2789));
#553=EDGE_LOOP('',(#2790,#2791,#2792,#2793));
#554=EDGE_LOOP('',(#2794,#2795,#2796,#2797));
#555=EDGE_LOOP('',(#2798,#2799,#2800,#2801));
#556=EDGE_LOOP('',(#2802,#2803,#2804,#2805));
#557=EDGE_LOOP('',(#2806,#2807,#2808,#2809));
#558=EDGE_LOOP('',(#2810,#2811,#2812,#2813));
#559=EDGE_LOOP('',(#2814,#2815,#2816,#2817));
#560=EDGE_LOOP('',(#2818,#2819,#2820,#2821));
#561=EDGE_LOOP('',(#2822,#2823,#2824,#2825));
#562=EDGE_LOOP('',(#2826,#2827,#2828,#2829));
#563=EDGE_LOOP('',(#2830,#2831,#2832,#2833));
#564=EDGE_LOOP('',(#2834,#2835,#2836,#2837));
#565=EDGE_LOOP('',(#2838,#2839,#2840,#2841));
#566=EDGE_LOOP('',(#2842,#2843,#2844,#2845));
#567=EDGE_LOOP('',(#2846,#2847,#2848,#2849));
#568=EDGE_LOOP('',(#2850,#2851,#2852,#2853));
#569=EDGE_LOOP('',(#2854,#2855,#2856,#2857));
#570=EDGE_LOOP('',(#2858,#2859,#2860,#2861));
#571=EDGE_LOOP('',(#2862,#2863,#2864,#2865));
#572=EDGE_LOOP('',(#2866,#2867,#2868,#2869,#2870,#2871));
#573=EDGE_LOOP('',(#2872));
#574=EDGE_LOOP('',(#2873,#2874,#2875,#2876));
#575=EDGE_LOOP('',(#2877,#2878,#2879,#2880));
#576=EDGE_LOOP('',(#2881,#2882,#2883,#2884));
#577=EDGE_LOOP('',(#2885,#2886,#2887,#2888));
#578=EDGE_LOOP('',(#2889,#2890,#2891,#2892));
#579=EDGE_LOOP('',(#2893,#2894,#2895,#2896));
#580=EDGE_LOOP('',(#2897,#2898,#2899,#2900,#2901,#2902));
#581=EDGE_LOOP('',(#2903));
#582=EDGE_LOOP('',(#2904,#2905,#2906,#2907));
#583=EDGE_LOOP('',(#2908,#2909,#2910,#2911));
#584=EDGE_LOOP('',(#2912,#2913,#2914,#2915));
#585=EDGE_LOOP('',(#2916,#2917,#2918,#2919));
#586=EDGE_LOOP('',(#2920,#2921,#2922,#2923));
#587=EDGE_LOOP('',(#2924,#2925,#2926,#2927));
#588=EDGE_LOOP('',(#2928,#2929,#2930,#2931,#2932,#2933));
#589=EDGE_LOOP('',(#2934));
#590=EDGE_LOOP('',(#2935,#2936,#2937,#2938));
#591=EDGE_LOOP('',(#2939,#2940,#2941,#2942));
#592=EDGE_LOOP('',(#2943,#2944,#2945,#2946));
#593=EDGE_LOOP('',(#2947,#2948,#2949,#2950));
#594=EDGE_LOOP('',(#2951,#2952,#2953,#2954));
#595=EDGE_LOOP('',(#2955,#2956,#2957,#2958));
#596=EDGE_LOOP('',(#2959,#2960,#2961,#2962,#2963,#2964));
#597=EDGE_LOOP('',(#2965));
#598=EDGE_LOOP('',(#2966,#2967,#2968,#2969));
#599=EDGE_LOOP('',(#2970,#2971,#2972,#2973,#2974,#2975,#2976));
#600=EDGE_LOOP('',(#2977,#2978,#2979,#2980,#2981,#2982,#2983,#2984));
#601=EDGE_LOOP('',(#2985));
#602=EDGE_LOOP('',(#2986));
#603=EDGE_LOOP('',(#2987,#2988,#2989,#2990,#2991,#2992,#2993,#2994,#2995,
#2996));
#604=EDGE_LOOP('',(#2997,#2998,#2999,#3000,#3001));
#605=EDGE_LOOP('',(#3002,#3003,#3004,#3005,#3006,#3007,#3008,#3009,#3010,
#3011,#3012,#3013));
#606=EDGE_LOOP('',(#3014));
#607=EDGE_LOOP('',(#3015,#3016,#3017,#3018,#3019,#3020));
#608=EDGE_LOOP('',(#3021,#3022,#3023,#3024,#3025,#3026,#3027,#3028,#3029,
#3030,#3031,#3032,#3033,#3034,#3035,#3036));
#609=EDGE_LOOP('',(#3037,#3038,#3039,#3040));
#610=EDGE_LOOP('',(#3041,#3042,#3043,#3044,#3045,#3046,#3047,#3048));
#611=EDGE_LOOP('',(#3049,#3050,#3051,#3052,#3053,#3054));
#612=EDGE_LOOP('',(#3055,#3056,#3057,#3058,#3059,#3060,#3061,#3062,#3063,
#3064,#3065,#3066,#3067,#3068,#3069,#3070,#3071,#3072,#3073,#3074,#3075,
#3076,#3077,#3078));
#613=EDGE_LOOP('',(#3079,#3080,#3081,#3082));
#614=EDGE_LOOP('',(#3083,#3084,#3085,#3086,#3087,#3088));
#615=EDGE_LOOP('',(#3089,#3090,#3091,#3092,#3093,#3094,#3095,#3096));
#616=EDGE_LOOP('',(#3097,#3098,#3099,#3100,#3101,#3102,#3103,#3104,#3105,
#3106,#3107,#3108,#3109,#3110,#3111));
#617=EDGE_LOOP('',(#3112,#3113,#3114,#3115,#3116,#3117,#3118,#3119,#3120,
#3121,#3122,#3123,#3124,#3125));
#618=EDGE_LOOP('',(#3126,#3127,#3128,#3129));
#619=EDGE_LOOP('',(#3130,#3131,#3132,#3133));
#620=EDGE_LOOP('',(#3134,#3135,#3136,#3137));
#621=EDGE_LOOP('',(#3138,#3139,#3140,#3141,#3142));
#622=EDGE_LOOP('',(#3143,#3144,#3145,#3146,#3147,#3148));
#623=EDGE_LOOP('',(#3149,#3150,#3151,#3152));
#624=EDGE_LOOP('',(#3153,#3154,#3155,#3156,#3157,#3158));
#625=EDGE_LOOP('',(#3159,#3160,#3161,#3162));
#626=EDGE_LOOP('',(#3163,#3164,#3165,#3166));
#627=EDGE_LOOP('',(#3167,#3168,#3169,#3170,#3171));
#628=EDGE_LOOP('',(#3172,#3173,#3174,#3175));
#629=EDGE_LOOP('',(#3176,#3177,#3178,#3179));
#630=EDGE_LOOP('',(#3180,#3181,#3182,#3183));
#631=EDGE_LOOP('',(#3184,#3185,#3186,#3187));
#632=EDGE_LOOP('',(#3188,#3189,#3190,#3191,#3192));
#633=EDGE_LOOP('',(#3193,#3194,#3195,#3196,#3197));
#634=EDGE_LOOP('',(#3198,#3199,#3200,#3201,#3202));
#635=EDGE_LOOP('',(#3203,#3204,#3205,#3206,#3207,#3208));
#636=EDGE_LOOP('',(#3209,#3210,#3211,#3212,#3213));
#637=EDGE_LOOP('',(#3214,#3215,#3216,#3217,#3218,#3219));
#638=EDGE_LOOP('',(#3220,#3221,#3222,#3223));
#639=EDGE_LOOP('',(#3224,#3225,#3226,#3227,#3228));
#640=EDGE_LOOP('',(#3229,#3230,#3231,#3232,#3233,#3234));
#641=EDGE_LOOP('',(#3235,#3236,#3237,#3238));
#642=EDGE_LOOP('',(#3239));
#643=EDGE_LOOP('',(#3240,#3241,#3242,#3243,#3244));
#644=EDGE_LOOP('',(#3245,#3246,#3247,#3248,#3249));
#645=EDGE_LOOP('',(#3250,#3251,#3252,#3253,#3254));
#646=EDGE_LOOP('',(#3255,#3256,#3257,#3258));
#647=EDGE_LOOP('',(#3259,#3260,#3261,#3262));
#648=EDGE_LOOP('',(#3263));
#649=EDGE_LOOP('',(#3264));
#650=EDGE_LOOP('',(#3265));
#651=EDGE_LOOP('',(#3266,#3267,#3268,#3269));
#652=EDGE_LOOP('',(#3270,#3271,#3272,#3273,#3274));
#653=EDGE_LOOP('',(#3275,#3276,#3277,#3278,#3279));
#654=EDGE_LOOP('',(#3280,#3281,#3282,#3283,#3284));
#655=EDGE_LOOP('',(#3285,#3286,#3287,#3288,#3289));
#656=EDGE_LOOP('',(#3290,#3291,#3292,#3293));
#657=EDGE_LOOP('',(#3294,#3295,#3296,#3297));
#658=EDGE_LOOP('',(#3298));
#659=EDGE_LOOP('',(#3299,#3300,#3301,#3302,#3303));
#660=EDGE_LOOP('',(#3304,#3305,#3306,#3307,#3308));
#661=EDGE_LOOP('',(#3309,#3310));
#662=EDGE_LOOP('',(#3311));
#663=EDGE_LOOP('',(#3312,#3313,#3314,#3315,#3316));
#664=EDGE_LOOP('',(#3317,#3318,#3319,#3320,#3321,#3322,#3323,#3324));
#665=EDGE_LOOP('',(#3325,#3326,#3327,#3328,#3329));
#666=EDGE_LOOP('',(#3330));
#667=EDGE_LOOP('',(#3331));
#668=EDGE_LOOP('',(#3332,#3333,#3334,#3335));
#669=EDGE_LOOP('',(#3336,#3337,#3338,#3339));
#670=EDGE_LOOP('',(#3340));
#671=EDGE_LOOP('',(#3341));
#672=EDGE_LOOP('',(#3342,#3343,#3344,#3345));
#673=EDGE_LOOP('',(#3346,#3347,#3348,#3349));
#674=EDGE_LOOP('',(#3350));
#675=EDGE_LOOP('',(#3351));
#676=EDGE_LOOP('',(#3352,#3353,#3354,#3355));
#677=EDGE_LOOP('',(#3356,#3357,#3358,#3359));
#678=EDGE_LOOP('',(#3360));
#679=EDGE_LOOP('',(#3361));
#680=EDGE_LOOP('',(#3362,#3363,#3364,#3365));
#681=EDGE_LOOP('',(#3366,#3367,#3368,#3369));
#682=EDGE_LOOP('',(#3370,#3371,#3372,#3373));
#683=EDGE_LOOP('',(#3374));
#684=EDGE_LOOP('',(#3375));
#685=EDGE_LOOP('',(#3376,#3377,#3378,#3379));
#686=EDGE_LOOP('',(#3380));
#687=EDGE_LOOP('',(#3381));
#688=EDGE_LOOP('',(#3382,#3383,#3384,#3385));
#689=EDGE_LOOP('',(#3386,#3387,#3388,#3389));
#690=EDGE_LOOP('',(#3390));
#691=EDGE_LOOP('',(#3391));
#692=EDGE_LOOP('',(#3392,#3393,#3394,#3395));
#693=EDGE_LOOP('',(#3396));
#694=EDGE_LOOP('',(#3397));
#695=EDGE_LOOP('',(#3398,#3399,#3400,#3401));
#696=EDGE_LOOP('',(#3402,#3403,#3404,#3405,#3406,#3407,#3408,#3409,#3410,
#3411,#3412,#3413,#3414));
#697=EDGE_LOOP('',(#3415,#3416,#3417,#3418));
#698=EDGE_LOOP('',(#3419,#3420,#3421,#3422));
#699=EDGE_LOOP('',(#3423,#3424,#3425,#3426));
#700=EDGE_LOOP('',(#3427,#3428,#3429,#3430));
#701=EDGE_LOOP('',(#3431,#3432,#3433,#3434));
#702=EDGE_LOOP('',(#3435,#3436,#3437,#3438));
#703=EDGE_LOOP('',(#3439,#3440,#3441,#3442,#3443,#3444,#3445,#3446));
#704=EDGE_LOOP('',(#3447));
#705=EDGE_LOOP('',(#3448,#3449,#3450,#3451));
#706=EDGE_LOOP('',(#3452,#3453,#3454,#3455,#3456,#3457,#3458,#3459));
#707=EDGE_LOOP('',(#3460));
#708=EDGE_LOOP('',(#3461,#3462,#3463,#3464));
#709=EDGE_LOOP('',(#3465,#3466,#3467,#3468));
#710=EDGE_LOOP('',(#3469));
#711=EDGE_LOOP('',(#3470));
#712=EDGE_LOOP('',(#3471,#3472,#3473,#3474,#3475,#3476,#3477,#3478));
#713=EDGE_LOOP('',(#3479));
#714=EDGE_LOOP('',(#3480,#3481,#3482,#3483,#3484,#3485,#3486,#3487,#3488,
#3489,#3490,#3491,#3492,#3493,#3494,#3495));
#715=EDGE_LOOP('',(#3496,#3497,#3498,#3499,#3500,#3501,#3502,#3503,#3504,
#3505,#3506,#3507,#3508,#3509,#3510,#3511,#3512,#3513,#3514,#3515,#3516,
#3517));
#716=EDGE_LOOP('',(#3518,#3519,#3520,#3521,#3522,#3523,#3524,#3525,#3526,
#3527,#3528,#3529,#3530,#3531,#3532,#3533));
#717=EDGE_LOOP('',(#3534));
#718=EDGE_LOOP('',(#3535));
#719=EDGE_LOOP('',(#3536));
#720=EDGE_LOOP('',(#3537));
#721=EDGE_LOOP('',(#3538,#3539,#3540,#3541,#3542,#3543,#3544,#3545,#3546,
#3547,#3548,#3549,#3550,#3551));
#722=EDGE_LOOP('',(#3552,#3553,#3554,#3555));
#723=EDGE_LOOP('',(#3556,#3557,#3558,#3559));
#724=EDGE_LOOP('',(#3560,#3561,#3562,#3563));
#725=EDGE_LOOP('',(#3564,#3565,#3566,#3567));
#726=EDGE_LOOP('',(#3568,#3569,#3570,#3571));
#727=EDGE_LOOP('',(#3572,#3573,#3574,#3575));
#728=EDGE_LOOP('',(#3576,#3577,#3578,#3579));
#729=EDGE_LOOP('',(#3580,#3581,#3582,#3583));
#730=EDGE_LOOP('',(#3584,#3585,#3586,#3587));
#731=EDGE_LOOP('',(#3588,#3589,#3590,#3591));
#732=EDGE_LOOP('',(#3592,#3593,#3594,#3595));
#733=EDGE_LOOP('',(#3596,#3597,#3598,#3599));
#734=EDGE_LOOP('',(#3600,#3601,#3602,#3603));
#735=EDGE_LOOP('',(#3604,#3605,#3606,#3607));
#736=EDGE_LOOP('',(#3608,#3609,#3610,#3611));
#737=EDGE_LOOP('',(#3612,#3613,#3614,#3615));
#738=EDGE_LOOP('',(#3616,#3617,#3618,#3619));
#739=EDGE_LOOP('',(#3620,#3621,#3622,#3623));
#740=EDGE_LOOP('',(#3624,#3625,#3626,#3627));
#741=EDGE_LOOP('',(#3628,#3629,#3630,#3631));
#742=EDGE_LOOP('',(#3632,#3633,#3634,#3635));
#743=EDGE_LOOP('',(#3636,#3637,#3638,#3639));
#744=EDGE_LOOP('',(#3640,#3641,#3642,#3643));
#745=EDGE_LOOP('',(#3644,#3645,#3646,#3647));
#746=EDGE_LOOP('',(#3648,#3649,#3650,#3651));
#747=EDGE_LOOP('',(#3652,#3653,#3654,#3655,#3656,#3657));
#748=EDGE_LOOP('',(#3658,#3659,#3660,#3661));
#749=EDGE_LOOP('',(#3662,#3663,#3664,#3665));
#750=EDGE_LOOP('',(#3666,#3667,#3668,#3669));
#751=EDGE_LOOP('',(#3670,#3671,#3672,#3673));
#752=LINE('',#5274,#1126);
#753=LINE('',#5283,#1127);
#754=LINE('',#5291,#1128);
#755=LINE('',#5293,#1129);
#756=LINE('',#5295,#1130);
#757=LINE('',#5301,#1131);
#758=LINE('',#5303,#1132);
#759=LINE('',#5307,#1133);
#760=LINE('',#5313,#1134);
#761=LINE('',#5317,#1135);
#762=LINE('',#5318,#1136);
#763=LINE('',#5321,#1137);
#764=LINE('',#5323,#1138);
#765=LINE('',#5325,#1139);
#766=LINE('',#5326,#1140);
#767=LINE('',#5329,#1141);
#768=LINE('',#5331,#1142);
#769=LINE('',#5332,#1143);
#770=LINE('',#5335,#1144);
#771=LINE('',#5339,#1145);
#772=LINE('',#5340,#1146);
#773=LINE('',#5348,#1147);
#774=LINE('',#5351,#1148);
#775=LINE('',#5353,#1149);
#776=LINE('',#5355,#1150);
#777=LINE('',#5356,#1151);
#778=LINE('',#5360,#1152);
#779=LINE('',#5361,#1153);
#780=LINE('',#5362,#1154);
#781=LINE('',#5365,#1155);
#782=LINE('',#5366,#1156);
#783=LINE('',#5369,#1157);
#784=LINE('',#5370,#1158);
#785=LINE('',#5372,#1159);
#786=LINE('',#5376,#1160);
#787=LINE('',#5377,#1161);
#788=LINE('',#5378,#1162);
#789=LINE('',#5381,#1163);
#790=LINE('',#5382,#1164);
#791=LINE('',#5385,#1165);
#792=LINE('',#5386,#1166);
#793=LINE('',#5388,#1167);
#794=LINE('',#5397,#1168);
#795=LINE('',#5406,#1169);
#796=LINE('',#5415,#1170);
#797=LINE('',#5424,#1171);
#798=LINE('',#5429,#1172);
#799=LINE('',#5430,#1173);
#800=LINE('',#5435,#1174);
#801=LINE('',#5436,#1175);
#802=LINE('',#5440,#1176);
#803=LINE('',#5445,#1177);
#804=LINE('',#5446,#1178);
#805=LINE('',#5451,#1179);
#806=LINE('',#5452,#1180);
#807=LINE('',#5457,#1181);
#808=LINE('',#5458,#1182);
#809=LINE('',#5460,#1183);
#810=LINE('',#5462,#1184);
#811=LINE('',#5466,#1185);
#812=LINE('',#5469,#1186);
#813=LINE('',#5474,#1187);
#814=LINE('',#5477,#1188);
#815=LINE('',#5482,#1189);
#816=LINE('',#5485,#1190);
#817=LINE('',#5486,#1191);
#818=LINE('',#5489,#1192);
#819=LINE('',#5490,#1193);
#820=LINE('',#5493,#1194);
#821=LINE('',#5494,#1195);
#822=LINE('',#5497,#1196);
#823=LINE('',#5498,#1197);
#824=LINE('',#5501,#1198);
#825=LINE('',#5502,#1199);
#826=LINE('',#5507,#1200);
#827=LINE('',#5509,#1201);
#828=LINE('',#5510,#1202);
#829=LINE('',#5513,#1203);
#830=LINE('',#5514,#1204);
#831=LINE('',#5516,#1205);
#832=LINE('',#5519,#1206);
#833=LINE('',#5520,#1207);
#834=LINE('',#5521,#1208);
#835=LINE('',#5524,#1209);
#836=LINE('',#5528,#1210);
#837=LINE('',#5529,#1211);
#838=LINE('',#5530,#1212);
#839=LINE('',#5532,#1213);
#840=LINE('',#5534,#1214);
#841=LINE('',#5535,#1215);
#842=LINE('',#5537,#1216);
#843=LINE('',#5542,#1217);
#844=LINE('',#5548,#1218);
#845=LINE('',#5554,#1219);
#846=LINE('',#5560,#1220);
#847=LINE('',#5566,#1221);
#848=LINE('',#5571,#1222);
#849=LINE('',#5573,#1223);
#850=LINE('',#5575,#1224);
#851=LINE('',#5576,#1225);
#852=LINE('',#5579,#1226);
#853=LINE('',#5581,#1227);
#854=LINE('',#5582,#1228);
#855=LINE('',#5585,#1229);
#856=LINE('',#5587,#1230);
#857=LINE('',#5588,#1231);
#858=LINE('',#5591,#1232);
#859=LINE('',#5593,#1233);
#860=LINE('',#5594,#1234);
#861=LINE('',#5597,#1235);
#862=LINE('',#5599,#1236);
#863=LINE('',#5600,#1237);
#864=LINE('',#5602,#1238);
#865=LINE('',#5603,#1239);
#866=LINE('',#5608,#1240);
#867=LINE('',#5610,#1241);
#868=LINE('',#5612,#1242);
#869=LINE('',#5613,#1243);
#870=LINE('',#5616,#1244);
#871=LINE('',#5618,#1245);
#872=LINE('',#5619,#1246);
#873=LINE('',#5622,#1247);
#874=LINE('',#5624,#1248);
#875=LINE('',#5625,#1249);
#876=LINE('',#5628,#1250);
#877=LINE('',#5630,#1251);
#878=LINE('',#5631,#1252);
#879=LINE('',#5634,#1253);
#880=LINE('',#5636,#1254);
#881=LINE('',#5637,#1255);
#882=LINE('',#5639,#1256);
#883=LINE('',#5640,#1257);
#884=LINE('',#5645,#1258);
#885=LINE('',#5647,#1259);
#886=LINE('',#5649,#1260);
#887=LINE('',#5650,#1261);
#888=LINE('',#5653,#1262);
#889=LINE('',#5655,#1263);
#890=LINE('',#5656,#1264);
#891=LINE('',#5659,#1265);
#892=LINE('',#5661,#1266);
#893=LINE('',#5662,#1267);
#894=LINE('',#5665,#1268);
#895=LINE('',#5667,#1269);
#896=LINE('',#5668,#1270);
#897=LINE('',#5671,#1271);
#898=LINE('',#5673,#1272);
#899=LINE('',#5674,#1273);
#900=LINE('',#5676,#1274);
#901=LINE('',#5677,#1275);
#902=LINE('',#5682,#1276);
#903=LINE('',#5684,#1277);
#904=LINE('',#5686,#1278);
#905=LINE('',#5687,#1279);
#906=LINE('',#5690,#1280);
#907=LINE('',#5692,#1281);
#908=LINE('',#5693,#1282);
#909=LINE('',#5696,#1283);
#910=LINE('',#5698,#1284);
#911=LINE('',#5699,#1285);
#912=LINE('',#5702,#1286);
#913=LINE('',#5704,#1287);
#914=LINE('',#5705,#1288);
#915=LINE('',#5708,#1289);
#916=LINE('',#5710,#1290);
#917=LINE('',#5711,#1291);
#918=LINE('',#5713,#1292);
#919=LINE('',#5714,#1293);
#920=LINE('',#5719,#1294);
#921=LINE('',#5721,#1295);
#922=LINE('',#5723,#1296);
#923=LINE('',#5724,#1297);
#924=LINE('',#5729,#1298);
#925=LINE('',#5731,#1299);
#926=LINE('',#5733,#1300);
#927=LINE('',#5735,#1301);
#928=LINE('',#5736,#1302);
#929=LINE('',#5739,#1303);
#930=LINE('',#5741,#1304);
#931=LINE('',#5743,#1305);
#932=LINE('',#5745,#1306);
#933=LINE('',#5747,#1307);
#934=LINE('',#5749,#1308);
#935=LINE('',#5750,#1309);
#936=LINE('',#5757,#1310);
#937=LINE('',#5759,#1311);
#938=LINE('',#5761,#1312);
#939=LINE('',#5763,#1313);
#940=LINE('',#5765,#1314);
#941=LINE('',#5767,#1315);
#942=LINE('',#5769,#1316);
#943=LINE('',#5770,#1317);
#944=LINE('',#5775,#1318);
#945=LINE('',#5776,#1319);
#946=LINE('',#5781,#1320);
#947=LINE('',#5784,#1321);
#948=LINE('',#5788,#1322);
#949=LINE('',#5927,#1323);
#950=LINE('',#5940,#1324);
#951=LINE('',#5953,#1325);
#952=LINE('',#5957,#1326);
#953=LINE('',#5961,#1327);
#954=LINE('',#5965,#1328);
#955=LINE('',#5969,#1329);
#956=LINE('',#5973,#1330);
#957=LINE('',#5977,#1331);
#958=LINE('',#5981,#1332);
#959=LINE('',#5985,#1333);
#960=LINE('',#5990,#1334);
#961=LINE('',#5992,#1335);
#962=LINE('',#5994,#1336);
#963=LINE('',#5995,#1337);
#964=LINE('',#6002,#1338);
#965=LINE('',#6006,#1339);
#966=LINE('',#6009,#1340);
#967=LINE('',#6013,#1341);
#968=LINE('',#6014,#1342);
#969=LINE('',#6015,#1343);
#970=LINE('',#6016,#1344);
#971=LINE('',#6019,#1345);
#972=LINE('',#6105,#1346);
#973=LINE('',#6107,#1347);
#974=LINE('',#6109,#1348);
#975=LINE('',#6111,#1349);
#976=LINE('',#6113,#1350);
#977=LINE('',#6115,#1351);
#978=LINE('',#6119,#1352);
#979=LINE('',#6124,#1353);
#980=LINE('',#6128,#1354);
#981=LINE('',#6130,#1355);
#982=LINE('',#6132,#1356);
#983=LINE('',#6133,#1357);
#984=LINE('',#6137,#1358);
#985=LINE('',#6139,#1359);
#986=LINE('',#6140,#1360);
#987=LINE('',#6141,#1361);
#988=LINE('',#6148,#1362);
#989=LINE('',#6152,#1363);
#990=LINE('',#6155,#1364);
#991=LINE('',#6158,#1365);
#992=LINE('',#6165,#1366);
#993=LINE('',#6167,#1367);
#994=LINE('',#6168,#1368);
#995=LINE('',#6169,#1369);
#996=LINE('',#6171,#1370);
#997=LINE('',#6172,#1371);
#998=LINE('',#6175,#1372);
#999=LINE('',#6177,#1373);
#1000=LINE('',#6178,#1374);
#1001=LINE('',#6179,#1375);
#1002=LINE('',#6181,#1376);
#1003=LINE('',#6183,#1377);
#1004=LINE('',#6184,#1378);
#1005=LINE('',#6187,#1379);
#1006=LINE('',#6188,#1380);
#1007=LINE('',#6192,#1381);
#1008=LINE('',#6194,#1382);
#1009=LINE('',#6196,#1383);
#1010=LINE('',#6197,#1384);
#1011=LINE('',#6201,#1385);
#1012=LINE('',#6202,#1386);
#1013=LINE('',#6203,#1387);
#1014=LINE('',#6206,#1388);
#1015=LINE('',#6207,#1389);
#1016=LINE('',#6212,#1390);
#1017=LINE('',#6213,#1391);
#1018=LINE('',#6218,#1392);
#1019=LINE('',#6219,#1393);
#1020=LINE('',#6221,#1394);
#1021=LINE('',#6222,#1395);
#1022=LINE('',#6225,#1396);
#1023=LINE('',#6226,#1397);
#1024=LINE('',#6227,#1398);
#1025=LINE('',#6230,#1399);
#1026=LINE('',#6232,#1400);
#1027=LINE('',#6233,#1401);
#1028=LINE('',#6237,#1402);
#1029=LINE('',#6238,#1403);
#1030=LINE('',#6239,#1404);
#1031=LINE('',#6242,#1405);
#1032=LINE('',#6244,#1406);
#1033=LINE('',#6245,#1407);
#1034=LINE('',#6249,#1408);
#1035=LINE('',#6251,#1409);
#1036=LINE('',#6253,#1410);
#1037=LINE('',#6254,#1411);
#1038=LINE('',#6257,#1412);
#1039=LINE('',#6260,#1413);
#1040=LINE('',#6262,#1414);
#1041=LINE('',#6266,#1415);
#1042=LINE('',#6269,#1416);
#1043=LINE('',#6272,#1417);
#1044=LINE('',#6274,#1418);
#1045=LINE('',#6275,#1419);
#1046=LINE('',#6286,#1420);
#1047=LINE('',#6292,#1421);
#1048=LINE('',#6294,#1422);
#1049=LINE('',#6295,#1423);
#1050=LINE('',#6306,#1424);
#1051=LINE('',#6385,#1425);
#1052=LINE('',#6387,#1426);
#1053=LINE('',#6389,#1427);
#1054=LINE('',#6390,#1428);
#1055=LINE('',#6398,#1429);
#1056=LINE('',#6408,#1430);
#1057=LINE('',#6541,#1431);
#1058=LINE('',#6546,#1432);
#1059=LINE('',#6671,#1433);
#1060=LINE('',#6677,#1434);
#1061=LINE('',#6680,#1435);
#1062=LINE('',#6681,#1436);
#1063=LINE('',#6683,#1437);
#1064=LINE('',#6692,#1438);
#1065=LINE('',#6695,#1439);
#1066=LINE('',#6705,#1440);
#1067=LINE('',#6708,#1441);
#1068=LINE('',#6718,#1442);
#1069=LINE('',#6721,#1443);
#1070=LINE('',#6731,#1444);
#1071=LINE('',#6734,#1445);
#1072=LINE('',#6737,#1446);
#1073=LINE('',#6739,#1447);
#1074=LINE('',#6742,#1448);
#1075=LINE('',#6744,#1449);
#1076=LINE('',#6748,#1450);
#1077=LINE('',#6782,#1451);
#1078=LINE('',#6784,#1452);
#1079=LINE('',#6789,#1453);
#1080=LINE('',#6790,#1454);
#1081=LINE('',#6794,#1455);
#1082=LINE('',#6799,#1456);
#1083=LINE('',#6800,#1457);
#1084=LINE('',#6805,#1458);
#1085=LINE('',#6806,#1459);
#1086=LINE('',#6808,#1460);
#1087=LINE('',#6812,#1461);
#1088=LINE('',#6814,#1462);
#1089=LINE('',#6816,#1463);
#1090=LINE('',#6819,#1464);
#1091=LINE('',#6822,#1465);
#1092=LINE('',#6826,#1466);
#1093=LINE('',#6829,#1467);
#1094=LINE('',#6832,#1468);
#1095=LINE('',#6840,#1469);
#1096=LINE('',#6842,#1470);
#1097=LINE('',#6844,#1471);
#1098=LINE('',#6954,#1472);
#1099=LINE('',#6957,#1473);
#1100=LINE('',#6961,#1474);
#1101=LINE('',#6964,#1475);
#1102=LINE('',#6967,#1476);
#1103=LINE('',#6969,#1477);
#1104=LINE('',#6972,#1478);
#1105=LINE('',#6974,#1479);
#1106=LINE('',#6976,#1480);
#1107=LINE('',#6978,#1481);
#1108=LINE('',#6981,#1482);
#1109=LINE('',#6993,#1483);
#1110=LINE('',#6995,#1484);
#1111=LINE('',#6997,#1485);
#1112=LINE('',#6999,#1486);
#1113=LINE('',#7010,#1487);
#1114=LINE('',#7031,#1488);
#1115=LINE('',#7052,#1489);
#1116=LINE('',#7063,#1490);
#1117=LINE('',#7078,#1491);
#1118=LINE('',#7089,#1492);
#1119=LINE('',#7100,#1493);
#1120=LINE('',#7111,#1494);
#1121=LINE('',#7122,#1495);
#1122=LINE('',#7135,#1496);
#1123=LINE('',#7168,#1497);
#1124=LINE('',#7179,#1498);
#1125=LINE('',#7190,#1499);
#1126=VECTOR('',#4265,3.19999999999999);
#1127=VECTOR('',#4276,3.2);
#1128=VECTOR('',#4285,1000.);
#1129=VECTOR('',#4286,1000.);
#1130=VECTOR('',#4287,1000.);
#1131=VECTOR('',#4292,1000.);
#1132=VECTOR('',#4293,1000.);
#1133=VECTOR('',#4296,1000.);
#1134=VECTOR('',#4301,1000.);
#1135=VECTOR('',#4304,1000.);
#1136=VECTOR('',#4305,1000.);
#1137=VECTOR('',#4306,10.);
#1138=VECTOR('',#4307,10.);
#1139=VECTOR('',#4308,10.);
#1140=VECTOR('',#4309,10.);
#1141=VECTOR('',#4310,1000.);
#1142=VECTOR('',#4311,1000.);
#1143=VECTOR('',#4312,1000.);
#1144=VECTOR('',#4313,1000.);
#1145=VECTOR('',#4316,1000.);
#1146=VECTOR('',#4317,1000.);
#1147=VECTOR('',#4324,1000.);
#1148=VECTOR('',#4325,10.);
#1149=VECTOR('',#4326,10.);
#1150=VECTOR('',#4327,10.);
#1151=VECTOR('',#4328,10.);
#1152=VECTOR('',#4331,10.);
#1153=VECTOR('',#4332,10.);
#1154=VECTOR('',#4333,10.);
#1155=VECTOR('',#4336,10.);
#1156=VECTOR('',#4337,10.);
#1157=VECTOR('',#4340,10.);
#1158=VECTOR('',#4341,10.);
#1159=VECTOR('',#4344,10.);
#1160=VECTOR('',#4347,10.);
#1161=VECTOR('',#4348,10.);
#1162=VECTOR('',#4349,10.);
#1163=VECTOR('',#4352,10.);
#1164=VECTOR('',#4353,10.);
#1165=VECTOR('',#4356,10.);
#1166=VECTOR('',#4357,10.);
#1167=VECTOR('',#4360,10.);
#1168=VECTOR('',#4371,1.75);
#1169=VECTOR('',#4382,1.75);
#1170=VECTOR('',#4393,1.75);
#1171=VECTOR('',#4404,1.75);
#1172=VECTOR('',#4409,1000.);
#1173=VECTOR('',#4410,1000.);
#1174=VECTOR('',#4415,1000.);
#1175=VECTOR('',#4416,1000.);
#1176=VECTOR('',#4421,1000.);
#1177=VECTOR('',#4426,1000.);
#1178=VECTOR('',#4427,1000.);
#1179=VECTOR('',#4432,1000.);
#1180=VECTOR('',#4433,1000.);
#1181=VECTOR('',#4438,1000.);
#1182=VECTOR('',#4439,1000.);
#1183=VECTOR('',#4442,1.20000000000001);
#1184=VECTOR('',#4445,1.20000000000001);
#1185=VECTOR('',#4450,1.20000000000001);
#1186=VECTOR('',#4453,3.20000000000001);
#1187=VECTOR('',#4460,1.20000000000001);
#1188=VECTOR('',#4463,3.20000000000001);
#1189=VECTOR('',#4472,1000.);
#1190=VECTOR('',#4475,1000.);
#1191=VECTOR('',#4476,1000.);
#1192=VECTOR('',#4479,1000.);
#1193=VECTOR('',#4480,1000.);
#1194=VECTOR('',#4483,1000.);
#1195=VECTOR('',#4484,1000.);
#1196=VECTOR('',#4487,1000.);
#1197=VECTOR('',#4488,1000.);
#1198=VECTOR('',#4491,1000.);
#1199=VECTOR('',#4492,1000.);
#1200=VECTOR('',#4499,1000.);
#1201=VECTOR('',#4500,1000.);
#1202=VECTOR('',#4501,1000.);
#1203=VECTOR('',#4504,1000.);
#1204=VECTOR('',#4505,1000.);
#1205=VECTOR('',#4508,1000.);
#1206=VECTOR('',#4511,1000.);
#1207=VECTOR('',#4512,1000.);
#1208=VECTOR('',#4513,1000.);
#1209=VECTOR('',#4514,1000.);
#1210=VECTOR('',#4517,1000.);
#1211=VECTOR('',#4518,1000.);
#1212=VECTOR('',#4519,1000.);
#1213=VECTOR('',#4522,1000.);
#1214=VECTOR('',#4525,1000.);
#1215=VECTOR('',#4526,1000.);
#1216=VECTOR('',#4529,1000.);
#1217=VECTOR('',#4538,1000.);
#1218=VECTOR('',#4545,1.1);
#1219=VECTOR('',#4552,1.1);
#1220=VECTOR('',#4559,1.1);
#1221=VECTOR('',#4566,1.1);
#1222=VECTOR('',#4571,10.);
#1223=VECTOR('',#4572,10.);
#1224=VECTOR('',#4573,10.);
#1225=VECTOR('',#4574,10.);
#1226=VECTOR('',#4577,10.);
#1227=VECTOR('',#4578,10.);
#1228=VECTOR('',#4579,10.);
#1229=VECTOR('',#4582,10.);
#1230=VECTOR('',#4583,10.);
#1231=VECTOR('',#4584,10.);
#1232=VECTOR('',#4587,10.);
#1233=VECTOR('',#4588,10.);
#1234=VECTOR('',#4589,10.);
#1235=VECTOR('',#4592,10.);
#1236=VECTOR('',#4593,10.);
#1237=VECTOR('',#4594,10.);
#1238=VECTOR('',#4597,10.);
#1239=VECTOR('',#4598,10.);
#1240=VECTOR('',#4603,10.);
#1241=VECTOR('',#4604,10.);
#1242=VECTOR('',#4605,10.);
#1243=VECTOR('',#4606,10.);
#1244=VECTOR('',#4609,10.);
#1245=VECTOR('',#4610,10.);
#1246=VECTOR('',#4611,10.);
#1247=VECTOR('',#4614,10.);
#1248=VECTOR('',#4615,10.);
#1249=VECTOR('',#4616,10.);
#1250=VECTOR('',#4619,10.);
#1251=VECTOR('',#4620,10.);
#1252=VECTOR('',#4621,10.);
#1253=VECTOR('',#4624,10.);
#1254=VECTOR('',#4625,10.);
#1255=VECTOR('',#4626,10.);
#1256=VECTOR('',#4629,10.);
#1257=VECTOR('',#4630,10.);
#1258=VECTOR('',#4635,10.);
#1259=VECTOR('',#4636,10.);
#1260=VECTOR('',#4637,10.);
#1261=VECTOR('',#4638,10.);
#1262=VECTOR('',#4641,10.);
#1263=VECTOR('',#4642,10.);
#1264=VECTOR('',#4643,10.);
#1265=VECTOR('',#4646,10.);
#1266=VECTOR('',#4647,10.);
#1267=VECTOR('',#4648,10.);
#1268=VECTOR('',#4651,10.);
#1269=VECTOR('',#4652,10.);
#1270=VECTOR('',#4653,10.);
#1271=VECTOR('',#4656,10.);
#1272=VECTOR('',#4657,10.);
#1273=VECTOR('',#4658,10.);
#1274=VECTOR('',#4661,10.);
#1275=VECTOR('',#4662,10.);
#1276=VECTOR('',#4667,10.);
#1277=VECTOR('',#4668,10.);
#1278=VECTOR('',#4669,10.);
#1279=VECTOR('',#4670,10.);
#1280=VECTOR('',#4673,10.);
#1281=VECTOR('',#4674,10.);
#1282=VECTOR('',#4675,10.);
#1283=VECTOR('',#4678,10.);
#1284=VECTOR('',#4679,10.);
#1285=VECTOR('',#4680,10.);
#1286=VECTOR('',#4683,10.);
#1287=VECTOR('',#4684,10.);
#1288=VECTOR('',#4685,10.);
#1289=VECTOR('',#4688,10.);
#1290=VECTOR('',#4689,10.);
#1291=VECTOR('',#4690,10.);
#1292=VECTOR('',#4693,10.);
#1293=VECTOR('',#4694,10.);
#1294=VECTOR('',#4699,10.);
#1295=VECTOR('',#4700,1000.);
#1296=VECTOR('',#4701,10.);
#1297=VECTOR('',#4702,10.);
#1298=VECTOR('',#4707,10.);
#1299=VECTOR('',#4708,10.);
#1300=VECTOR('',#4709,10.);
#1301=VECTOR('',#4710,10.);
#1302=VECTOR('',#4711,10.);
#1303=VECTOR('',#4714,10.);
#1304=VECTOR('',#4715,10.);
#1305=VECTOR('',#4716,1000.);
#1306=VECTOR('',#4717,1000.);
#1307=VECTOR('',#4718,1000.);
#1308=VECTOR('',#4719,1000.);
#1309=VECTOR('',#4720,1000.);
#1310=VECTOR('',#4727,1000.);
#1311=VECTOR('',#4728,1000.);
#1312=VECTOR('',#4729,1000.);
#1313=VECTOR('',#4730,1000.);
#1314=VECTOR('',#4731,1000.);
#1315=VECTOR('',#4732,1000.);
#1316=VECTOR('',#4733,1000.);
#1317=VECTOR('',#4734,10.);
#1318=VECTOR('',#4739,10.);
#1319=VECTOR('',#4740,10.);
#1320=VECTOR('',#4745,1000.);
#1321=VECTOR('',#4748,10.);
#1322=VECTOR('',#4751,10.);
#1323=VECTOR('',#4754,10.);
#1324=VECTOR('',#4755,1000.);
#1325=VECTOR('',#4756,1000.);
#1326=VECTOR('',#4759,10.);
#1327=VECTOR('',#4762,10.);
#1328=VECTOR('',#4765,1000.);
#1329=VECTOR('',#4768,10.);
#1330=VECTOR('',#4771,1000.);
#1331=VECTOR('',#4774,1000.);
#1332=VECTOR('',#4777,10.);
#1333=VECTOR('',#4780,1000.);
#1334=VECTOR('',#4785,10.);
#1335=VECTOR('',#4786,10.);
#1336=VECTOR('',#4787,10.);
#1337=VECTOR('',#4788,10.);
#1338=VECTOR('',#4795,1000.);
#1339=VECTOR('',#4798,1000.);
#1340=VECTOR('',#4801,1000.);
#1341=VECTOR('',#4804,10.);
#1342=VECTOR('',#4805,10.);
#1343=VECTOR('',#4806,10.);
#1344=VECTOR('',#4807,10.);
#1345=VECTOR('',#4810,10.);
#1346=VECTOR('',#4811,1000.);
#1347=VECTOR('',#4812,1000.);
#1348=VECTOR('',#4813,1000.);
#1349=VECTOR('',#4814,1000.);
#1350=VECTOR('',#4815,1000.);
#1351=VECTOR('',#4816,1000.);
#1352=VECTOR('',#4819,1000.);
#1353=VECTOR('',#4824,1000.);
#1354=VECTOR('',#4827,10.);
#1355=VECTOR('',#4828,10.);
#1356=VECTOR('',#4829,10.);
#1357=VECTOR('',#4830,10.);
#1358=VECTOR('',#4833,10.);
#1359=VECTOR('',#4834,10.);
#1360=VECTOR('',#4835,10.);
#1361=VECTOR('',#4836,10.);
#1362=VECTOR('',#4843,1000.);
#1363=VECTOR('',#4846,1000.);
#1364=VECTOR('',#4849,1000.);
#1365=VECTOR('',#4852,10.);
#1366=VECTOR('',#4853,10.);
#1367=VECTOR('',#4854,10.);
#1368=VECTOR('',#4855,10.);
#1369=VECTOR('',#4856,10.);
#1370=VECTOR('',#4857,10.);
#1371=VECTOR('',#4858,10.);
#1372=VECTOR('',#4861,10.);
#1373=VECTOR('',#4862,10.);
#1374=VECTOR('',#4863,10.);
#1375=VECTOR('',#4864,10.);
#1376=VECTOR('',#4865,10.);
#1377=VECTOR('',#4866,10.);
#1378=VECTOR('',#4867,10.);
#1379=VECTOR('',#4870,1000.);
#1380=VECTOR('',#4871,10.);
#1381=VECTOR('',#4874,10.);
#1382=VECTOR('',#4875,10.);
#1383=VECTOR('',#4876,10.);
#1384=VECTOR('',#4877,10.);
#1385=VECTOR('',#4880,10.);
#1386=VECTOR('',#4881,10.);
#1387=VECTOR('',#4882,10.);
#1388=VECTOR('',#4885,10.);
#1389=VECTOR('',#4886,10.);
#1390=VECTOR('',#4891,10.);
#1391=VECTOR('',#4892,10.);
#1392=VECTOR('',#4897,10.);
#1393=VECTOR('',#4898,10.);
#1394=VECTOR('',#4901,10.);
#1395=VECTOR('',#4902,10.);
#1396=VECTOR('',#4905,10.);
#1397=VECTOR('',#4906,1000.);
#1398=VECTOR('',#4907,1000.);
#1399=VECTOR('',#4910,1000.);
#1400=VECTOR('',#4911,1000.);
#1401=VECTOR('',#4912,1000.);
#1402=VECTOR('',#4915,10.);
#1403=VECTOR('',#4916,10.);
#1404=VECTOR('',#4917,10.);
#1405=VECTOR('',#4920,10.);
#1406=VECTOR('',#4921,10.);
#1407=VECTOR('',#4922,10.);
#1408=VECTOR('',#4925,10.);
#1409=VECTOR('',#4926,10.);
#1410=VECTOR('',#4927,10.);
#1411=VECTOR('',#4928,10.);
#1412=VECTOR('',#4933,10.);
#1413=VECTOR('',#4936,10.);
#1414=VECTOR('',#4937,10.);
#1415=VECTOR('',#4944,10.);
#1416=VECTOR('',#4947,10.);
#1417=VECTOR('',#4950,10.);
#1418=VECTOR('',#4953,10.);
#1419=VECTOR('',#4954,10.);
#1420=VECTOR('',#4967,2.);
#1421=VECTOR('',#4974,1000.);
#1422=VECTOR('',#4975,1000.);
#1423=VECTOR('',#4976,1000.);
#1424=VECTOR('',#4991,2.);
#1425=VECTOR('',#4998,1000.);
#1426=VECTOR('',#4999,1000.);
#1427=VECTOR('',#5000,1000.);
#1428=VECTOR('',#5001,1000.);
#1429=VECTOR('',#5010,2.);
#1430=VECTOR('',#5023,1.99999999999999);
#1431=VECTOR('',#5028,1.99999999999999);
#1432=VECTOR('',#5033,1000.);
#1433=VECTOR('',#5038,1.99999999999999);
#1434=VECTOR('',#5049,10.);
#1435=VECTOR('',#5052,1000.);
#1436=VECTOR('',#5053,1000.);
#1437=VECTOR('',#5056,1000.);
#1438=VECTOR('',#5067,1.75);
#1439=VECTOR('',#5070,1.);
#1440=VECTOR('',#5083,1.75);
#1441=VECTOR('',#5086,1.);
#1442=VECTOR('',#5099,1.75);
#1443=VECTOR('',#5102,1.);
#1444=VECTOR('',#5115,1.75);
#1445=VECTOR('',#5118,1.);
#1446=VECTOR('',#5123,10.);
#1447=VECTOR('',#5126,10.);
#1448=VECTOR('',#5131,10.);
#1449=VECTOR('',#5134,10.);
#1450=VECTOR('',#5139,1000.);
#1451=VECTOR('',#5146,1000.);
#1452=VECTOR('',#5149,1000.);
#1453=VECTOR('',#5154,1000.);
#1454=VECTOR('',#5155,1000.);
#1455=VECTOR('',#5160,1000.);
#1456=VECTOR('',#5165,1000.);
#1457=VECTOR('',#5166,1000.);
#1458=VECTOR('',#5171,1000.);
#1459=VECTOR('',#5172,1000.);
#1460=VECTOR('',#5175,1000.);
#1461=VECTOR('',#5182,1000.);
#1462=VECTOR('',#5185,1000.);
#1463=VECTOR('',#5188,1000.);
#1464=VECTOR('',#5191,1000.);
#1465=VECTOR('',#5194,1000.);
#1466=VECTOR('',#5197,1000.);
#1467=VECTOR('',#5200,1000.);
#1468=VECTOR('',#5203,1000.);
#1469=VECTOR('',#5204,1000.);
#1470=VECTOR('',#5205,1000.);
#1471=VECTOR('',#5206,1000.);
#1472=VECTOR('',#5209,1000.);
#1473=VECTOR('',#5212,1000.);
#1474=VECTOR('',#5215,1000.);
#1475=VECTOR('',#5218,1000.);
#1476=VECTOR('',#5221,1000.);
#1477=VECTOR('',#5224,1000.);
#1478=VECTOR('',#5229,1000.);
#1479=VECTOR('',#5232,1000.);
#1480=VECTOR('',#5235,1000.);
#1481=VECTOR('',#5238,1000.);
#1482=VECTOR('',#5243,1000.);
#1483=VECTOR('',#5246,1000.);
#1484=VECTOR('',#5249,1000.);
#1485=VECTOR('',#5252,1000.);
#1486=VECTOR('',#5255,1000.);
#1487=VECTOR('',#5256,1000.);
#1488=VECTOR('',#5257,1000.);
#1489=VECTOR('',#5258,1000.);
#1490=VECTOR('',#5259,1000.);
#1491=VECTOR('',#5260,1000.);
#1492=VECTOR('',#5261,1000.);
#1493=VECTOR('',#5262,1000.);
#1494=VECTOR('',#5263,1000.);
#1495=VECTOR('',#5264,1000.);
#1496=VECTOR('',#5265,1000.);
#1497=VECTOR('',#5266,1000.);
#1498=VECTOR('',#5267,1000.);
#1499=VECTOR('',#5268,1000.);
#1500=CIRCLE('',#3943,3.19999999999999);
#1501=CIRCLE('',#3944,3.19999999999999);
#1502=CIRCLE('',#3946,1.20000000000001);
#1503=CIRCLE('',#3948,3.2);
#1504=CIRCLE('',#3949,3.2);
#1505=CIRCLE('',#3951,1.20000000000001);
#1506=CIRCLE('',#3953,15.0964129590574);
#1507=CIRCLE('',#3954,20.4744325965439);
#1508=CIRCLE('',#3955,35.4177411544327);
#1509=CIRCLE('',#3956,20.4099655948609);
#1510=CIRCLE('',#3957,15.0089946874376);
#1511=CIRCLE('',#3958,25.949884613007);
#1512=CIRCLE('',#3959,34.4177411544327);
#1513=CIRCLE('',#3960,3.20000000000001);
#1514=CIRCLE('',#3961,3.20000000000001);
#1515=CIRCLE('',#3962,34.4177411544327);
#1516=CIRCLE('',#3972,1.75);
#1517=CIRCLE('',#3973,1.20000000000001);
#1518=CIRCLE('',#3975,1.75);
#1519=CIRCLE('',#3977,1.75);
#1520=CIRCLE('',#3978,1.20000000000001);
#1521=CIRCLE('',#3980,1.75);
#1522=CIRCLE('',#3982,1.75);
#1523=CIRCLE('',#3983,1.20000000000001);
#1524=CIRCLE('',#3985,1.75);
#1525=CIRCLE('',#3987,1.75);
#1526=CIRCLE('',#3988,1.20000000000001);
#1527=CIRCLE('',#3990,1.75);
#1528=CIRCLE('',#3992,34.4177411544327);
#1529=CIRCLE('',#3994,15.0089946874376);
#1530=CIRCLE('',#3996,20.4099655948609);
#1531=CIRCLE('',#3998,35.4177411544327);
#1532=CIRCLE('',#4000,20.4744325965439);
#1533=CIRCLE('',#4002,25.949884613007);
#1534=CIRCLE('',#4006,1.20000000000001);
#1535=CIRCLE('',#4008,3.20000000000001);
#1536=CIRCLE('',#4010,1.20000000000001);
#1537=CIRCLE('',#4012,3.20000000000001);
#1538=CIRCLE('',#4022,15.0964129590574);
#1539=CIRCLE('',#4027,34.4177411544327);
#1540=CIRCLE('',#4037,1.1);
#1541=CIRCLE('',#4038,1.1);
#1542=CIRCLE('',#4040,1.1);
#1543=CIRCLE('',#4041,1.1);
#1544=CIRCLE('',#4043,1.1);
#1545=CIRCLE('',#4044,1.1);
#1546=CIRCLE('',#4046,1.1);
#1547=CIRCLE('',#4047,1.1);
#1548=CIRCLE('',#4078,100.000000000004);
#1549=CIRCLE('',#4080,3.);
#1550=CIRCLE('',#4081,3.);
#1551=CIRCLE('',#4084,100.000000000004);
#1552=CIRCLE('',#4086,100.000000000004);
#1553=CIRCLE('',#4087,100.000000000004);
#1554=CIRCLE('',#4088,100.000000000004);
#1555=CIRCLE('',#4089,100.000000000004);
#1556=CIRCLE('',#4091,35.4177411544327);
#1557=CIRCLE('',#4092,35.4177411544327);
#1558=CIRCLE('',#4093,35.4177411544327);
#1559=CIRCLE('',#4094,35.4177411544327);
#1560=CIRCLE('',#4095,35.4177411544327);
#1561=CIRCLE('',#4096,35.4177411544327);
#1562=CIRCLE('',#4097,35.4177411544327);
#1563=CIRCLE('',#4098,35.4177411544327);
#1564=CIRCLE('',#4101,32.5);
#1565=CIRCLE('',#4102,32.5);
#1566=CIRCLE('',#4103,32.5);
#1567=CIRCLE('',#4104,32.5);
#1568=CIRCLE('',#4107,25.949884613007);
#1569=CIRCLE('',#4108,15.0089946874376);
#1570=CIRCLE('',#4109,20.4099655948609);
#1571=CIRCLE('',#4113,32.5000000000001);
#1572=CIRCLE('',#4114,32.5000000000001);
#1573=CIRCLE('',#4115,32.5000000000001);
#1574=CIRCLE('',#4116,32.5000000000001);
#1575=CIRCLE('',#4124,99.9999999999937);
#1576=CIRCLE('',#4126,99.9999999999937);
#1577=CIRCLE('',#4134,78.0000000000001);
#1578=CIRCLE('',#4136,78.);
#1579=CIRCLE('',#4138,78.0000000000001);
#1580=CIRCLE('',#4140,78.);
#1581=CIRCLE('',#4143,3.);
#1582=CIRCLE('',#4144,1.);
#1583=CIRCLE('',#4145,2.);
#1584=CIRCLE('',#4146,2.);
#1585=CIRCLE('',#4148,2.);
#1586=CIRCLE('',#4149,2.);
#1587=CIRCLE('',#4152,1.);
#1588=CIRCLE('',#4154,1.);
#1589=CIRCLE('',#4155,2.);
#1590=CIRCLE('',#4156,2.);
#1591=CIRCLE('',#4158,2.00000000005378);
#1592=CIRCLE('',#4159,3.00000000001101);
#1593=CIRCLE('',#4161,2.99999999999999);
#1594=CIRCLE('',#4162,1.99999999999999);
#1595=CIRCLE('',#4164,2.);
#1596=CIRCLE('',#4166,1.);
#1597=CIRCLE('',#4167,1.99999999999999);
#1598=CIRCLE('',#4168,1.99999999999999);
#1599=CIRCLE('',#4170,1.99999999999999);
#1600=CIRCLE('',#4172,1.99999999999999);
#1601=CIRCLE('',#4174,99.9999999999937);
#1602=CIRCLE('',#4175,99.9999999999937);
#1603=CIRCLE('',#4177,1.99999999999999);
#1604=CIRCLE('',#4179,1.99999999999999);
#1605=CIRCLE('',#4185,1.75);
#1606=CIRCLE('',#4186,1.);
#1607=CIRCLE('',#4188,1.75);
#1608=CIRCLE('',#4190,1.);
#1609=CIRCLE('',#4192,1.75);
#1610=CIRCLE('',#4193,1.);
#1611=CIRCLE('',#4195,1.75);
#1612=CIRCLE('',#4197,1.);
#1613=CIRCLE('',#4199,1.75);
#1614=CIRCLE('',#4200,1.);
#1615=CIRCLE('',#4202,1.75);
#1616=CIRCLE('',#4204,1.);
#1617=CIRCLE('',#4206,1.75);
#1618=CIRCLE('',#4207,1.);
#1619=CIRCLE('',#4209,1.75);
#1620=CIRCLE('',#4211,1.);
#1621=CIRCLE('',#4219,20.4744325965439);
#1622=CIRCLE('',#4220,15.0964129590574);
#1623=CIRCLE('',#4224,20.4099655948609);
#1624=CIRCLE('',#4226,15.0089946874376);
#1625=CIRCLE('',#4228,25.949884613007);
#1626=CIRCLE('',#4230,20.4744325965439);
#1627=CIRCLE('',#4233,15.0964129590574);
#1628=CIRCLE('',#4238,78.);
#1629=CIRCLE('',#4239,34.9999999999992);
#1630=CIRCLE('',#4240,35.);
#1631=CIRCLE('',#4241,78.0000000000001);
#1632=CIRCLE('',#4243,78.0000000000001);
#1633=CIRCLE('',#4244,35.);
#1634=CIRCLE('',#4245,34.9999999999992);
#1635=CIRCLE('',#4246,78.);
#1636=VERTEX_POINT('',#5271);
#1637=VERTEX_POINT('',#5273);
#1638=VERTEX_POINT('',#5277);
#1639=VERTEX_POINT('',#5280);
#1640=VERTEX_POINT('',#5282);
#1641=VERTEX_POINT('',#5286);
#1642=VERTEX_POINT('',#5289);
#1643=VERTEX_POINT('',#5290);
#1644=VERTEX_POINT('',#5292);
#1645=VERTEX_POINT('',#5294);
#1646=VERTEX_POINT('',#5296);
#1647=VERTEX_POINT('',#5298);
#1648=VERTEX_POINT('',#5300);
#1649=VERTEX_POINT('',#5302);
#1650=VERTEX_POINT('',#5304);
#1651=VERTEX_POINT('',#5306);
#1652=VERTEX_POINT('',#5308);
#1653=VERTEX_POINT('',#5310);
#1654=VERTEX_POINT('',#5312);
#1655=VERTEX_POINT('',#5314);
#1656=VERTEX_POINT('',#5316);
#1657=VERTEX_POINT('',#5319);
#1658=VERTEX_POINT('',#5320);
#1659=VERTEX_POINT('',#5322);
#1660=VERTEX_POINT('',#5324);
#1661=VERTEX_POINT('',#5327);
#1662=VERTEX_POINT('',#5328);
#1663=VERTEX_POINT('',#5330);
#1664=VERTEX_POINT('',#5333);
#1665=VERTEX_POINT('',#5334);
#1666=VERTEX_POINT('',#5336);
#1667=VERTEX_POINT('',#5338);
#1668=VERTEX_POINT('',#5341);
#1669=VERTEX_POINT('',#5343);
#1670=VERTEX_POINT('',#5345);
#1671=VERTEX_POINT('',#5346);
#1672=VERTEX_POINT('',#5349);
#1673=VERTEX_POINT('',#5350);
#1674=VERTEX_POINT('',#5352);
#1675=VERTEX_POINT('',#5354);
#1676=VERTEX_POINT('',#5358);
#1677=VERTEX_POINT('',#5359);
#1678=VERTEX_POINT('',#5364);
#1679=VERTEX_POINT('',#5368);
#1680=VERTEX_POINT('',#5374);
#1681=VERTEX_POINT('',#5375);
#1682=VERTEX_POINT('',#5380);
#1683=VERTEX_POINT('',#5384);
#1684=VERTEX_POINT('',#5390);
#1685=VERTEX_POINT('',#5392);
#1686=VERTEX_POINT('',#5395);
#1687=VERTEX_POINT('',#5399);
#1688=VERTEX_POINT('',#5401);
#1689=VERTEX_POINT('',#5404);
#1690=VERTEX_POINT('',#5408);
#1691=VERTEX_POINT('',#5410);
#1692=VERTEX_POINT('',#5413);
#1693=VERTEX_POINT('',#5417);
#1694=VERTEX_POINT('',#5419);
#1695=VERTEX_POINT('',#5422);
#1696=VERTEX_POINT('',#5426);
#1697=VERTEX_POINT('',#5427);
#1698=VERTEX_POINT('',#5432);
#1699=VERTEX_POINT('',#5433);
#1700=VERTEX_POINT('',#5438);
#1701=VERTEX_POINT('',#5442);
#1702=VERTEX_POINT('',#5443);
#1703=VERTEX_POINT('',#5448);
#1704=VERTEX_POINT('',#5449);
#1705=VERTEX_POINT('',#5454);
#1706=VERTEX_POINT('',#5455);
#1707=VERTEX_POINT('',#5464);
#1708=VERTEX_POINT('',#5468);
#1709=VERTEX_POINT('',#5472);
#1710=VERTEX_POINT('',#5476);
#1711=VERTEX_POINT('',#5484);
#1712=VERTEX_POINT('',#5488);
#1713=VERTEX_POINT('',#5492);
#1714=VERTEX_POINT('',#5496);
#1715=VERTEX_POINT('',#5500);
#1716=VERTEX_POINT('',#5506);
#1717=VERTEX_POINT('',#5508);
#1718=VERTEX_POINT('',#5512);
#1719=VERTEX_POINT('',#5518);
#1720=VERTEX_POINT('',#5522);
#1721=VERTEX_POINT('',#5523);
#1722=VERTEX_POINT('',#5526);
#1723=VERTEX_POINT('',#5527);
#1724=VERTEX_POINT('',#5545);
#1725=VERTEX_POINT('',#5547);
#1726=VERTEX_POINT('',#5551);
#1727=VERTEX_POINT('',#5553);
#1728=VERTEX_POINT('',#5557);
#1729=VERTEX_POINT('',#5559);
#1730=VERTEX_POINT('',#5563);
#1731=VERTEX_POINT('',#5565);
#1732=VERTEX_POINT('',#5569);
#1733=VERTEX_POINT('',#5570);
#1734=VERTEX_POINT('',#5572);
#1735=VERTEX_POINT('',#5574);
#1736=VERTEX_POINT('',#5578);
#1737=VERTEX_POINT('',#5580);
#1738=VERTEX_POINT('',#5584);
#1739=VERTEX_POINT('',#5586);
#1740=VERTEX_POINT('',#5590);
#1741=VERTEX_POINT('',#5592);
#1742=VERTEX_POINT('',#5596);
#1743=VERTEX_POINT('',#5598);
#1744=VERTEX_POINT('',#5606);
#1745=VERTEX_POINT('',#5607);
#1746=VERTEX_POINT('',#5609);
#1747=VERTEX_POINT('',#5611);
#1748=VERTEX_POINT('',#5615);
#1749=VERTEX_POINT('',#5617);
#1750=VERTEX_POINT('',#5621);
#1751=VERTEX_POINT('',#5623);
#1752=VERTEX_POINT('',#5627);
#1753=VERTEX_POINT('',#5629);
#1754=VERTEX_POINT('',#5633);
#1755=VERTEX_POINT('',#5635);
#1756=VERTEX_POINT('',#5643);
#1757=VERTEX_POINT('',#5644);
#1758=VERTEX_POINT('',#5646);
#1759=VERTEX_POINT('',#5648);
#1760=VERTEX_POINT('',#5652);
#1761=VERTEX_POINT('',#5654);
#1762=VERTEX_POINT('',#5658);
#1763=VERTEX_POINT('',#5660);
#1764=VERTEX_POINT('',#5664);
#1765=VERTEX_POINT('',#5666);
#1766=VERTEX_POINT('',#5670);
#1767=VERTEX_POINT('',#5672);
#1768=VERTEX_POINT('',#5680);
#1769=VERTEX_POINT('',#5681);
#1770=VERTEX_POINT('',#5683);
#1771=VERTEX_POINT('',#5685);
#1772=VERTEX_POINT('',#5689);
#1773=VERTEX_POINT('',#5691);
#1774=VERTEX_POINT('',#5695);
#1775=VERTEX_POINT('',#5697);
#1776=VERTEX_POINT('',#5701);
#1777=VERTEX_POINT('',#5703);
#1778=VERTEX_POINT('',#5707);
#1779=VERTEX_POINT('',#5709);
#1780=VERTEX_POINT('',#5717);
#1781=VERTEX_POINT('',#5718);
#1782=VERTEX_POINT('',#5720);
#1783=VERTEX_POINT('',#5722);
#1784=VERTEX_POINT('',#5726);
#1785=VERTEX_POINT('',#5728);
#1786=VERTEX_POINT('',#5730);
#1787=VERTEX_POINT('',#5732);
#1788=VERTEX_POINT('',#5734);
#1789=VERTEX_POINT('',#5738);
#1790=VERTEX_POINT('',#5740);
#1791=VERTEX_POINT('',#5742);
#1792=VERTEX_POINT('',#5744);
#1793=VERTEX_POINT('',#5746);
#1794=VERTEX_POINT('',#5748);
#1795=VERTEX_POINT('',#5751);
#1796=VERTEX_POINT('',#5753);
#1797=VERTEX_POINT('',#5756);
#1798=VERTEX_POINT('',#5758);
#1799=VERTEX_POINT('',#5760);
#1800=VERTEX_POINT('',#5762);
#1801=VERTEX_POINT('',#5764);
#1802=VERTEX_POINT('',#5766);
#1803=VERTEX_POINT('',#5768);
#1804=VERTEX_POINT('',#5772);
#1805=VERTEX_POINT('',#5774);
#1806=VERTEX_POINT('',#5778);
#1807=VERTEX_POINT('',#5780);
#1808=VERTEX_POINT('',#5783);
#1809=VERTEX_POINT('',#5785);
#1810=VERTEX_POINT('',#5787);
#1811=VERTEX_POINT('',#5790);
#1812=VERTEX_POINT('',#5919);
#1813=VERTEX_POINT('',#5920);
#1814=VERTEX_POINT('',#5926);
#1815=VERTEX_POINT('',#5928);
#1816=VERTEX_POINT('',#5939);
#1817=VERTEX_POINT('',#5941);
#1818=VERTEX_POINT('',#5955);
#1819=VERTEX_POINT('',#5956);
#1820=VERTEX_POINT('',#5958);
#1821=VERTEX_POINT('',#5960);
#1822=VERTEX_POINT('',#5962);
#1823=VERTEX_POINT('',#5964);
#1824=VERTEX_POINT('',#5966);
#1825=VERTEX_POINT('',#5968);
#1826=VERTEX_POINT('',#5970);
#1827=VERTEX_POINT('',#5972);
#1828=VERTEX_POINT('',#5974);
#1829=VERTEX_POINT('',#5976);
#1830=VERTEX_POINT('',#5978);
#1831=VERTEX_POINT('',#5980);
#1832=VERTEX_POINT('',#5982);
#1833=VERTEX_POINT('',#5984);
#1834=VERTEX_POINT('',#5988);
#1835=VERTEX_POINT('',#5989);
#1836=VERTEX_POINT('',#5991);
#1837=VERTEX_POINT('',#5993);
#1838=VERTEX_POINT('',#5997);
#1839=VERTEX_POINT('',#5999);
#1840=VERTEX_POINT('',#6001);
#1841=VERTEX_POINT('',#6003);
#1842=VERTEX_POINT('',#6005);
#1843=VERTEX_POINT('',#6007);
#1844=VERTEX_POINT('',#6011);
#1845=VERTEX_POINT('',#6012);
#1846=VERTEX_POINT('',#6018);
#1847=VERTEX_POINT('',#6020);
#1848=VERTEX_POINT('',#6031);
#1849=VERTEX_POINT('',#6038);
#1850=VERTEX_POINT('',#6044);
#1851=VERTEX_POINT('',#6050);
#1852=VERTEX_POINT('',#6056);
#1853=VERTEX_POINT('',#6062);
#1854=VERTEX_POINT('',#6070);
#1855=VERTEX_POINT('',#6076);
#1856=VERTEX_POINT('',#6087);
#1857=VERTEX_POINT('',#6098);
#1858=VERTEX_POINT('',#6104);
#1859=VERTEX_POINT('',#6106);
#1860=VERTEX_POINT('',#6108);
#1861=VERTEX_POINT('',#6110);
#1862=VERTEX_POINT('',#6112);
#1863=VERTEX_POINT('',#6114);
#1864=VERTEX_POINT('',#6116);
#1865=VERTEX_POINT('',#6118);
#1866=VERTEX_POINT('',#6120);
#1867=VERTEX_POINT('',#6122);
#1868=VERTEX_POINT('',#6126);
#1869=VERTEX_POINT('',#6127);
#1870=VERTEX_POINT('',#6129);
#1871=VERTEX_POINT('',#6131);
#1872=VERTEX_POINT('',#6135);
#1873=VERTEX_POINT('',#6136);
#1874=VERTEX_POINT('',#6138);
#1875=VERTEX_POINT('',#6143);
#1876=VERTEX_POINT('',#6145);
#1877=VERTEX_POINT('',#6147);
#1878=VERTEX_POINT('',#6149);
#1879=VERTEX_POINT('',#6151);
#1880=VERTEX_POINT('',#6153);
#1881=VERTEX_POINT('',#6157);
#1882=VERTEX_POINT('',#6164);
#1883=VERTEX_POINT('',#6166);
#1884=VERTEX_POINT('',#6170);
#1885=VERTEX_POINT('',#6174);
#1886=VERTEX_POINT('',#6176);
#1887=VERTEX_POINT('',#6180);
#1888=VERTEX_POINT('',#6182);
#1889=VERTEX_POINT('',#6186);
#1890=VERTEX_POINT('',#6190);
#1891=VERTEX_POINT('',#6191);
#1892=VERTEX_POINT('',#6193);
#1893=VERTEX_POINT('',#6195);
#1894=VERTEX_POINT('',#6199);
#1895=VERTEX_POINT('',#6200);
#1896=VERTEX_POINT('',#6205);
#1897=VERTEX_POINT('',#6209);
#1898=VERTEX_POINT('',#6211);
#1899=VERTEX_POINT('',#6215);
#1900=VERTEX_POINT('',#6217);
#1901=VERTEX_POINT('',#6224);
#1902=VERTEX_POINT('',#6229);
#1903=VERTEX_POINT('',#6231);
#1904=VERTEX_POINT('',#6235);
#1905=VERTEX_POINT('',#6236);
#1906=VERTEX_POINT('',#6241);
#1907=VERTEX_POINT('',#6243);
#1908=VERTEX_POINT('',#6247);
#1909=VERTEX_POINT('',#6248);
#1910=VERTEX_POINT('',#6250);
#1911=VERTEX_POINT('',#6252);
#1912=VERTEX_POINT('',#6259);
#1913=VERTEX_POINT('',#6261);
#1914=VERTEX_POINT('',#6268);
#1915=VERTEX_POINT('',#6270);
#1916=VERTEX_POINT('',#6277);
#1917=VERTEX_POINT('',#6279);
#1918=VERTEX_POINT('',#6281);
#1919=VERTEX_POINT('',#6285);
#1920=VERTEX_POINT('',#6287);
#1921=VERTEX_POINT('',#6291);
#1922=VERTEX_POINT('',#6293);
#1923=VERTEX_POINT('',#6299);
#1924=VERTEX_POINT('',#6301);
#1925=VERTEX_POINT('',#6305);
#1926=VERTEX_POINT('',#6363);
#1927=VERTEX_POINT('',#6364);
#1928=VERTEX_POINT('',#6383);
#1929=VERTEX_POINT('',#6384);
#1930=VERTEX_POINT('',#6386);
#1931=VERTEX_POINT('',#6388);
#1932=VERTEX_POINT('',#6391);
#1933=VERTEX_POINT('',#6393);
#1934=VERTEX_POINT('',#6396);
#1935=VERTEX_POINT('',#6400);
#1936=VERTEX_POINT('',#6402);
#1937=VERTEX_POINT('',#6406);
#1938=VERTEX_POINT('',#6493);
#1939=VERTEX_POINT('',#6494);
#1940=VERTEX_POINT('',#6505);
#1941=VERTEX_POINT('',#6539);
#1942=VERTEX_POINT('',#6543);
#1943=VERTEX_POINT('',#6545);
#1944=VERTEX_POINT('',#6638);
#1945=VERTEX_POINT('',#6649);
#1946=VERTEX_POINT('',#6670);
#1947=VERTEX_POINT('',#6679);
#1948=VERTEX_POINT('',#6685);
#1949=VERTEX_POINT('',#6687);
#1950=VERTEX_POINT('',#6690);
#1951=VERTEX_POINT('',#6694);
#1952=VERTEX_POINT('',#6698);
#1953=VERTEX_POINT('',#6700);
#1954=VERTEX_POINT('',#6703);
#1955=VERTEX_POINT('',#6707);
#1956=VERTEX_POINT('',#6711);
#1957=VERTEX_POINT('',#6713);
#1958=VERTEX_POINT('',#6716);
#1959=VERTEX_POINT('',#6720);
#1960=VERTEX_POINT('',#6724);
#1961=VERTEX_POINT('',#6726);
#1962=VERTEX_POINT('',#6729);
#1963=VERTEX_POINT('',#6733);
#1964=VERTEX_POINT('',#6747);
#1965=VERTEX_POINT('',#6749);
#1966=VERTEX_POINT('',#6752);
#1967=VERTEX_POINT('',#6758);
#1968=VERTEX_POINT('',#6764);
#1969=VERTEX_POINT('',#6770);
#1970=VERTEX_POINT('',#6786);
#1971=VERTEX_POINT('',#6787);
#1972=VERTEX_POINT('',#6792);
#1973=VERTEX_POINT('',#6796);
#1974=VERTEX_POINT('',#6797);
#1975=VERTEX_POINT('',#6802);
#1976=VERTEX_POINT('',#6803);
#1977=VERTEX_POINT('',#6818);
#1978=VERTEX_POINT('',#6821);
#1979=VERTEX_POINT('',#6823);
#1980=VERTEX_POINT('',#6825);
#1981=VERTEX_POINT('',#6827);
#1982=VERTEX_POINT('',#6830);
#1983=VERTEX_POINT('',#6833);
#1984=VERTEX_POINT('',#6839);
#1985=VERTEX_POINT('',#6841);
#1986=VERTEX_POINT('',#6843);
#1987=VERTEX_POINT('',#6845);
#1988=VERTEX_POINT('',#6851);
#1989=VERTEX_POINT('',#6862);
#1990=VERTEX_POINT('',#6873);
#1991=VERTEX_POINT('',#6879);
#1992=VERTEX_POINT('',#6887);
#1993=VERTEX_POINT('',#6893);
#1994=VERTEX_POINT('',#6899);
#1995=VERTEX_POINT('',#6905);
#1996=VERTEX_POINT('',#6911);
#1997=VERTEX_POINT('',#6929);
#1998=VERTEX_POINT('',#6935);
#1999=VERTEX_POINT('',#6941);
#2000=VERTEX_POINT('',#6953);
#2001=VERTEX_POINT('',#6956);
#2002=VERTEX_POINT('',#6958);
#2003=VERTEX_POINT('',#6960);
#2004=VERTEX_POINT('',#6962);
#2005=VERTEX_POINT('',#6965);
#2006=EDGE_CURVE('',#1636,#1636,#1500,.T.);
#2007=EDGE_CURVE('',#1636,#1637,#752,.T.);
#2008=EDGE_CURVE('',#1637,#1637,#1501,.T.);
#2009=EDGE_CURVE('',#1638,#1638,#1502,.T.);
#2010=EDGE_CURVE('',#1639,#1639,#1503,.T.);
#2011=EDGE_CURVE('',#1639,#1640,#753,.T.);
#2012=EDGE_CURVE('',#1640,#1640,#1504,.T.);
#2013=EDGE_CURVE('',#1641,#1641,#1505,.T.);
#2014=EDGE_CURVE('',#1642,#1643,#754,.T.);
#2015=EDGE_CURVE('',#1644,#1642,#755,.T.);
#2016=EDGE_CURVE('',#1645,#1644,#756,.T.);
#2017=EDGE_CURVE('',#1646,#1645,#1506,.T.);
#2018=EDGE_CURVE('',#1647,#1646,#1507,.T.);
#2019=EDGE_CURVE('',#1648,#1647,#757,.T.);
#2020=EDGE_CURVE('',#1649,#1648,#758,.T.);
#2021=EDGE_CURVE('',#1650,#1649,#1508,.T.);
#2022=EDGE_CURVE('',#1651,#1650,#759,.T.);
#2023=EDGE_CURVE('',#1652,#1651,#1509,.T.);
#2024=EDGE_CURVE('',#1653,#1652,#1510,.T.);
#2025=EDGE_CURVE('',#1654,#1653,#760,.T.);
#2026=EDGE_CURVE('',#1655,#1654,#1511,.T.);
#2027=EDGE_CURVE('',#1656,#1655,#761,.T.);
#2028=EDGE_CURVE('',#1643,#1656,#762,.T.);
#2029=EDGE_CURVE('',#1657,#1658,#763,.T.);
#2030=EDGE_CURVE('',#1658,#1659,#764,.T.);
#2031=EDGE_CURVE('',#1659,#1660,#765,.T.);
#2032=EDGE_CURVE('',#1660,#1657,#766,.T.);
#2033=EDGE_CURVE('',#1661,#1662,#767,.T.);
#2034=EDGE_CURVE('',#1663,#1661,#768,.T.);
#2035=EDGE_CURVE('',#1662,#1663,#769,.T.);
#2036=EDGE_CURVE('',#1664,#1665,#770,.T.);
#2037=EDGE_CURVE('',#1666,#1665,#1512,.T.);
#2038=EDGE_CURVE('',#1667,#1666,#771,.T.);
#2039=EDGE_CURVE('',#1664,#1667,#772,.T.);
#2040=EDGE_CURVE('',#1668,#1668,#1513,.T.);
#2041=EDGE_CURVE('',#1669,#1669,#1514,.T.);
#2042=EDGE_CURVE('',#1670,#1671,#1515,.T.);
#2043=EDGE_CURVE('',#1671,#1670,#773,.T.);
#2044=EDGE_CURVE('',#1672,#1673,#774,.T.);
#2045=EDGE_CURVE('',#1673,#1674,#775,.T.);
#2046=EDGE_CURVE('',#1674,#1675,#776,.T.);
#2047=EDGE_CURVE('',#1675,#1672,#777,.T.);
#2048=EDGE_CURVE('',#1676,#1677,#778,.T.);
#2049=EDGE_CURVE('',#1658,#1676,#779,.T.);
#2050=EDGE_CURVE('',#1657,#1677,#780,.T.);
#2051=EDGE_CURVE('',#1677,#1678,#781,.T.);
#2052=EDGE_CURVE('',#1660,#1678,#782,.T.);
#2053=EDGE_CURVE('',#1678,#1679,#783,.T.);
#2054=EDGE_CURVE('',#1659,#1679,#784,.T.);
#2055=EDGE_CURVE('',#1679,#1676,#785,.T.);
#2056=EDGE_CURVE('',#1680,#1681,#786,.T.);
#2057=EDGE_CURVE('',#1673,#1680,#787,.T.);
#2058=EDGE_CURVE('',#1672,#1681,#788,.T.);
#2059=EDGE_CURVE('',#1681,#1682,#789,.T.);
#2060=EDGE_CURVE('',#1675,#1682,#790,.T.);
#2061=EDGE_CURVE('',#1682,#1683,#791,.T.);
#2062=EDGE_CURVE('',#1674,#1683,#792,.T.);
#2063=EDGE_CURVE('',#1683,#1680,#793,.T.);
#2064=EDGE_CURVE('',#1684,#1684,#1516,.T.);
#2065=EDGE_CURVE('',#1685,#1685,#1517,.T.);
#2066=EDGE_CURVE('',#1686,#1686,#1518,.T.);
#2067=EDGE_CURVE('',#1686,#1684,#794,.T.);
#2068=EDGE_CURVE('',#1687,#1687,#1519,.T.);
#2069=EDGE_CURVE('',#1688,#1688,#1520,.T.);
#2070=EDGE_CURVE('',#1689,#1689,#1521,.T.);
#2071=EDGE_CURVE('',#1689,#1687,#795,.T.);
#2072=EDGE_CURVE('',#1690,#1690,#1522,.T.);
#2073=EDGE_CURVE('',#1691,#1691,#1523,.T.);
#2074=EDGE_CURVE('',#1692,#1692,#1524,.T.);
#2075=EDGE_CURVE('',#1692,#1690,#796,.T.);
#2076=EDGE_CURVE('',#1693,#1693,#1525,.T.);
#2077=EDGE_CURVE('',#1694,#1694,#1526,.T.);
#2078=EDGE_CURVE('',#1695,#1695,#1527,.T.);
#2079=EDGE_CURVE('',#1695,#1693,#797,.T.);
#2080=EDGE_CURVE('',#1696,#1697,#1528,.T.);
#2081=EDGE_CURVE('',#1696,#1666,#798,.T.);
#2082=EDGE_CURVE('',#1665,#1697,#799,.T.);
#2083=EDGE_CURVE('',#1698,#1699,#1529,.T.);
#2084=EDGE_CURVE('',#1653,#1698,#800,.T.);
#2085=EDGE_CURVE('',#1652,#1699,#801,.T.);
#2086=EDGE_CURVE('',#1699,#1700,#1530,.T.);
#2087=EDGE_CURVE('',#1651,#1700,#802,.T.);
#2088=EDGE_CURVE('',#1701,#1702,#1531,.T.);
#2089=EDGE_CURVE('',#1650,#1701,#803,.T.);
#2090=EDGE_CURVE('',#1649,#1702,#804,.T.);
#2091=EDGE_CURVE('',#1703,#1704,#1532,.T.);
#2092=EDGE_CURVE('',#1647,#1703,#805,.T.);
#2093=EDGE_CURVE('',#1646,#1704,#806,.T.);
#2094=EDGE_CURVE('',#1705,#1706,#1533,.T.);
#2095=EDGE_CURVE('',#1655,#1705,#807,.T.);
#2096=EDGE_CURVE('',#1654,#1706,#808,.T.);
#2097=EDGE_CURVE('',#1641,#1688,#809,.T.);
#2098=EDGE_CURVE('',#1638,#1685,#810,.T.);
#2099=EDGE_CURVE('',#1707,#1707,#1534,.T.);
#2100=EDGE_CURVE('',#1707,#1694,#811,.T.);
#2101=EDGE_CURVE('',#1669,#1708,#812,.T.);
#2102=EDGE_CURVE('',#1708,#1708,#1535,.T.);
#2103=EDGE_CURVE('',#1709,#1709,#1536,.T.);
#2104=EDGE_CURVE('',#1709,#1691,#813,.T.);
#2105=EDGE_CURVE('',#1668,#1710,#814,.T.);
#2106=EDGE_CURVE('',#1710,#1710,#1537,.T.);
#2107=EDGE_CURVE('',#1706,#1698,#815,.T.);
#2108=EDGE_CURVE('',#1711,#1705,#816,.T.);
#2109=EDGE_CURVE('',#1656,#1711,#817,.T.);
#2110=EDGE_CURVE('',#1712,#1711,#818,.T.);
#2111=EDGE_CURVE('',#1643,#1712,#819,.T.);
#2112=EDGE_CURVE('',#1713,#1712,#820,.T.);
#2113=EDGE_CURVE('',#1642,#1713,#821,.T.);
#2114=EDGE_CURVE('',#1714,#1713,#822,.T.);
#2115=EDGE_CURVE('',#1644,#1714,#823,.T.);
#2116=EDGE_CURVE('',#1715,#1714,#824,.T.);
#2117=EDGE_CURVE('',#1645,#1715,#825,.T.);
#2118=EDGE_CURVE('',#1704,#1715,#1538,.T.);
#2119=EDGE_CURVE('',#1716,#1663,#826,.T.);
#2120=EDGE_CURVE('',#1717,#1716,#827,.T.);
#2121=EDGE_CURVE('',#1717,#1662,#828,.T.);
#2122=EDGE_CURVE('',#1718,#1661,#829,.T.);
#2123=EDGE_CURVE('',#1717,#1718,#830,.T.);
#2124=EDGE_CURVE('',#1716,#1718,#831,.T.);
#2125=EDGE_CURVE('',#1702,#1719,#832,.T.);
#2126=EDGE_CURVE('',#1719,#1703,#833,.T.);
#2127=EDGE_CURVE('',#1700,#1701,#834,.T.);
#2128=EDGE_CURVE('',#1720,#1721,#835,.T.);
#2129=EDGE_CURVE('',#1721,#1720,#1539,.T.);
#2130=EDGE_CURVE('',#1722,#1723,#836,.T.);
#2131=EDGE_CURVE('',#1723,#1696,#837,.T.);
#2132=EDGE_CURVE('',#1722,#1697,#838,.T.);
#2133=EDGE_CURVE('',#1664,#1722,#839,.T.);
#2134=EDGE_CURVE('',#1721,#1670,#840,.T.);
#2135=EDGE_CURVE('',#1720,#1671,#841,.T.);
#2136=EDGE_CURVE('',#1648,#1719,#842,.T.);
#2137=EDGE_CURVE('',#1723,#1667,#843,.T.);
#2138=EDGE_CURVE('',#1724,#1724,#1540,.T.);
#2139=EDGE_CURVE('',#1724,#1725,#844,.T.);
#2140=EDGE_CURVE('',#1725,#1725,#1541,.T.);
#2141=EDGE_CURVE('',#1726,#1726,#1542,.T.);
#2142=EDGE_CURVE('',#1726,#1727,#845,.T.);
#2143=EDGE_CURVE('',#1727,#1727,#1543,.T.);
#2144=EDGE_CURVE('',#1728,#1728,#1544,.T.);
#2145=EDGE_CURVE('',#1728,#1729,#846,.T.);
#2146=EDGE_CURVE('',#1729,#1729,#1545,.T.);
#2147=EDGE_CURVE('',#1730,#1730,#1546,.T.);
#2148=EDGE_CURVE('',#1730,#1731,#847,.T.);
#2149=EDGE_CURVE('',#1731,#1731,#1547,.T.);
#2150=EDGE_CURVE('',#1732,#1733,#848,.T.);
#2151=EDGE_CURVE('',#1732,#1734,#849,.T.);
#2152=EDGE_CURVE('',#1734,#1735,#850,.T.);
#2153=EDGE_CURVE('',#1733,#1735,#851,.T.);
#2154=EDGE_CURVE('',#1736,#1732,#852,.T.);
#2155=EDGE_CURVE('',#1736,#1737,#853,.T.);
#2156=EDGE_CURVE('',#1737,#1734,#854,.T.);
#2157=EDGE_CURVE('',#1738,#1736,#855,.T.);
#2158=EDGE_CURVE('',#1738,#1739,#856,.T.);
#2159=EDGE_CURVE('',#1739,#1737,#857,.T.);
#2160=EDGE_CURVE('',#1740,#1738,#858,.T.);
#2161=EDGE_CURVE('',#1740,#1741,#859,.T.);
#2162=EDGE_CURVE('',#1741,#1739,#860,.T.);
#2163=EDGE_CURVE('',#1742,#1740,#861,.T.);
#2164=EDGE_CURVE('',#1742,#1743,#862,.T.);
#2165=EDGE_CURVE('',#1743,#1741,#863,.T.);
#2166=EDGE_CURVE('',#1733,#1742,#864,.T.);
#2167=EDGE_CURVE('',#1735,#1743,#865,.T.);
#2168=EDGE_CURVE('',#1744,#1745,#866,.T.);
#2169=EDGE_CURVE('',#1744,#1746,#867,.T.);
#2170=EDGE_CURVE('',#1746,#1747,#868,.T.);
#2171=EDGE_CURVE('',#1745,#1747,#869,.T.);
#2172=EDGE_CURVE('',#1748,#1744,#870,.T.);
#2173=EDGE_CURVE('',#1748,#1749,#871,.T.);
#2174=EDGE_CURVE('',#1749,#1746,#872,.T.);
#2175=EDGE_CURVE('',#1750,#1748,#873,.T.);
#2176=EDGE_CURVE('',#1750,#1751,#874,.T.);
#2177=EDGE_CURVE('',#1751,#1749,#875,.T.);
#2178=EDGE_CURVE('',#1752,#1750,#876,.T.);
#2179=EDGE_CURVE('',#1752,#1753,#877,.T.);
#2180=EDGE_CURVE('',#1753,#1751,#878,.T.);
#2181=EDGE_CURVE('',#1754,#1752,#879,.T.);
#2182=EDGE_CURVE('',#1754,#1755,#880,.T.);
#2183=EDGE_CURVE('',#1755,#1753,#881,.T.);
#2184=EDGE_CURVE('',#1745,#1754,#882,.T.);
#2185=EDGE_CURVE('',#1747,#1755,#883,.T.);
#2186=EDGE_CURVE('',#1756,#1757,#884,.T.);
#2187=EDGE_CURVE('',#1756,#1758,#885,.T.);
#2188=EDGE_CURVE('',#1758,#1759,#886,.T.);
#2189=EDGE_CURVE('',#1757,#1759,#887,.T.);
#2190=EDGE_CURVE('',#1760,#1756,#888,.T.);
#2191=EDGE_CURVE('',#1760,#1761,#889,.T.);
#2192=EDGE_CURVE('',#1761,#1758,#890,.T.);
#2193=EDGE_CURVE('',#1762,#1760,#891,.T.);
#2194=EDGE_CURVE('',#1762,#1763,#892,.T.);
#2195=EDGE_CURVE('',#1763,#1761,#893,.T.);
#2196=EDGE_CURVE('',#1764,#1762,#894,.T.);
#2197=EDGE_CURVE('',#1764,#1765,#895,.T.);
#2198=EDGE_CURVE('',#1765,#1763,#896,.T.);
#2199=EDGE_CURVE('',#1766,#1764,#897,.T.);
#2200=EDGE_CURVE('',#1766,#1767,#898,.T.);
#2201=EDGE_CURVE('',#1767,#1765,#899,.T.);
#2202=EDGE_CURVE('',#1757,#1766,#900,.T.);
#2203=EDGE_CURVE('',#1759,#1767,#901,.T.);
#2204=EDGE_CURVE('',#1768,#1769,#902,.T.);
#2205=EDGE_CURVE('',#1768,#1770,#903,.T.);
#2206=EDGE_CURVE('',#1770,#1771,#904,.T.);
#2207=EDGE_CURVE('',#1769,#1771,#905,.T.);
#2208=EDGE_CURVE('',#1772,#1768,#906,.T.);
#2209=EDGE_CURVE('',#1772,#1773,#907,.T.);
#2210=EDGE_CURVE('',#1773,#1770,#908,.T.);
#2211=EDGE_CURVE('',#1774,#1772,#909,.T.);
#2212=EDGE_CURVE('',#1774,#1775,#910,.T.);
#2213=EDGE_CURVE('',#1775,#1773,#911,.T.);
#2214=EDGE_CURVE('',#1776,#1774,#912,.T.);
#2215=EDGE_CURVE('',#1776,#1777,#913,.T.);
#2216=EDGE_CURVE('',#1777,#1775,#914,.T.);
#2217=EDGE_CURVE('',#1778,#1776,#915,.T.);
#2218=EDGE_CURVE('',#1778,#1779,#916,.T.);
#2219=EDGE_CURVE('',#1779,#1777,#917,.T.);
#2220=EDGE_CURVE('',#1769,#1778,#918,.T.);
#2221=EDGE_CURVE('',#1771,#1779,#919,.T.);
#2222=EDGE_CURVE('',#1780,#1781,#920,.T.);
#2223=EDGE_CURVE('',#1780,#1782,#921,.T.);
#2224=EDGE_CURVE('',#1782,#1783,#922,.T.);
#2225=EDGE_CURVE('',#1781,#1783,#923,.T.);
#2226=EDGE_CURVE('',#1783,#1784,#1548,.T.);
#2227=EDGE_CURVE('',#1785,#1782,#924,.T.);
#2228=EDGE_CURVE('',#1786,#1785,#925,.T.);
#2229=EDGE_CURVE('',#1787,#1786,#926,.T.);
#2230=EDGE_CURVE('',#1788,#1787,#927,.T.);
#2231=EDGE_CURVE('',#1784,#1788,#928,.T.);
#2232=EDGE_CURVE('',#1788,#1789,#929,.T.);
#2233=EDGE_CURVE('',#1789,#1790,#930,.T.);
#2234=EDGE_CURVE('',#1791,#1790,#931,.T.);
#2235=EDGE_CURVE('',#1792,#1791,#932,.T.);
#2236=EDGE_CURVE('',#1792,#1793,#933,.T.);
#2237=EDGE_CURVE('',#1794,#1793,#934,.T.);
#2238=EDGE_CURVE('',#1784,#1794,#935,.T.);
#2239=EDGE_CURVE('',#1795,#1795,#1549,.T.);
#2240=EDGE_CURVE('',#1796,#1796,#1550,.T.);
#2241=EDGE_CURVE('',#1787,#1797,#936,.T.);
#2242=EDGE_CURVE('',#1798,#1797,#937,.T.);
#2243=EDGE_CURVE('',#1798,#1799,#938,.T.);
#2244=EDGE_CURVE('',#1800,#1799,#939,.T.);
#2245=EDGE_CURVE('',#1801,#1800,#940,.T.);
#2246=EDGE_CURVE('',#1802,#1801,#941,.T.);
#2247=EDGE_CURVE('',#1802,#1803,#942,.T.);
#2248=EDGE_CURVE('',#1803,#1789,#943,.T.);
#2249=EDGE_CURVE('',#1790,#1804,#1551,.T.);
#2250=EDGE_CURVE('',#1805,#1803,#944,.T.);
#2251=EDGE_CURVE('',#1804,#1805,#945,.T.);
#2252=EDGE_CURVE('',#1806,#1794,#1552,.T.);
#2253=EDGE_CURVE('',#1807,#1806,#946,.T.);
#2254=EDGE_CURVE('',#1791,#1807,#1553,.T.);
#2255=EDGE_CURVE('',#1804,#1808,#947,.T.);
#2256=EDGE_CURVE('',#1808,#1809,#1554,.T.);
#2257=EDGE_CURVE('',#1809,#1810,#948,.T.);
#2258=EDGE_CURVE('',#1810,#1781,#1555,.T.);
#2259=EDGE_CURVE('',#1811,#1811,#37,.T.);
#2260=EDGE_CURVE('',#1812,#1813,#38,.F.);
#2261=EDGE_CURVE('',#1813,#1814,#949,.T.);
#2262=EDGE_CURVE('',#1815,#1814,#39,.T.);
#2263=EDGE_CURVE('',#1815,#1816,#950,.T.);
#2264=EDGE_CURVE('',#1816,#1817,#40,.T.);
#2265=EDGE_CURVE('',#1812,#1817,#951,.T.);
#2266=EDGE_CURVE('',#1818,#1819,#952,.T.);
#2267=EDGE_CURVE('',#1819,#1820,#1556,.T.);
#2268=EDGE_CURVE('',#1820,#1821,#953,.T.);
#2269=EDGE_CURVE('',#1822,#1821,#1557,.T.);
#2270=EDGE_CURVE('',#1823,#1822,#954,.T.);
#2271=EDGE_CURVE('',#1823,#1824,#1558,.T.);
#2272=EDGE_CURVE('',#1824,#1825,#955,.T.);
#2273=EDGE_CURVE('',#1825,#1826,#1559,.T.);
#2274=EDGE_CURVE('',#1827,#1826,#956,.T.);
#2275=EDGE_CURVE('',#1828,#1827,#1560,.T.);
#2276=EDGE_CURVE('',#1828,#1829,#957,.T.);
#2277=EDGE_CURVE('',#1829,#1830,#1561,.T.);
#2278=EDGE_CURVE('',#1830,#1831,#958,.T.);
#2279=EDGE_CURVE('',#1831,#1832,#1562,.T.);
#2280=EDGE_CURVE('',#1832,#1833,#959,.T.);
#2281=EDGE_CURVE('',#1818,#1833,#1563,.T.);
#2282=EDGE_CURVE('',#1834,#1835,#960,.T.);
#2283=EDGE_CURVE('',#1836,#1834,#961,.T.);
#2284=EDGE_CURVE('',#1837,#1836,#962,.T.);
#2285=EDGE_CURVE('',#1835,#1837,#963,.T.);
#2286=EDGE_CURVE('',#1838,#1834,#1564,.T.);
#2287=EDGE_CURVE('',#1835,#1839,#1565,.T.);
#2288=EDGE_CURVE('',#1839,#1840,#964,.T.);
#2289=EDGE_CURVE('',#1841,#1840,#1566,.T.);
#2290=EDGE_CURVE('',#1842,#1841,#965,.T.);
#2291=EDGE_CURVE('',#1843,#1842,#1567,.T.);
#2292=EDGE_CURVE('',#1843,#1838,#966,.T.);
#2293=EDGE_CURVE('',#1844,#1845,#967,.T.);
#2294=EDGE_CURVE('',#1819,#1844,#968,.T.);
#2295=EDGE_CURVE('',#1814,#1818,#969,.T.);
#2296=EDGE_CURVE('',#1845,#1813,#970,.T.);
#2297=EDGE_CURVE('',#1821,#1846,#971,.T.);
#2298=EDGE_CURVE('',#1846,#1847,#41,.T.);
#2299=EDGE_CURVE('',#1847,#1848,#42,.T.);
#2300=EDGE_CURVE('',#1848,#1849,#43,.T.);
#2301=EDGE_CURVE('',#1849,#1850,#44,.T.);
#2302=EDGE_CURVE('',#1850,#1851,#45,.T.);
#2303=EDGE_CURVE('',#1851,#1852,#46,.T.);
#2304=EDGE_CURVE('',#1852,#1853,#47,.T.);
#2305=EDGE_CURVE('',#1853,#1854,#48,.T.);
#2306=EDGE_CURVE('',#1854,#1855,#49,.T.);
#2307=EDGE_CURVE('',#1855,#1856,#50,.T.);
#2308=EDGE_CURVE('',#1856,#1857,#51,.T.);
#2309=EDGE_CURVE('',#1857,#1858,#972,.T.);
#2310=EDGE_CURVE('',#1858,#1859,#973,.T.);
#2311=EDGE_CURVE('',#1859,#1860,#974,.T.);
#2312=EDGE_CURVE('',#1860,#1861,#975,.T.);
#2313=EDGE_CURVE('',#1861,#1862,#976,.T.);
#2314=EDGE_CURVE('',#1862,#1863,#977,.T.);
#2315=EDGE_CURVE('',#1863,#1864,#1568,.T.);
#2316=EDGE_CURVE('',#1864,#1865,#978,.T.);
#2317=EDGE_CURVE('',#1866,#1865,#1569,.T.);
#2318=EDGE_CURVE('',#1866,#1867,#1570,.T.);
#2319=EDGE_CURVE('',#1867,#1822,#979,.T.);
#2320=EDGE_CURVE('',#1868,#1869,#980,.T.);
#2321=EDGE_CURVE('',#1870,#1868,#981,.T.);
#2322=EDGE_CURVE('',#1871,#1870,#982,.T.);
#2323=EDGE_CURVE('',#1869,#1871,#983,.T.);
#2324=EDGE_CURVE('',#1872,#1873,#984,.T.);
#2325=EDGE_CURVE('',#1874,#1872,#985,.T.);
#2326=EDGE_CURVE('',#1846,#1874,#986,.T.);
#2327=EDGE_CURVE('',#1873,#1820,#987,.T.);
#2328=EDGE_CURVE('',#1875,#1868,#1571,.T.);
#2329=EDGE_CURVE('',#1869,#1876,#1572,.T.);
#2330=EDGE_CURVE('',#1877,#1876,#988,.T.);
#2331=EDGE_CURVE('',#1878,#1877,#1573,.T.);
#2332=EDGE_CURVE('',#1878,#1879,#989,.T.);
#2333=EDGE_CURVE('',#1880,#1879,#1574,.T.);
#2334=EDGE_CURVE('',#1875,#1880,#990,.T.);
#2335=EDGE_CURVE('',#1845,#1881,#991,.T.);
#2336=EDGE_CURVE('',#1874,#1812,#52,.F.);
#2337=EDGE_CURVE('',#1882,#1872,#992,.T.);
#2338=EDGE_CURVE('',#1883,#1882,#993,.T.);
#2339=EDGE_CURVE('',#1870,#1883,#994,.T.);
#2340=EDGE_CURVE('',#1839,#1875,#995,.T.);
#2341=EDGE_CURVE('',#1884,#1837,#996,.T.);
#2342=EDGE_CURVE('',#1881,#1884,#997,.T.);
#2343=EDGE_CURVE('',#1885,#1844,#998,.T.);
#2344=EDGE_CURVE('',#1886,#1885,#999,.T.);
#2345=EDGE_CURVE('',#1836,#1886,#1000,.T.);
#2346=EDGE_CURVE('',#1876,#1838,#1001,.T.);
#2347=EDGE_CURVE('',#1887,#1871,#1002,.T.);
#2348=EDGE_CURVE('',#1888,#1887,#1003,.T.);
#2349=EDGE_CURVE('',#1873,#1888,#1004,.T.);
#2350=EDGE_CURVE('',#1889,#1805,#1005,.T.);
#2351=EDGE_CURVE('',#1889,#1808,#1006,.T.);
#2352=EDGE_CURVE('',#1890,#1891,#1007,.T.);
#2353=EDGE_CURVE('',#1890,#1892,#1008,.T.);
#2354=EDGE_CURVE('',#1893,#1892,#1009,.T.);
#2355=EDGE_CURVE('',#1891,#1893,#1010,.T.);
#2356=EDGE_CURVE('',#1894,#1895,#1011,.T.);
#2357=EDGE_CURVE('',#1810,#1894,#1012,.T.);
#2358=EDGE_CURVE('',#1895,#1809,#1013,.T.);
#2359=EDGE_CURVE('',#1895,#1896,#1014,.T.);
#2360=EDGE_CURVE('',#1896,#1889,#1015,.T.);
#2361=EDGE_CURVE('',#1897,#1890,#1575,.T.);
#2362=EDGE_CURVE('',#1897,#1898,#1016,.T.);
#2363=EDGE_CURVE('',#1892,#1898,#1017,.T.);
#2364=EDGE_CURVE('',#1891,#1899,#1576,.T.);
#2365=EDGE_CURVE('',#1900,#1893,#1018,.T.);
#2366=EDGE_CURVE('',#1900,#1899,#1019,.T.);
#2367=EDGE_CURVE('',#1899,#1897,#1020,.T.);
#2368=EDGE_CURVE('',#1898,#1900,#1021,.T.);
#2369=EDGE_CURVE('',#1780,#1901,#1022,.T.);
#2370=EDGE_CURVE('',#1901,#1862,#1023,.T.);
#2371=EDGE_CURVE('',#1782,#1861,#1024,.T.);
#2372=EDGE_CURVE('',#1902,#1889,#1025,.T.);
#2373=EDGE_CURVE('',#1903,#1902,#1026,.T.);
#2374=EDGE_CURVE('',#1903,#1896,#1027,.T.);
#2375=EDGE_CURVE('',#1904,#1905,#1028,.T.);
#2376=EDGE_CURVE('',#1904,#1831,#1029,.T.);
#2377=EDGE_CURVE('',#1905,#1830,#1030,.T.);
#2378=EDGE_CURVE('',#1824,#1906,#1031,.T.);
#2379=EDGE_CURVE('',#1907,#1906,#1032,.T.);
#2380=EDGE_CURVE('',#1825,#1907,#1033,.T.);
#2381=EDGE_CURVE('',#1908,#1909,#1034,.T.);
#2382=EDGE_CURVE('',#1910,#1908,#1035,.T.);
#2383=EDGE_CURVE('',#1911,#1910,#1036,.T.);
#2384=EDGE_CURVE('',#1909,#1911,#1037,.T.);
#2385=EDGE_CURVE('',#1909,#1904,#1577,.T.);
#2386=EDGE_CURVE('',#1832,#1911,#1038,.T.);
#2387=EDGE_CURVE('',#1912,#1823,#1039,.T.);
#2388=EDGE_CURVE('',#1912,#1913,#1040,.T.);
#2389=EDGE_CURVE('',#1906,#1913,#1578,.T.);
#2390=EDGE_CURVE('',#1905,#1908,#1579,.T.);
#2391=EDGE_CURVE('',#1910,#1829,#1041,.T.);
#2392=EDGE_CURVE('',#1826,#1914,#1042,.T.);
#2393=EDGE_CURVE('',#1915,#1907,#1580,.T.);
#2394=EDGE_CURVE('',#1915,#1914,#1043,.T.);
#2395=EDGE_CURVE('',#1914,#1912,#1044,.T.);
#2396=EDGE_CURVE('',#1913,#1915,#1045,.T.);
#2397=EDGE_CURVE('',#1916,#1916,#1581,.T.);
#2398=EDGE_CURVE('',#1916,#1917,#1582,.T.);
#2399=EDGE_CURVE('',#1917,#1918,#1583,.T.);
#2400=EDGE_CURVE('',#1918,#1917,#1584,.T.);
#2401=EDGE_CURVE('',#1918,#1919,#1046,.T.);
#2402=EDGE_CURVE('',#1920,#1919,#1585,.T.);
#2403=EDGE_CURVE('',#1919,#1920,#1586,.T.);
#2404=EDGE_CURVE('',#1921,#1800,#1047,.T.);
#2405=EDGE_CURVE('',#1922,#1921,#1048,.T.);
#2406=EDGE_CURVE('',#1801,#1922,#1049,.T.);
#2407=EDGE_CURVE('',#1796,#1920,#1587,.T.);
#2408=EDGE_CURVE('',#1795,#1923,#1588,.T.);
#2409=EDGE_CURVE('',#1923,#1924,#1589,.T.);
#2410=EDGE_CURVE('',#1924,#1923,#1590,.T.);
#2411=EDGE_CURVE('',#1924,#1925,#1050,.T.);
#2412=EDGE_CURVE('',#1925,#1925,#1591,.T.);
#2413=EDGE_CURVE('',#1926,#1927,#53,.T.);
#2414=EDGE_CURVE('',#1927,#1927,#54,.T.);
#2415=EDGE_CURVE('',#1926,#1926,#1592,.T.);
#2416=EDGE_CURVE('',#1928,#1929,#1051,.T.);
#2417=EDGE_CURVE('',#1928,#1930,#1052,.T.);
#2418=EDGE_CURVE('',#1931,#1930,#1053,.T.);
#2419=EDGE_CURVE('',#1929,#1931,#1054,.T.);
#2420=EDGE_CURVE('',#1932,#1932,#1593,.T.);
#2421=EDGE_CURVE('',#1933,#1933,#1594,.T.);
#2422=EDGE_CURVE('',#1934,#1934,#1595,.T.);
#2423=EDGE_CURVE('',#1934,#1927,#1055,.T.);
#2424=EDGE_CURVE('',#1932,#1935,#1596,.T.);
#2425=EDGE_CURVE('',#1935,#1936,#1597,.T.);
#2426=EDGE_CURVE('',#1936,#1935,#1598,.T.);
#2427=EDGE_CURVE('',#1937,#1937,#1599,.T.);
#2428=EDGE_CURVE('',#1937,#1936,#1056,.T.);
#2429=EDGE_CURVE('',#1938,#1939,#55,.T.);
#2430=EDGE_CURVE('',#1939,#1940,#56,.T.);
#2431=EDGE_CURVE('',#1940,#1939,#57,.T.);
#2432=EDGE_CURVE('',#1938,#1938,#58,.T.);
#2433=EDGE_CURVE('',#1941,#1941,#1600,.T.);
#2434=EDGE_CURVE('',#1941,#1940,#1057,.T.);
#2435=EDGE_CURVE('',#1942,#1928,#1601,.T.);
#2436=EDGE_CURVE('',#1942,#1943,#1058,.T.);
#2437=EDGE_CURVE('',#1930,#1943,#1602,.T.);
#2438=EDGE_CURVE('',#1811,#1944,#59,.T.);
#2439=EDGE_CURVE('',#1944,#1945,#60,.T.);
#2440=EDGE_CURVE('',#1945,#1944,#61,.T.);
#2441=EDGE_CURVE('',#1945,#1946,#1059,.T.);
#2442=EDGE_CURVE('',#1946,#1946,#1603,.T.);
#2443=EDGE_CURVE('',#1785,#1786,#1604,.T.);
#2444=EDGE_CURVE('',#1901,#1894,#1060,.T.);
#2445=EDGE_CURVE('',#1860,#1947,#1061,.T.);
#2446=EDGE_CURVE('',#1797,#1947,#1062,.T.);
#2447=EDGE_CURVE('',#1902,#1802,#1063,.T.);
#2448=EDGE_CURVE('',#1948,#1948,#1605,.T.);
#2449=EDGE_CURVE('',#1949,#1949,#1606,.T.);
#2450=EDGE_CURVE('',#1950,#1950,#1607,.T.);
#2451=EDGE_CURVE('',#1950,#1948,#1064,.T.);
#2452=EDGE_CURVE('',#1949,#1951,#1065,.T.);
#2453=EDGE_CURVE('',#1951,#1951,#1608,.T.);
#2454=EDGE_CURVE('',#1952,#1952,#1609,.T.);
#2455=EDGE_CURVE('',#1953,#1953,#1610,.T.);
#2456=EDGE_CURVE('',#1954,#1954,#1611,.T.);
#2457=EDGE_CURVE('',#1954,#1952,#1066,.T.);
#2458=EDGE_CURVE('',#1953,#1955,#1067,.T.);
#2459=EDGE_CURVE('',#1955,#1955,#1612,.T.);
#2460=EDGE_CURVE('',#1956,#1956,#1613,.T.);
#2461=EDGE_CURVE('',#1957,#1957,#1614,.T.);
#2462=EDGE_CURVE('',#1958,#1958,#1615,.T.);
#2463=EDGE_CURVE('',#1958,#1956,#1068,.T.);
#2464=EDGE_CURVE('',#1957,#1959,#1069,.T.);
#2465=EDGE_CURVE('',#1959,#1959,#1616,.T.);
#2466=EDGE_CURVE('',#1960,#1960,#1617,.T.);
#2467=EDGE_CURVE('',#1961,#1961,#1618,.T.);
#2468=EDGE_CURVE('',#1962,#1962,#1619,.T.);
#2469=EDGE_CURVE('',#1962,#1960,#1070,.T.);
#2470=EDGE_CURVE('',#1961,#1963,#1071,.T.);
#2471=EDGE_CURVE('',#1963,#1963,#1620,.T.);
#2472=EDGE_CURVE('',#1884,#1886,#1072,.T.);
#2473=EDGE_CURVE('',#1885,#1881,#1073,.T.);
#2474=EDGE_CURVE('',#1882,#1888,#1074,.T.);
#2475=EDGE_CURVE('',#1883,#1887,#1075,.T.);
#2476=EDGE_CURVE('',#1833,#1964,#1076,.T.);
#2477=EDGE_CURVE('',#1964,#1965,#1621,.T.);
#2478=EDGE_CURVE('',#1921,#1965,#1622,.T.);
#2479=EDGE_CURVE('',#1799,#1966,#62,.T.);
#2480=EDGE_CURVE('',#1966,#1967,#63,.T.);
#2481=EDGE_CURVE('',#1967,#1968,#64,.T.);
#2482=EDGE_CURVE('',#1968,#1969,#65,.T.);
#2483=EDGE_CURVE('',#1969,#1815,#66,.T.);
#2484=EDGE_CURVE('',#1877,#1843,#1077,.T.);
#2485=EDGE_CURVE('',#1840,#1880,#1078,.T.);
#2486=EDGE_CURVE('',#1970,#1971,#1623,.T.);
#2487=EDGE_CURVE('',#1970,#1867,#1079,.T.);
#2488=EDGE_CURVE('',#1971,#1866,#1080,.T.);
#2489=EDGE_CURVE('',#1971,#1972,#1624,.T.);
#2490=EDGE_CURVE('',#1972,#1865,#1081,.T.);
#2491=EDGE_CURVE('',#1973,#1974,#1625,.T.);
#2492=EDGE_CURVE('',#1973,#1864,#1082,.T.);
#2493=EDGE_CURVE('',#1974,#1863,#1083,.T.);
#2494=EDGE_CURVE('',#1975,#1976,#1626,.T.);
#2495=EDGE_CURVE('',#1975,#1965,#1084,.T.);
#2496=EDGE_CURVE('',#1976,#1964,#1085,.T.);
#2497=EDGE_CURVE('',#1976,#1828,#1086,.T.);
#2498=EDGE_CURVE('',#1922,#1975,#1627,.T.);
#2499=EDGE_CURVE('',#1974,#1903,#1087,.T.);
#2500=EDGE_CURVE('',#1972,#1973,#1088,.T.);
#2501=EDGE_CURVE('',#1827,#1970,#1089,.T.);
#2502=EDGE_CURVE('',#1879,#1977,#1090,.T.);
#2503=EDGE_CURVE('',#1977,#1931,#1628,.T.);
#2504=EDGE_CURVE('',#1943,#1978,#1091,.T.);
#2505=EDGE_CURVE('',#1978,#1979,#1629,.T.);
#2506=EDGE_CURVE('',#1979,#1980,#1092,.T.);
#2507=EDGE_CURVE('',#1980,#1981,#1630,.T.);
#2508=EDGE_CURVE('',#1981,#1806,#1093,.T.);
#2509=EDGE_CURVE('',#1793,#1982,#1631,.T.);
#2510=EDGE_CURVE('',#1982,#1841,#1094,.T.);
#2511=EDGE_CURVE('',#1798,#1983,#67,.T.);
#2512=EDGE_CURVE('',#1984,#1947,#1095,.T.);
#2513=EDGE_CURVE('',#1985,#1984,#1096,.T.);
#2514=EDGE_CURVE('',#1986,#1985,#1097,.T.);
#2515=EDGE_CURVE('',#1987,#1986,#68,.T.);
#2516=EDGE_CURVE('',#1988,#1987,#69,.T.);
#2517=EDGE_CURVE('',#1989,#1988,#70,.T.);
#2518=EDGE_CURVE('',#1990,#1989,#71,.T.);
#2519=EDGE_CURVE('',#1991,#1990,#72,.T.);
#2520=EDGE_CURVE('',#1992,#1991,#73,.T.);
#2521=EDGE_CURVE('',#1993,#1992,#74,.T.);
#2522=EDGE_CURVE('',#1994,#1993,#75,.T.);
#2523=EDGE_CURVE('',#1995,#1994,#76,.T.);
#2524=EDGE_CURVE('',#1996,#1995,#77,.T.);
#2525=EDGE_CURVE('',#1817,#1996,#78,.T.);
#2526=EDGE_CURVE('',#1997,#1816,#79,.T.);
#2527=EDGE_CURVE('',#1998,#1997,#80,.T.);
#2528=EDGE_CURVE('',#1999,#1998,#81,.T.);
#2529=EDGE_CURVE('',#1983,#1999,#82,.T.);
#2530=EDGE_CURVE('',#1842,#2000,#1098,.T.);
#2531=EDGE_CURVE('',#2000,#1792,#1632,.T.);
#2532=EDGE_CURVE('',#1807,#2001,#1099,.T.);
#2533=EDGE_CURVE('',#2001,#2002,#1633,.T.);
#2534=EDGE_CURVE('',#2002,#2003,#1100,.T.);
#2535=EDGE_CURVE('',#2003,#2004,#1634,.T.);
#2536=EDGE_CURVE('',#2004,#1942,#1101,.T.);
#2537=EDGE_CURVE('',#1929,#2005,#1635,.T.);
#2538=EDGE_CURVE('',#1878,#2005,#1102,.T.);
#2539=EDGE_CURVE('',#2000,#1982,#1103,.T.);
#2540=EDGE_CURVE('',#2001,#1981,#1104,.T.);
#2541=EDGE_CURVE('',#2002,#1980,#1105,.T.);
#2542=EDGE_CURVE('',#2003,#1979,#1106,.T.);
#2543=EDGE_CURVE('',#2004,#1978,#1107,.T.);
#2544=EDGE_CURVE('',#2005,#1977,#1108,.T.);
#2545=EDGE_CURVE('',#1966,#1983,#1109,.T.);
#2546=EDGE_CURVE('',#1859,#1984,#1110,.T.);
#2547=EDGE_CURVE('',#1858,#1985,#1111,.T.);
#2548=EDGE_CURVE('',#1857,#1986,#1112,.T.);
#2549=EDGE_CURVE('',#1856,#1987,#1113,.T.);
#2550=EDGE_CURVE('',#1855,#1988,#1114,.T.);
#2551=EDGE_CURVE('',#1854,#1989,#1115,.T.);
#2552=EDGE_CURVE('',#1853,#1990,#1116,.T.);
#2553=EDGE_CURVE('',#1852,#1991,#1117,.T.);
#2554=EDGE_CURVE('',#1851,#1992,#1118,.T.);
#2555=EDGE_CURVE('',#1850,#1993,#1119,.T.);
#2556=EDGE_CURVE('',#1849,#1994,#1120,.T.);
#2557=EDGE_CURVE('',#1848,#1995,#1121,.T.);
#2558=EDGE_CURVE('',#1847,#1996,#1122,.T.);
#2559=EDGE_CURVE('',#1969,#1997,#1123,.T.);
#2560=EDGE_CURVE('',#1968,#1998,#1124,.T.);
#2561=EDGE_CURVE('',#1967,#1999,#1125,.T.);
#2562=ORIENTED_EDGE('',*,*,#2006,.F.);
#2563=ORIENTED_EDGE('',*,*,#2007,.T.);
#2564=ORIENTED_EDGE('',*,*,#2008,.F.);
#2565=ORIENTED_EDGE('',*,*,#2007,.F.);
#2566=ORIENTED_EDGE('',*,*,#2006,.T.);
#2567=ORIENTED_EDGE('',*,*,#2009,.T.);
#2568=ORIENTED_EDGE('',*,*,#2010,.F.);
#2569=ORIENTED_EDGE('',*,*,#2011,.T.);
#2570=ORIENTED_EDGE('',*,*,#2012,.F.);
#2571=ORIENTED_EDGE('',*,*,#2011,.F.);
#2572=ORIENTED_EDGE('',*,*,#2010,.T.);
#2573=ORIENTED_EDGE('',*,*,#2013,.T.);
#2574=ORIENTED_EDGE('',*,*,#2014,.F.);
#2575=ORIENTED_EDGE('',*,*,#2015,.F.);
#2576=ORIENTED_EDGE('',*,*,#2016,.F.);
#2577=ORIENTED_EDGE('',*,*,#2017,.F.);
#2578=ORIENTED_EDGE('',*,*,#2018,.F.);
#2579=ORIENTED_EDGE('',*,*,#2019,.F.);
#2580=ORIENTED_EDGE('',*,*,#2020,.F.);
#2581=ORIENTED_EDGE('',*,*,#2021,.F.);
#2582=ORIENTED_EDGE('',*,*,#2022,.F.);
#2583=ORIENTED_EDGE('',*,*,#2023,.F.);
#2584=ORIENTED_EDGE('',*,*,#2024,.F.);
#2585=ORIENTED_EDGE('',*,*,#2025,.F.);
#2586=ORIENTED_EDGE('',*,*,#2026,.F.);
#2587=ORIENTED_EDGE('',*,*,#2027,.F.);
#2588=ORIENTED_EDGE('',*,*,#2028,.F.);
#2589=ORIENTED_EDGE('',*,*,#2008,.T.);
#2590=ORIENTED_EDGE('',*,*,#2012,.T.);
#2591=ORIENTED_EDGE('',*,*,#2029,.T.);
#2592=ORIENTED_EDGE('',*,*,#2030,.T.);
#2593=ORIENTED_EDGE('',*,*,#2031,.T.);
#2594=ORIENTED_EDGE('',*,*,#2032,.T.);
#2595=ORIENTED_EDGE('',*,*,#2033,.F.);
#2596=ORIENTED_EDGE('',*,*,#2034,.F.);
#2597=ORIENTED_EDGE('',*,*,#2035,.F.);
#2598=ORIENTED_EDGE('',*,*,#2036,.T.);
#2599=ORIENTED_EDGE('',*,*,#2037,.F.);
#2600=ORIENTED_EDGE('',*,*,#2038,.F.);
#2601=ORIENTED_EDGE('',*,*,#2039,.F.);
#2602=ORIENTED_EDGE('',*,*,#2040,.T.);
#2603=ORIENTED_EDGE('',*,*,#2041,.T.);
#2604=ORIENTED_EDGE('',*,*,#2042,.F.);
#2605=ORIENTED_EDGE('',*,*,#2043,.F.);
#2606=ORIENTED_EDGE('',*,*,#2044,.T.);
#2607=ORIENTED_EDGE('',*,*,#2045,.T.);
#2608=ORIENTED_EDGE('',*,*,#2046,.T.);
#2609=ORIENTED_EDGE('',*,*,#2047,.T.);
#2610=ORIENTED_EDGE('',*,*,#2048,.F.);
#2611=ORIENTED_EDGE('',*,*,#2049,.F.);
#2612=ORIENTED_EDGE('',*,*,#2029,.F.);
#2613=ORIENTED_EDGE('',*,*,#2050,.T.);
#2614=ORIENTED_EDGE('',*,*,#2051,.F.);
#2615=ORIENTED_EDGE('',*,*,#2050,.F.);
#2616=ORIENTED_EDGE('',*,*,#2032,.F.);
#2617=ORIENTED_EDGE('',*,*,#2052,.T.);
#2618=ORIENTED_EDGE('',*,*,#2053,.F.);
#2619=ORIENTED_EDGE('',*,*,#2052,.F.);
#2620=ORIENTED_EDGE('',*,*,#2031,.F.);
#2621=ORIENTED_EDGE('',*,*,#2054,.T.);
#2622=ORIENTED_EDGE('',*,*,#2055,.F.);
#2623=ORIENTED_EDGE('',*,*,#2054,.F.);
#2624=ORIENTED_EDGE('',*,*,#2030,.F.);
#2625=ORIENTED_EDGE('',*,*,#2049,.T.);
#2626=ORIENTED_EDGE('',*,*,#2056,.F.);
#2627=ORIENTED_EDGE('',*,*,#2057,.F.);
#2628=ORIENTED_EDGE('',*,*,#2044,.F.);
#2629=ORIENTED_EDGE('',*,*,#2058,.T.);
#2630=ORIENTED_EDGE('',*,*,#2059,.F.);
#2631=ORIENTED_EDGE('',*,*,#2058,.F.);
#2632=ORIENTED_EDGE('',*,*,#2047,.F.);
#2633=ORIENTED_EDGE('',*,*,#2060,.T.);
#2634=ORIENTED_EDGE('',*,*,#2061,.F.);
#2635=ORIENTED_EDGE('',*,*,#2060,.F.);
#2636=ORIENTED_EDGE('',*,*,#2046,.F.);
#2637=ORIENTED_EDGE('',*,*,#2062,.T.);
#2638=ORIENTED_EDGE('',*,*,#2063,.F.);
#2639=ORIENTED_EDGE('',*,*,#2062,.F.);
#2640=ORIENTED_EDGE('',*,*,#2045,.F.);
#2641=ORIENTED_EDGE('',*,*,#2057,.T.);
#2642=ORIENTED_EDGE('',*,*,#2064,.F.);
#2643=ORIENTED_EDGE('',*,*,#2065,.F.);
#2644=ORIENTED_EDGE('',*,*,#2066,.F.);
#2645=ORIENTED_EDGE('',*,*,#2067,.T.);
#2646=ORIENTED_EDGE('',*,*,#2064,.T.);
#2647=ORIENTED_EDGE('',*,*,#2067,.F.);
#2648=ORIENTED_EDGE('',*,*,#2068,.F.);
#2649=ORIENTED_EDGE('',*,*,#2069,.F.);
#2650=ORIENTED_EDGE('',*,*,#2070,.F.);
#2651=ORIENTED_EDGE('',*,*,#2071,.T.);
#2652=ORIENTED_EDGE('',*,*,#2068,.T.);
#2653=ORIENTED_EDGE('',*,*,#2071,.F.);
#2654=ORIENTED_EDGE('',*,*,#2072,.F.);
#2655=ORIENTED_EDGE('',*,*,#2073,.F.);
#2656=ORIENTED_EDGE('',*,*,#2074,.F.);
#2657=ORIENTED_EDGE('',*,*,#2075,.T.);
#2658=ORIENTED_EDGE('',*,*,#2072,.T.);
#2659=ORIENTED_EDGE('',*,*,#2075,.F.);
#2660=ORIENTED_EDGE('',*,*,#2076,.F.);
#2661=ORIENTED_EDGE('',*,*,#2077,.F.);
#2662=ORIENTED_EDGE('',*,*,#2078,.F.);
#2663=ORIENTED_EDGE('',*,*,#2079,.T.);
#2664=ORIENTED_EDGE('',*,*,#2076,.T.);
#2665=ORIENTED_EDGE('',*,*,#2079,.F.);
#2666=ORIENTED_EDGE('',*,*,#2080,.F.);
#2667=ORIENTED_EDGE('',*,*,#2081,.T.);
#2668=ORIENTED_EDGE('',*,*,#2037,.T.);
#2669=ORIENTED_EDGE('',*,*,#2082,.T.);
#2670=ORIENTED_EDGE('',*,*,#2083,.F.);
#2671=ORIENTED_EDGE('',*,*,#2084,.F.);
#2672=ORIENTED_EDGE('',*,*,#2024,.T.);
#2673=ORIENTED_EDGE('',*,*,#2085,.T.);
#2674=ORIENTED_EDGE('',*,*,#2086,.F.);
#2675=ORIENTED_EDGE('',*,*,#2085,.F.);
#2676=ORIENTED_EDGE('',*,*,#2023,.T.);
#2677=ORIENTED_EDGE('',*,*,#2087,.T.);
#2678=ORIENTED_EDGE('',*,*,#2088,.F.);
#2679=ORIENTED_EDGE('',*,*,#2089,.F.);
#2680=ORIENTED_EDGE('',*,*,#2021,.T.);
#2681=ORIENTED_EDGE('',*,*,#2090,.T.);
#2682=ORIENTED_EDGE('',*,*,#2091,.F.);
#2683=ORIENTED_EDGE('',*,*,#2092,.F.);
#2684=ORIENTED_EDGE('',*,*,#2018,.T.);
#2685=ORIENTED_EDGE('',*,*,#2093,.T.);
#2686=ORIENTED_EDGE('',*,*,#2094,.F.);
#2687=ORIENTED_EDGE('',*,*,#2095,.F.);
#2688=ORIENTED_EDGE('',*,*,#2026,.T.);
#2689=ORIENTED_EDGE('',*,*,#2096,.T.);
#2690=ORIENTED_EDGE('',*,*,#2013,.F.);
#2691=ORIENTED_EDGE('',*,*,#2097,.T.);
#2692=ORIENTED_EDGE('',*,*,#2069,.T.);
#2693=ORIENTED_EDGE('',*,*,#2097,.F.);
#2694=ORIENTED_EDGE('',*,*,#2009,.F.);
#2695=ORIENTED_EDGE('',*,*,#2098,.T.);
#2696=ORIENTED_EDGE('',*,*,#2065,.T.);
#2697=ORIENTED_EDGE('',*,*,#2098,.F.);
#2698=ORIENTED_EDGE('',*,*,#2099,.T.);
#2699=ORIENTED_EDGE('',*,*,#2100,.T.);
#2700=ORIENTED_EDGE('',*,*,#2077,.T.);
#2701=ORIENTED_EDGE('',*,*,#2100,.F.);
#2702=ORIENTED_EDGE('',*,*,#2041,.F.);
#2703=ORIENTED_EDGE('',*,*,#2101,.T.);
#2704=ORIENTED_EDGE('',*,*,#2102,.T.);
#2705=ORIENTED_EDGE('',*,*,#2101,.F.);
#2706=ORIENTED_EDGE('',*,*,#2103,.T.);
#2707=ORIENTED_EDGE('',*,*,#2104,.T.);
#2708=ORIENTED_EDGE('',*,*,#2073,.T.);
#2709=ORIENTED_EDGE('',*,*,#2104,.F.);
#2710=ORIENTED_EDGE('',*,*,#2040,.F.);
#2711=ORIENTED_EDGE('',*,*,#2105,.T.);
#2712=ORIENTED_EDGE('',*,*,#2106,.T.);
#2713=ORIENTED_EDGE('',*,*,#2105,.F.);
#2714=ORIENTED_EDGE('',*,*,#2106,.F.);
#2715=ORIENTED_EDGE('',*,*,#2103,.F.);
#2716=ORIENTED_EDGE('',*,*,#2102,.F.);
#2717=ORIENTED_EDGE('',*,*,#2099,.F.);
#2718=ORIENTED_EDGE('',*,*,#2025,.T.);
#2719=ORIENTED_EDGE('',*,*,#2084,.T.);
#2720=ORIENTED_EDGE('',*,*,#2107,.F.);
#2721=ORIENTED_EDGE('',*,*,#2096,.F.);
#2722=ORIENTED_EDGE('',*,*,#2027,.T.);
#2723=ORIENTED_EDGE('',*,*,#2095,.T.);
#2724=ORIENTED_EDGE('',*,*,#2108,.F.);
#2725=ORIENTED_EDGE('',*,*,#2109,.F.);
#2726=ORIENTED_EDGE('',*,*,#2028,.T.);
#2727=ORIENTED_EDGE('',*,*,#2109,.T.);
#2728=ORIENTED_EDGE('',*,*,#2110,.F.);
#2729=ORIENTED_EDGE('',*,*,#2111,.F.);
#2730=ORIENTED_EDGE('',*,*,#2014,.T.);
#2731=ORIENTED_EDGE('',*,*,#2111,.T.);
#2732=ORIENTED_EDGE('',*,*,#2112,.F.);
#2733=ORIENTED_EDGE('',*,*,#2113,.F.);
#2734=ORIENTED_EDGE('',*,*,#2015,.T.);
#2735=ORIENTED_EDGE('',*,*,#2113,.T.);
#2736=ORIENTED_EDGE('',*,*,#2114,.F.);
#2737=ORIENTED_EDGE('',*,*,#2115,.F.);
#2738=ORIENTED_EDGE('',*,*,#2016,.T.);
#2739=ORIENTED_EDGE('',*,*,#2115,.T.);
#2740=ORIENTED_EDGE('',*,*,#2116,.F.);
#2741=ORIENTED_EDGE('',*,*,#2117,.F.);
#2742=ORIENTED_EDGE('',*,*,#2017,.T.);
#2743=ORIENTED_EDGE('',*,*,#2117,.T.);
#2744=ORIENTED_EDGE('',*,*,#2118,.F.);
#2745=ORIENTED_EDGE('',*,*,#2093,.F.);
#2746=ORIENTED_EDGE('',*,*,#2035,.T.);
#2747=ORIENTED_EDGE('',*,*,#2119,.F.);
#2748=ORIENTED_EDGE('',*,*,#2120,.F.);
#2749=ORIENTED_EDGE('',*,*,#2121,.T.);
#2750=ORIENTED_EDGE('',*,*,#2122,.T.);
#2751=ORIENTED_EDGE('',*,*,#2033,.T.);
#2752=ORIENTED_EDGE('',*,*,#2121,.F.);
#2753=ORIENTED_EDGE('',*,*,#2123,.T.);
#2754=ORIENTED_EDGE('',*,*,#2122,.F.);
#2755=ORIENTED_EDGE('',*,*,#2124,.F.);
#2756=ORIENTED_EDGE('',*,*,#2119,.T.);
#2757=ORIENTED_EDGE('',*,*,#2034,.T.);
#2758=ORIENTED_EDGE('',*,*,#2088,.T.);
#2759=ORIENTED_EDGE('',*,*,#2125,.T.);
#2760=ORIENTED_EDGE('',*,*,#2126,.T.);
#2761=ORIENTED_EDGE('',*,*,#2091,.T.);
#2762=ORIENTED_EDGE('',*,*,#2118,.T.);
#2763=ORIENTED_EDGE('',*,*,#2116,.T.);
#2764=ORIENTED_EDGE('',*,*,#2114,.T.);
#2765=ORIENTED_EDGE('',*,*,#2112,.T.);
#2766=ORIENTED_EDGE('',*,*,#2110,.T.);
#2767=ORIENTED_EDGE('',*,*,#2108,.T.);
#2768=ORIENTED_EDGE('',*,*,#2094,.T.);
#2769=ORIENTED_EDGE('',*,*,#2107,.T.);
#2770=ORIENTED_EDGE('',*,*,#2083,.T.);
#2771=ORIENTED_EDGE('',*,*,#2086,.T.);
#2772=ORIENTED_EDGE('',*,*,#2127,.T.);
#2773=ORIENTED_EDGE('',*,*,#2048,.T.);
#2774=ORIENTED_EDGE('',*,*,#2051,.T.);
#2775=ORIENTED_EDGE('',*,*,#2053,.T.);
#2776=ORIENTED_EDGE('',*,*,#2055,.T.);
#2777=ORIENTED_EDGE('',*,*,#2056,.T.);
#2778=ORIENTED_EDGE('',*,*,#2059,.T.);
#2779=ORIENTED_EDGE('',*,*,#2061,.T.);
#2780=ORIENTED_EDGE('',*,*,#2063,.T.);
#2781=ORIENTED_EDGE('',*,*,#2066,.T.);
#2782=ORIENTED_EDGE('',*,*,#2070,.T.);
#2783=ORIENTED_EDGE('',*,*,#2074,.T.);
#2784=ORIENTED_EDGE('',*,*,#2078,.T.);
#2785=ORIENTED_EDGE('',*,*,#2123,.F.);
#2786=ORIENTED_EDGE('',*,*,#2120,.T.);
#2787=ORIENTED_EDGE('',*,*,#2124,.T.);
#2788=ORIENTED_EDGE('',*,*,#2128,.T.);
#2789=ORIENTED_EDGE('',*,*,#2129,.T.);
#2790=ORIENTED_EDGE('',*,*,#2130,.T.);
#2791=ORIENTED_EDGE('',*,*,#2131,.T.);
#2792=ORIENTED_EDGE('',*,*,#2080,.T.);
#2793=ORIENTED_EDGE('',*,*,#2132,.F.);
#2794=ORIENTED_EDGE('',*,*,#2133,.T.);
#2795=ORIENTED_EDGE('',*,*,#2132,.T.);
#2796=ORIENTED_EDGE('',*,*,#2082,.F.);
#2797=ORIENTED_EDGE('',*,*,#2036,.F.);
#2798=ORIENTED_EDGE('',*,*,#2134,.F.);
#2799=ORIENTED_EDGE('',*,*,#2128,.F.);
#2800=ORIENTED_EDGE('',*,*,#2135,.T.);
#2801=ORIENTED_EDGE('',*,*,#2043,.T.);
#2802=ORIENTED_EDGE('',*,*,#2019,.T.);
#2803=ORIENTED_EDGE('',*,*,#2092,.T.);
#2804=ORIENTED_EDGE('',*,*,#2126,.F.);
#2805=ORIENTED_EDGE('',*,*,#2136,.F.);
#2806=ORIENTED_EDGE('',*,*,#2020,.T.);
#2807=ORIENTED_EDGE('',*,*,#2136,.T.);
#2808=ORIENTED_EDGE('',*,*,#2125,.F.);
#2809=ORIENTED_EDGE('',*,*,#2090,.F.);
#2810=ORIENTED_EDGE('',*,*,#2022,.T.);
#2811=ORIENTED_EDGE('',*,*,#2089,.T.);
#2812=ORIENTED_EDGE('',*,*,#2127,.F.);
#2813=ORIENTED_EDGE('',*,*,#2087,.F.);
#2814=ORIENTED_EDGE('',*,*,#2042,.T.);
#2815=ORIENTED_EDGE('',*,*,#2135,.F.);
#2816=ORIENTED_EDGE('',*,*,#2129,.F.);
#2817=ORIENTED_EDGE('',*,*,#2134,.T.);
#2818=ORIENTED_EDGE('',*,*,#2038,.T.);
#2819=ORIENTED_EDGE('',*,*,#2081,.F.);
#2820=ORIENTED_EDGE('',*,*,#2131,.F.);
#2821=ORIENTED_EDGE('',*,*,#2137,.T.);
#2822=ORIENTED_EDGE('',*,*,#2039,.T.);
#2823=ORIENTED_EDGE('',*,*,#2137,.F.);
#2824=ORIENTED_EDGE('',*,*,#2130,.F.);
#2825=ORIENTED_EDGE('',*,*,#2133,.F.);
#2826=ORIENTED_EDGE('',*,*,#2138,.F.);
#2827=ORIENTED_EDGE('',*,*,#2139,.T.);
#2828=ORIENTED_EDGE('',*,*,#2140,.F.);
#2829=ORIENTED_EDGE('',*,*,#2139,.F.);
#2830=ORIENTED_EDGE('',*,*,#2141,.F.);
#2831=ORIENTED_EDGE('',*,*,#2142,.T.);
#2832=ORIENTED_EDGE('',*,*,#2143,.F.);
#2833=ORIENTED_EDGE('',*,*,#2142,.F.);
#2834=ORIENTED_EDGE('',*,*,#2144,.F.);
#2835=ORIENTED_EDGE('',*,*,#2145,.T.);
#2836=ORIENTED_EDGE('',*,*,#2146,.F.);
#2837=ORIENTED_EDGE('',*,*,#2145,.F.);
#2838=ORIENTED_EDGE('',*,*,#2147,.F.);
#2839=ORIENTED_EDGE('',*,*,#2148,.T.);
#2840=ORIENTED_EDGE('',*,*,#2149,.F.);
#2841=ORIENTED_EDGE('',*,*,#2148,.F.);
#2842=ORIENTED_EDGE('',*,*,#2150,.F.);
#2843=ORIENTED_EDGE('',*,*,#2151,.T.);
#2844=ORIENTED_EDGE('',*,*,#2152,.T.);
#2845=ORIENTED_EDGE('',*,*,#2153,.F.);
#2846=ORIENTED_EDGE('',*,*,#2154,.F.);
#2847=ORIENTED_EDGE('',*,*,#2155,.T.);
#2848=ORIENTED_EDGE('',*,*,#2156,.T.);
#2849=ORIENTED_EDGE('',*,*,#2151,.F.);
#2850=ORIENTED_EDGE('',*,*,#2157,.F.);
#2851=ORIENTED_EDGE('',*,*,#2158,.T.);
#2852=ORIENTED_EDGE('',*,*,#2159,.T.);
#2853=ORIENTED_EDGE('',*,*,#2155,.F.);
#2854=ORIENTED_EDGE('',*,*,#2160,.F.);
#2855=ORIENTED_EDGE('',*,*,#2161,.T.);
#2856=ORIENTED_EDGE('',*,*,#2162,.T.);
#2857=ORIENTED_EDGE('',*,*,#2158,.F.);
#2858=ORIENTED_EDGE('',*,*,#2163,.F.);
#2859=ORIENTED_EDGE('',*,*,#2164,.T.);
#2860=ORIENTED_EDGE('',*,*,#2165,.T.);
#2861=ORIENTED_EDGE('',*,*,#2161,.F.);
#2862=ORIENTED_EDGE('',*,*,#2166,.F.);
#2863=ORIENTED_EDGE('',*,*,#2153,.T.);
#2864=ORIENTED_EDGE('',*,*,#2167,.T.);
#2865=ORIENTED_EDGE('',*,*,#2164,.F.);
#2866=ORIENTED_EDGE('',*,*,#2167,.F.);
#2867=ORIENTED_EDGE('',*,*,#2152,.F.);
#2868=ORIENTED_EDGE('',*,*,#2156,.F.);
#2869=ORIENTED_EDGE('',*,*,#2159,.F.);
#2870=ORIENTED_EDGE('',*,*,#2162,.F.);
#2871=ORIENTED_EDGE('',*,*,#2165,.F.);
#2872=ORIENTED_EDGE('',*,*,#2147,.T.);
#2873=ORIENTED_EDGE('',*,*,#2168,.F.);
#2874=ORIENTED_EDGE('',*,*,#2169,.T.);
#2875=ORIENTED_EDGE('',*,*,#2170,.T.);
#2876=ORIENTED_EDGE('',*,*,#2171,.F.);
#2877=ORIENTED_EDGE('',*,*,#2172,.F.);
#2878=ORIENTED_EDGE('',*,*,#2173,.T.);
#2879=ORIENTED_EDGE('',*,*,#2174,.T.);
#2880=ORIENTED_EDGE('',*,*,#2169,.F.);
#2881=ORIENTED_EDGE('',*,*,#2175,.F.);
#2882=ORIENTED_EDGE('',*,*,#2176,.T.);
#2883=ORIENTED_EDGE('',*,*,#2177,.T.);
#2884=ORIENTED_EDGE('',*,*,#2173,.F.);
#2885=ORIENTED_EDGE('',*,*,#2178,.F.);
#2886=ORIENTED_EDGE('',*,*,#2179,.T.);
#2887=ORIENTED_EDGE('',*,*,#2180,.T.);
#2888=ORIENTED_EDGE('',*,*,#2176,.F.);
#2889=ORIENTED_EDGE('',*,*,#2181,.F.);
#2890=ORIENTED_EDGE('',*,*,#2182,.T.);
#2891=ORIENTED_EDGE('',*,*,#2183,.T.);
#2892=ORIENTED_EDGE('',*,*,#2179,.F.);
#2893=ORIENTED_EDGE('',*,*,#2184,.F.);
#2894=ORIENTED_EDGE('',*,*,#2171,.T.);
#2895=ORIENTED_EDGE('',*,*,#2185,.T.);
#2896=ORIENTED_EDGE('',*,*,#2182,.F.);
#2897=ORIENTED_EDGE('',*,*,#2185,.F.);
#2898=ORIENTED_EDGE('',*,*,#2170,.F.);
#2899=ORIENTED_EDGE('',*,*,#2174,.F.);
#2900=ORIENTED_EDGE('',*,*,#2177,.F.);
#2901=ORIENTED_EDGE('',*,*,#2180,.F.);
#2902=ORIENTED_EDGE('',*,*,#2183,.F.);
#2903=ORIENTED_EDGE('',*,*,#2138,.T.);
#2904=ORIENTED_EDGE('',*,*,#2186,.F.);
#2905=ORIENTED_EDGE('',*,*,#2187,.T.);
#2906=ORIENTED_EDGE('',*,*,#2188,.T.);
#2907=ORIENTED_EDGE('',*,*,#2189,.F.);
#2908=ORIENTED_EDGE('',*,*,#2190,.F.);
#2909=ORIENTED_EDGE('',*,*,#2191,.T.);
#2910=ORIENTED_EDGE('',*,*,#2192,.T.);
#2911=ORIENTED_EDGE('',*,*,#2187,.F.);
#2912=ORIENTED_EDGE('',*,*,#2193,.F.);
#2913=ORIENTED_EDGE('',*,*,#2194,.T.);
#2914=ORIENTED_EDGE('',*,*,#2195,.T.);
#2915=ORIENTED_EDGE('',*,*,#2191,.F.);
#2916=ORIENTED_EDGE('',*,*,#2196,.F.);
#2917=ORIENTED_EDGE('',*,*,#2197,.T.);
#2918=ORIENTED_EDGE('',*,*,#2198,.T.);
#2919=ORIENTED_EDGE('',*,*,#2194,.F.);
#2920=ORIENTED_EDGE('',*,*,#2199,.F.);
#2921=ORIENTED_EDGE('',*,*,#2200,.T.);
#2922=ORIENTED_EDGE('',*,*,#2201,.T.);
#2923=ORIENTED_EDGE('',*,*,#2197,.F.);
#2924=ORIENTED_EDGE('',*,*,#2202,.F.);
#2925=ORIENTED_EDGE('',*,*,#2189,.T.);
#2926=ORIENTED_EDGE('',*,*,#2203,.T.);
#2927=ORIENTED_EDGE('',*,*,#2200,.F.);
#2928=ORIENTED_EDGE('',*,*,#2203,.F.);
#2929=ORIENTED_EDGE('',*,*,#2188,.F.);
#2930=ORIENTED_EDGE('',*,*,#2192,.F.);
#2931=ORIENTED_EDGE('',*,*,#2195,.F.);
#2932=ORIENTED_EDGE('',*,*,#2198,.F.);
#2933=ORIENTED_EDGE('',*,*,#2201,.F.);
#2934=ORIENTED_EDGE('',*,*,#2144,.T.);
#2935=ORIENTED_EDGE('',*,*,#2204,.F.);
#2936=ORIENTED_EDGE('',*,*,#2205,.T.);
#2937=ORIENTED_EDGE('',*,*,#2206,.T.);
#2938=ORIENTED_EDGE('',*,*,#2207,.F.);
#2939=ORIENTED_EDGE('',*,*,#2208,.F.);
#2940=ORIENTED_EDGE('',*,*,#2209,.T.);
#2941=ORIENTED_EDGE('',*,*,#2210,.T.);
#2942=ORIENTED_EDGE('',*,*,#2205,.F.);
#2943=ORIENTED_EDGE('',*,*,#2211,.F.);
#2944=ORIENTED_EDGE('',*,*,#2212,.T.);
#2945=ORIENTED_EDGE('',*,*,#2213,.T.);
#2946=ORIENTED_EDGE('',*,*,#2209,.F.);
#2947=ORIENTED_EDGE('',*,*,#2214,.F.);
#2948=ORIENTED_EDGE('',*,*,#2215,.T.);
#2949=ORIENTED_EDGE('',*,*,#2216,.T.);
#2950=ORIENTED_EDGE('',*,*,#2212,.F.);
#2951=ORIENTED_EDGE('',*,*,#2217,.F.);
#2952=ORIENTED_EDGE('',*,*,#2218,.T.);
#2953=ORIENTED_EDGE('',*,*,#2219,.T.);
#2954=ORIENTED_EDGE('',*,*,#2215,.F.);
#2955=ORIENTED_EDGE('',*,*,#2220,.F.);
#2956=ORIENTED_EDGE('',*,*,#2207,.T.);
#2957=ORIENTED_EDGE('',*,*,#2221,.T.);
#2958=ORIENTED_EDGE('',*,*,#2218,.F.);
#2959=ORIENTED_EDGE('',*,*,#2221,.F.);
#2960=ORIENTED_EDGE('',*,*,#2206,.F.);
#2961=ORIENTED_EDGE('',*,*,#2210,.F.);
#2962=ORIENTED_EDGE('',*,*,#2213,.F.);
#2963=ORIENTED_EDGE('',*,*,#2216,.F.);
#2964=ORIENTED_EDGE('',*,*,#2219,.F.);
#2965=ORIENTED_EDGE('',*,*,#2141,.T.);
#2966=ORIENTED_EDGE('',*,*,#2222,.F.);
#2967=ORIENTED_EDGE('',*,*,#2223,.T.);
#2968=ORIENTED_EDGE('',*,*,#2224,.T.);
#2969=ORIENTED_EDGE('',*,*,#2225,.F.);
#2970=ORIENTED_EDGE('',*,*,#2226,.F.);
#2971=ORIENTED_EDGE('',*,*,#2224,.F.);
#2972=ORIENTED_EDGE('',*,*,#2227,.F.);
#2973=ORIENTED_EDGE('',*,*,#2228,.F.);
#2974=ORIENTED_EDGE('',*,*,#2229,.F.);
#2975=ORIENTED_EDGE('',*,*,#2230,.F.);
#2976=ORIENTED_EDGE('',*,*,#2231,.F.);
#2977=ORIENTED_EDGE('',*,*,#2231,.T.);
#2978=ORIENTED_EDGE('',*,*,#2232,.T.);
#2979=ORIENTED_EDGE('',*,*,#2233,.T.);
#2980=ORIENTED_EDGE('',*,*,#2234,.F.);
#2981=ORIENTED_EDGE('',*,*,#2235,.F.);
#2982=ORIENTED_EDGE('',*,*,#2236,.T.);
#2983=ORIENTED_EDGE('',*,*,#2237,.F.);
#2984=ORIENTED_EDGE('',*,*,#2238,.F.);
#2985=ORIENTED_EDGE('',*,*,#2239,.F.);
#2986=ORIENTED_EDGE('',*,*,#2240,.F.);
#2987=ORIENTED_EDGE('',*,*,#2241,.T.);
#2988=ORIENTED_EDGE('',*,*,#2242,.F.);
#2989=ORIENTED_EDGE('',*,*,#2243,.T.);
#2990=ORIENTED_EDGE('',*,*,#2244,.F.);
#2991=ORIENTED_EDGE('',*,*,#2245,.F.);
#2992=ORIENTED_EDGE('',*,*,#2246,.F.);
#2993=ORIENTED_EDGE('',*,*,#2247,.T.);
#2994=ORIENTED_EDGE('',*,*,#2248,.T.);
#2995=ORIENTED_EDGE('',*,*,#2232,.F.);
#2996=ORIENTED_EDGE('',*,*,#2230,.T.);
#2997=ORIENTED_EDGE('',*,*,#2249,.F.);
#2998=ORIENTED_EDGE('',*,*,#2233,.F.);
#2999=ORIENTED_EDGE('',*,*,#2248,.F.);
#3000=ORIENTED_EDGE('',*,*,#2250,.F.);
#3001=ORIENTED_EDGE('',*,*,#2251,.F.);
#3002=ORIENTED_EDGE('',*,*,#2226,.T.);
#3003=ORIENTED_EDGE('',*,*,#2238,.T.);
#3004=ORIENTED_EDGE('',*,*,#2252,.F.);
#3005=ORIENTED_EDGE('',*,*,#2253,.F.);
#3006=ORIENTED_EDGE('',*,*,#2254,.F.);
#3007=ORIENTED_EDGE('',*,*,#2234,.T.);
#3008=ORIENTED_EDGE('',*,*,#2249,.T.);
#3009=ORIENTED_EDGE('',*,*,#2255,.T.);
#3010=ORIENTED_EDGE('',*,*,#2256,.T.);
#3011=ORIENTED_EDGE('',*,*,#2257,.T.);
#3012=ORIENTED_EDGE('',*,*,#2258,.T.);
#3013=ORIENTED_EDGE('',*,*,#2225,.T.);
#3014=ORIENTED_EDGE('',*,*,#2259,.F.);
#3015=ORIENTED_EDGE('',*,*,#2260,.T.);
#3016=ORIENTED_EDGE('',*,*,#2261,.T.);
#3017=ORIENTED_EDGE('',*,*,#2262,.F.);
#3018=ORIENTED_EDGE('',*,*,#2263,.T.);
#3019=ORIENTED_EDGE('',*,*,#2264,.T.);
#3020=ORIENTED_EDGE('',*,*,#2265,.F.);
#3021=ORIENTED_EDGE('',*,*,#2266,.T.);
#3022=ORIENTED_EDGE('',*,*,#2267,.T.);
#3023=ORIENTED_EDGE('',*,*,#2268,.T.);
#3024=ORIENTED_EDGE('',*,*,#2269,.F.);
#3025=ORIENTED_EDGE('',*,*,#2270,.F.);
#3026=ORIENTED_EDGE('',*,*,#2271,.T.);
#3027=ORIENTED_EDGE('',*,*,#2272,.T.);
#3028=ORIENTED_EDGE('',*,*,#2273,.T.);
#3029=ORIENTED_EDGE('',*,*,#2274,.F.);
#3030=ORIENTED_EDGE('',*,*,#2275,.F.);
#3031=ORIENTED_EDGE('',*,*,#2276,.T.);
#3032=ORIENTED_EDGE('',*,*,#2277,.T.);
#3033=ORIENTED_EDGE('',*,*,#2278,.T.);
#3034=ORIENTED_EDGE('',*,*,#2279,.T.);
#3035=ORIENTED_EDGE('',*,*,#2280,.T.);
#3036=ORIENTED_EDGE('',*,*,#2281,.F.);
#3037=ORIENTED_EDGE('',*,*,#2282,.F.);
#3038=ORIENTED_EDGE('',*,*,#2283,.F.);
#3039=ORIENTED_EDGE('',*,*,#2284,.F.);
#3040=ORIENTED_EDGE('',*,*,#2285,.F.);
#3041=ORIENTED_EDGE('',*,*,#2286,.T.);
#3042=ORIENTED_EDGE('',*,*,#2282,.T.);
#3043=ORIENTED_EDGE('',*,*,#2287,.T.);
#3044=ORIENTED_EDGE('',*,*,#2288,.T.);
#3045=ORIENTED_EDGE('',*,*,#2289,.F.);
#3046=ORIENTED_EDGE('',*,*,#2290,.F.);
#3047=ORIENTED_EDGE('',*,*,#2291,.F.);
#3048=ORIENTED_EDGE('',*,*,#2292,.T.);
#3049=ORIENTED_EDGE('',*,*,#2293,.F.);
#3050=ORIENTED_EDGE('',*,*,#2294,.F.);
#3051=ORIENTED_EDGE('',*,*,#2266,.F.);
#3052=ORIENTED_EDGE('',*,*,#2295,.F.);
#3053=ORIENTED_EDGE('',*,*,#2261,.F.);
#3054=ORIENTED_EDGE('',*,*,#2296,.F.);
#3055=ORIENTED_EDGE('',*,*,#2297,.T.);
#3056=ORIENTED_EDGE('',*,*,#2298,.T.);
#3057=ORIENTED_EDGE('',*,*,#2299,.T.);
#3058=ORIENTED_EDGE('',*,*,#2300,.T.);
#3059=ORIENTED_EDGE('',*,*,#2301,.T.);
#3060=ORIENTED_EDGE('',*,*,#2302,.T.);
#3061=ORIENTED_EDGE('',*,*,#2303,.T.);
#3062=ORIENTED_EDGE('',*,*,#2304,.T.);
#3063=ORIENTED_EDGE('',*,*,#2305,.T.);
#3064=ORIENTED_EDGE('',*,*,#2306,.T.);
#3065=ORIENTED_EDGE('',*,*,#2307,.T.);
#3066=ORIENTED_EDGE('',*,*,#2308,.T.);
#3067=ORIENTED_EDGE('',*,*,#2309,.T.);
#3068=ORIENTED_EDGE('',*,*,#2310,.T.);
#3069=ORIENTED_EDGE('',*,*,#2311,.T.);
#3070=ORIENTED_EDGE('',*,*,#2312,.T.);
#3071=ORIENTED_EDGE('',*,*,#2313,.T.);
#3072=ORIENTED_EDGE('',*,*,#2314,.T.);
#3073=ORIENTED_EDGE('',*,*,#2315,.T.);
#3074=ORIENTED_EDGE('',*,*,#2316,.T.);
#3075=ORIENTED_EDGE('',*,*,#2317,.F.);
#3076=ORIENTED_EDGE('',*,*,#2318,.T.);
#3077=ORIENTED_EDGE('',*,*,#2319,.T.);
#3078=ORIENTED_EDGE('',*,*,#2269,.T.);
#3079=ORIENTED_EDGE('',*,*,#2320,.F.);
#3080=ORIENTED_EDGE('',*,*,#2321,.F.);
#3081=ORIENTED_EDGE('',*,*,#2322,.F.);
#3082=ORIENTED_EDGE('',*,*,#2323,.F.);
#3083=ORIENTED_EDGE('',*,*,#2324,.F.);
#3084=ORIENTED_EDGE('',*,*,#2325,.F.);
#3085=ORIENTED_EDGE('',*,*,#2326,.F.);
#3086=ORIENTED_EDGE('',*,*,#2297,.F.);
#3087=ORIENTED_EDGE('',*,*,#2268,.F.);
#3088=ORIENTED_EDGE('',*,*,#2327,.F.);
#3089=ORIENTED_EDGE('',*,*,#2328,.T.);
#3090=ORIENTED_EDGE('',*,*,#2320,.T.);
#3091=ORIENTED_EDGE('',*,*,#2329,.T.);
#3092=ORIENTED_EDGE('',*,*,#2330,.F.);
#3093=ORIENTED_EDGE('',*,*,#2331,.F.);
#3094=ORIENTED_EDGE('',*,*,#2332,.T.);
#3095=ORIENTED_EDGE('',*,*,#2333,.F.);
#3096=ORIENTED_EDGE('',*,*,#2334,.F.);
#3097=ORIENTED_EDGE('',*,*,#2335,.F.);
#3098=ORIENTED_EDGE('',*,*,#2296,.T.);
#3099=ORIENTED_EDGE('',*,*,#2260,.F.);
#3100=ORIENTED_EDGE('',*,*,#2336,.F.);
#3101=ORIENTED_EDGE('',*,*,#2325,.T.);
#3102=ORIENTED_EDGE('',*,*,#2337,.F.);
#3103=ORIENTED_EDGE('',*,*,#2338,.F.);
#3104=ORIENTED_EDGE('',*,*,#2339,.F.);
#3105=ORIENTED_EDGE('',*,*,#2321,.T.);
#3106=ORIENTED_EDGE('',*,*,#2328,.F.);
#3107=ORIENTED_EDGE('',*,*,#2340,.F.);
#3108=ORIENTED_EDGE('',*,*,#2287,.F.);
#3109=ORIENTED_EDGE('',*,*,#2285,.T.);
#3110=ORIENTED_EDGE('',*,*,#2341,.F.);
#3111=ORIENTED_EDGE('',*,*,#2342,.F.);
#3112=ORIENTED_EDGE('',*,*,#2343,.F.);
#3113=ORIENTED_EDGE('',*,*,#2344,.F.);
#3114=ORIENTED_EDGE('',*,*,#2345,.F.);
#3115=ORIENTED_EDGE('',*,*,#2283,.T.);
#3116=ORIENTED_EDGE('',*,*,#2286,.F.);
#3117=ORIENTED_EDGE('',*,*,#2346,.F.);
#3118=ORIENTED_EDGE('',*,*,#2329,.F.);
#3119=ORIENTED_EDGE('',*,*,#2323,.T.);
#3120=ORIENTED_EDGE('',*,*,#2347,.F.);
#3121=ORIENTED_EDGE('',*,*,#2348,.F.);
#3122=ORIENTED_EDGE('',*,*,#2349,.F.);
#3123=ORIENTED_EDGE('',*,*,#2327,.T.);
#3124=ORIENTED_EDGE('',*,*,#2267,.F.);
#3125=ORIENTED_EDGE('',*,*,#2294,.T.);
#3126=ORIENTED_EDGE('',*,*,#2251,.T.);
#3127=ORIENTED_EDGE('',*,*,#2350,.F.);
#3128=ORIENTED_EDGE('',*,*,#2351,.T.);
#3129=ORIENTED_EDGE('',*,*,#2255,.F.);
#3130=ORIENTED_EDGE('',*,*,#2352,.F.);
#3131=ORIENTED_EDGE('',*,*,#2353,.T.);
#3132=ORIENTED_EDGE('',*,*,#2354,.F.);
#3133=ORIENTED_EDGE('',*,*,#2355,.F.);
#3134=ORIENTED_EDGE('',*,*,#2356,.F.);
#3135=ORIENTED_EDGE('',*,*,#2357,.F.);
#3136=ORIENTED_EDGE('',*,*,#2257,.F.);
#3137=ORIENTED_EDGE('',*,*,#2358,.F.);
#3138=ORIENTED_EDGE('',*,*,#2359,.F.);
#3139=ORIENTED_EDGE('',*,*,#2358,.T.);
#3140=ORIENTED_EDGE('',*,*,#2256,.F.);
#3141=ORIENTED_EDGE('',*,*,#2351,.F.);
#3142=ORIENTED_EDGE('',*,*,#2360,.F.);
#3143=ORIENTED_EDGE('',*,*,#2204,.T.);
#3144=ORIENTED_EDGE('',*,*,#2220,.T.);
#3145=ORIENTED_EDGE('',*,*,#2217,.T.);
#3146=ORIENTED_EDGE('',*,*,#2214,.T.);
#3147=ORIENTED_EDGE('',*,*,#2211,.T.);
#3148=ORIENTED_EDGE('',*,*,#2208,.T.);
#3149=ORIENTED_EDGE('',*,*,#2361,.F.);
#3150=ORIENTED_EDGE('',*,*,#2362,.T.);
#3151=ORIENTED_EDGE('',*,*,#2363,.F.);
#3152=ORIENTED_EDGE('',*,*,#2353,.F.);
#3153=ORIENTED_EDGE('',*,*,#2186,.T.);
#3154=ORIENTED_EDGE('',*,*,#2202,.T.);
#3155=ORIENTED_EDGE('',*,*,#2199,.T.);
#3156=ORIENTED_EDGE('',*,*,#2196,.T.);
#3157=ORIENTED_EDGE('',*,*,#2193,.T.);
#3158=ORIENTED_EDGE('',*,*,#2190,.T.);
#3159=ORIENTED_EDGE('',*,*,#2364,.F.);
#3160=ORIENTED_EDGE('',*,*,#2355,.T.);
#3161=ORIENTED_EDGE('',*,*,#2365,.F.);
#3162=ORIENTED_EDGE('',*,*,#2366,.T.);
#3163=ORIENTED_EDGE('',*,*,#2367,.F.);
#3164=ORIENTED_EDGE('',*,*,#2366,.F.);
#3165=ORIENTED_EDGE('',*,*,#2368,.F.);
#3166=ORIENTED_EDGE('',*,*,#2362,.F.);
#3167=ORIENTED_EDGE('',*,*,#2369,.T.);
#3168=ORIENTED_EDGE('',*,*,#2370,.T.);
#3169=ORIENTED_EDGE('',*,*,#2313,.F.);
#3170=ORIENTED_EDGE('',*,*,#2371,.F.);
#3171=ORIENTED_EDGE('',*,*,#2223,.F.);
#3172=ORIENTED_EDGE('',*,*,#2360,.T.);
#3173=ORIENTED_EDGE('',*,*,#2372,.F.);
#3174=ORIENTED_EDGE('',*,*,#2373,.F.);
#3175=ORIENTED_EDGE('',*,*,#2374,.T.);
#3176=ORIENTED_EDGE('',*,*,#2375,.F.);
#3177=ORIENTED_EDGE('',*,*,#2376,.T.);
#3178=ORIENTED_EDGE('',*,*,#2278,.F.);
#3179=ORIENTED_EDGE('',*,*,#2377,.F.);
#3180=ORIENTED_EDGE('',*,*,#2272,.F.);
#3181=ORIENTED_EDGE('',*,*,#2378,.T.);
#3182=ORIENTED_EDGE('',*,*,#2379,.F.);
#3183=ORIENTED_EDGE('',*,*,#2380,.F.);
#3184=ORIENTED_EDGE('',*,*,#2381,.F.);
#3185=ORIENTED_EDGE('',*,*,#2382,.F.);
#3186=ORIENTED_EDGE('',*,*,#2383,.F.);
#3187=ORIENTED_EDGE('',*,*,#2384,.F.);
#3188=ORIENTED_EDGE('',*,*,#2385,.F.);
#3189=ORIENTED_EDGE('',*,*,#2384,.T.);
#3190=ORIENTED_EDGE('',*,*,#2386,.F.);
#3191=ORIENTED_EDGE('',*,*,#2279,.F.);
#3192=ORIENTED_EDGE('',*,*,#2376,.F.);
#3193=ORIENTED_EDGE('',*,*,#2387,.F.);
#3194=ORIENTED_EDGE('',*,*,#2388,.T.);
#3195=ORIENTED_EDGE('',*,*,#2389,.F.);
#3196=ORIENTED_EDGE('',*,*,#2378,.F.);
#3197=ORIENTED_EDGE('',*,*,#2271,.F.);
#3198=ORIENTED_EDGE('',*,*,#2390,.F.);
#3199=ORIENTED_EDGE('',*,*,#2377,.T.);
#3200=ORIENTED_EDGE('',*,*,#2277,.F.);
#3201=ORIENTED_EDGE('',*,*,#2391,.F.);
#3202=ORIENTED_EDGE('',*,*,#2382,.T.);
#3203=ORIENTED_EDGE('',*,*,#2168,.T.);
#3204=ORIENTED_EDGE('',*,*,#2184,.T.);
#3205=ORIENTED_EDGE('',*,*,#2181,.T.);
#3206=ORIENTED_EDGE('',*,*,#2178,.T.);
#3207=ORIENTED_EDGE('',*,*,#2175,.T.);
#3208=ORIENTED_EDGE('',*,*,#2172,.T.);
#3209=ORIENTED_EDGE('',*,*,#2392,.F.);
#3210=ORIENTED_EDGE('',*,*,#2273,.F.);
#3211=ORIENTED_EDGE('',*,*,#2380,.T.);
#3212=ORIENTED_EDGE('',*,*,#2393,.F.);
#3213=ORIENTED_EDGE('',*,*,#2394,.T.);
#3214=ORIENTED_EDGE('',*,*,#2150,.T.);
#3215=ORIENTED_EDGE('',*,*,#2166,.T.);
#3216=ORIENTED_EDGE('',*,*,#2163,.T.);
#3217=ORIENTED_EDGE('',*,*,#2160,.T.);
#3218=ORIENTED_EDGE('',*,*,#2157,.T.);
#3219=ORIENTED_EDGE('',*,*,#2154,.T.);
#3220=ORIENTED_EDGE('',*,*,#2395,.F.);
#3221=ORIENTED_EDGE('',*,*,#2394,.F.);
#3222=ORIENTED_EDGE('',*,*,#2396,.F.);
#3223=ORIENTED_EDGE('',*,*,#2388,.F.);
#3224=ORIENTED_EDGE('',*,*,#2397,.T.);
#3225=ORIENTED_EDGE('',*,*,#2398,.T.);
#3226=ORIENTED_EDGE('',*,*,#2399,.T.);
#3227=ORIENTED_EDGE('',*,*,#2400,.T.);
#3228=ORIENTED_EDGE('',*,*,#2398,.F.);
#3229=ORIENTED_EDGE('',*,*,#2400,.F.);
#3230=ORIENTED_EDGE('',*,*,#2401,.T.);
#3231=ORIENTED_EDGE('',*,*,#2402,.F.);
#3232=ORIENTED_EDGE('',*,*,#2403,.F.);
#3233=ORIENTED_EDGE('',*,*,#2401,.F.);
#3234=ORIENTED_EDGE('',*,*,#2399,.F.);
#3235=ORIENTED_EDGE('',*,*,#2404,.F.);
#3236=ORIENTED_EDGE('',*,*,#2405,.F.);
#3237=ORIENTED_EDGE('',*,*,#2406,.F.);
#3238=ORIENTED_EDGE('',*,*,#2245,.T.);
#3239=ORIENTED_EDGE('',*,*,#2397,.F.);
#3240=ORIENTED_EDGE('',*,*,#2240,.T.);
#3241=ORIENTED_EDGE('',*,*,#2407,.T.);
#3242=ORIENTED_EDGE('',*,*,#2402,.T.);
#3243=ORIENTED_EDGE('',*,*,#2403,.T.);
#3244=ORIENTED_EDGE('',*,*,#2407,.F.);
#3245=ORIENTED_EDGE('',*,*,#2239,.T.);
#3246=ORIENTED_EDGE('',*,*,#2408,.T.);
#3247=ORIENTED_EDGE('',*,*,#2409,.T.);
#3248=ORIENTED_EDGE('',*,*,#2410,.T.);
#3249=ORIENTED_EDGE('',*,*,#2408,.F.);
#3250=ORIENTED_EDGE('',*,*,#2410,.F.);
#3251=ORIENTED_EDGE('',*,*,#2411,.T.);
#3252=ORIENTED_EDGE('',*,*,#2412,.F.);
#3253=ORIENTED_EDGE('',*,*,#2411,.F.);
#3254=ORIENTED_EDGE('',*,*,#2409,.F.);
#3255=ORIENTED_EDGE('',*,*,#2413,.T.);
#3256=ORIENTED_EDGE('',*,*,#2414,.T.);
#3257=ORIENTED_EDGE('',*,*,#2413,.F.);
#3258=ORIENTED_EDGE('',*,*,#2415,.T.);
#3259=ORIENTED_EDGE('',*,*,#2416,.F.);
#3260=ORIENTED_EDGE('',*,*,#2417,.T.);
#3261=ORIENTED_EDGE('',*,*,#2418,.F.);
#3262=ORIENTED_EDGE('',*,*,#2419,.F.);
#3263=ORIENTED_EDGE('',*,*,#2420,.F.);
#3264=ORIENTED_EDGE('',*,*,#2421,.F.);
#3265=ORIENTED_EDGE('',*,*,#2415,.F.);
#3266=ORIENTED_EDGE('',*,*,#2422,.F.);
#3267=ORIENTED_EDGE('',*,*,#2423,.T.);
#3268=ORIENTED_EDGE('',*,*,#2414,.F.);
#3269=ORIENTED_EDGE('',*,*,#2423,.F.);
#3270=ORIENTED_EDGE('',*,*,#2420,.T.);
#3271=ORIENTED_EDGE('',*,*,#2424,.T.);
#3272=ORIENTED_EDGE('',*,*,#2425,.T.);
#3273=ORIENTED_EDGE('',*,*,#2426,.T.);
#3274=ORIENTED_EDGE('',*,*,#2424,.F.);
#3275=ORIENTED_EDGE('',*,*,#2427,.F.);
#3276=ORIENTED_EDGE('',*,*,#2428,.T.);
#3277=ORIENTED_EDGE('',*,*,#2425,.F.);
#3278=ORIENTED_EDGE('',*,*,#2426,.F.);
#3279=ORIENTED_EDGE('',*,*,#2428,.F.);
#3280=ORIENTED_EDGE('',*,*,#2429,.T.);
#3281=ORIENTED_EDGE('',*,*,#2430,.T.);
#3282=ORIENTED_EDGE('',*,*,#2431,.T.);
#3283=ORIENTED_EDGE('',*,*,#2429,.F.);
#3284=ORIENTED_EDGE('',*,*,#2432,.T.);
#3285=ORIENTED_EDGE('',*,*,#2433,.F.);
#3286=ORIENTED_EDGE('',*,*,#2434,.T.);
#3287=ORIENTED_EDGE('',*,*,#2430,.F.);
#3288=ORIENTED_EDGE('',*,*,#2431,.F.);
#3289=ORIENTED_EDGE('',*,*,#2434,.F.);
#3290=ORIENTED_EDGE('',*,*,#2435,.F.);
#3291=ORIENTED_EDGE('',*,*,#2436,.T.);
#3292=ORIENTED_EDGE('',*,*,#2437,.F.);
#3293=ORIENTED_EDGE('',*,*,#2417,.F.);
#3294=ORIENTED_EDGE('',*,*,#2364,.T.);
#3295=ORIENTED_EDGE('',*,*,#2367,.T.);
#3296=ORIENTED_EDGE('',*,*,#2361,.T.);
#3297=ORIENTED_EDGE('',*,*,#2352,.T.);
#3298=ORIENTED_EDGE('',*,*,#2432,.F.);
#3299=ORIENTED_EDGE('',*,*,#2438,.T.);
#3300=ORIENTED_EDGE('',*,*,#2439,.T.);
#3301=ORIENTED_EDGE('',*,*,#2440,.T.);
#3302=ORIENTED_EDGE('',*,*,#2438,.F.);
#3303=ORIENTED_EDGE('',*,*,#2259,.T.);
#3304=ORIENTED_EDGE('',*,*,#2439,.F.);
#3305=ORIENTED_EDGE('',*,*,#2440,.F.);
#3306=ORIENTED_EDGE('',*,*,#2441,.T.);
#3307=ORIENTED_EDGE('',*,*,#2442,.F.);
#3308=ORIENTED_EDGE('',*,*,#2441,.F.);
#3309=ORIENTED_EDGE('',*,*,#2228,.T.);
#3310=ORIENTED_EDGE('',*,*,#2443,.T.);
#3311=ORIENTED_EDGE('',*,*,#2421,.T.);
#3312=ORIENTED_EDGE('',*,*,#2222,.T.);
#3313=ORIENTED_EDGE('',*,*,#2258,.F.);
#3314=ORIENTED_EDGE('',*,*,#2357,.T.);
#3315=ORIENTED_EDGE('',*,*,#2444,.F.);
#3316=ORIENTED_EDGE('',*,*,#2369,.F.);
#3317=ORIENTED_EDGE('',*,*,#2227,.T.);
#3318=ORIENTED_EDGE('',*,*,#2371,.T.);
#3319=ORIENTED_EDGE('',*,*,#2312,.F.);
#3320=ORIENTED_EDGE('',*,*,#2445,.T.);
#3321=ORIENTED_EDGE('',*,*,#2446,.F.);
#3322=ORIENTED_EDGE('',*,*,#2241,.F.);
#3323=ORIENTED_EDGE('',*,*,#2229,.T.);
#3324=ORIENTED_EDGE('',*,*,#2443,.F.);
#3325=ORIENTED_EDGE('',*,*,#2250,.T.);
#3326=ORIENTED_EDGE('',*,*,#2247,.F.);
#3327=ORIENTED_EDGE('',*,*,#2447,.F.);
#3328=ORIENTED_EDGE('',*,*,#2372,.T.);
#3329=ORIENTED_EDGE('',*,*,#2350,.T.);
#3330=ORIENTED_EDGE('',*,*,#2448,.F.);
#3331=ORIENTED_EDGE('',*,*,#2449,.T.);
#3332=ORIENTED_EDGE('',*,*,#2450,.F.);
#3333=ORIENTED_EDGE('',*,*,#2451,.T.);
#3334=ORIENTED_EDGE('',*,*,#2448,.T.);
#3335=ORIENTED_EDGE('',*,*,#2451,.F.);
#3336=ORIENTED_EDGE('',*,*,#2449,.F.);
#3337=ORIENTED_EDGE('',*,*,#2452,.T.);
#3338=ORIENTED_EDGE('',*,*,#2453,.F.);
#3339=ORIENTED_EDGE('',*,*,#2452,.F.);
#3340=ORIENTED_EDGE('',*,*,#2454,.F.);
#3341=ORIENTED_EDGE('',*,*,#2455,.T.);
#3342=ORIENTED_EDGE('',*,*,#2456,.F.);
#3343=ORIENTED_EDGE('',*,*,#2457,.T.);
#3344=ORIENTED_EDGE('',*,*,#2454,.T.);
#3345=ORIENTED_EDGE('',*,*,#2457,.F.);
#3346=ORIENTED_EDGE('',*,*,#2455,.F.);
#3347=ORIENTED_EDGE('',*,*,#2458,.T.);
#3348=ORIENTED_EDGE('',*,*,#2459,.F.);
#3349=ORIENTED_EDGE('',*,*,#2458,.F.);
#3350=ORIENTED_EDGE('',*,*,#2460,.F.);
#3351=ORIENTED_EDGE('',*,*,#2461,.T.);
#3352=ORIENTED_EDGE('',*,*,#2462,.F.);
#3353=ORIENTED_EDGE('',*,*,#2463,.T.);
#3354=ORIENTED_EDGE('',*,*,#2460,.T.);
#3355=ORIENTED_EDGE('',*,*,#2463,.F.);
#3356=ORIENTED_EDGE('',*,*,#2461,.F.);
#3357=ORIENTED_EDGE('',*,*,#2464,.T.);
#3358=ORIENTED_EDGE('',*,*,#2465,.F.);
#3359=ORIENTED_EDGE('',*,*,#2464,.F.);
#3360=ORIENTED_EDGE('',*,*,#2466,.F.);
#3361=ORIENTED_EDGE('',*,*,#2467,.T.);
#3362=ORIENTED_EDGE('',*,*,#2468,.F.);
#3363=ORIENTED_EDGE('',*,*,#2469,.T.);
#3364=ORIENTED_EDGE('',*,*,#2466,.T.);
#3365=ORIENTED_EDGE('',*,*,#2469,.F.);
#3366=ORIENTED_EDGE('',*,*,#2467,.F.);
#3367=ORIENTED_EDGE('',*,*,#2470,.T.);
#3368=ORIENTED_EDGE('',*,*,#2471,.F.);
#3369=ORIENTED_EDGE('',*,*,#2470,.F.);
#3370=ORIENTED_EDGE('',*,*,#2345,.T.);
#3371=ORIENTED_EDGE('',*,*,#2472,.F.);
#3372=ORIENTED_EDGE('',*,*,#2341,.T.);
#3373=ORIENTED_EDGE('',*,*,#2284,.T.);
#3374=ORIENTED_EDGE('',*,*,#2450,.T.);
#3375=ORIENTED_EDGE('',*,*,#2468,.T.);
#3376=ORIENTED_EDGE('',*,*,#2335,.T.);
#3377=ORIENTED_EDGE('',*,*,#2473,.F.);
#3378=ORIENTED_EDGE('',*,*,#2343,.T.);
#3379=ORIENTED_EDGE('',*,*,#2293,.T.);
#3380=ORIENTED_EDGE('',*,*,#2453,.T.);
#3381=ORIENTED_EDGE('',*,*,#2471,.T.);
#3382=ORIENTED_EDGE('',*,*,#2473,.T.);
#3383=ORIENTED_EDGE('',*,*,#2342,.T.);
#3384=ORIENTED_EDGE('',*,*,#2472,.T.);
#3385=ORIENTED_EDGE('',*,*,#2344,.T.);
#3386=ORIENTED_EDGE('',*,*,#2349,.T.);
#3387=ORIENTED_EDGE('',*,*,#2474,.F.);
#3388=ORIENTED_EDGE('',*,*,#2337,.T.);
#3389=ORIENTED_EDGE('',*,*,#2324,.T.);
#3390=ORIENTED_EDGE('',*,*,#2459,.T.);
#3391=ORIENTED_EDGE('',*,*,#2465,.T.);
#3392=ORIENTED_EDGE('',*,*,#2339,.T.);
#3393=ORIENTED_EDGE('',*,*,#2475,.T.);
#3394=ORIENTED_EDGE('',*,*,#2347,.T.);
#3395=ORIENTED_EDGE('',*,*,#2322,.T.);
#3396=ORIENTED_EDGE('',*,*,#2456,.T.);
#3397=ORIENTED_EDGE('',*,*,#2462,.T.);
#3398=ORIENTED_EDGE('',*,*,#2475,.F.);
#3399=ORIENTED_EDGE('',*,*,#2338,.T.);
#3400=ORIENTED_EDGE('',*,*,#2474,.T.);
#3401=ORIENTED_EDGE('',*,*,#2348,.T.);
#3402=ORIENTED_EDGE('',*,*,#2295,.T.);
#3403=ORIENTED_EDGE('',*,*,#2281,.T.);
#3404=ORIENTED_EDGE('',*,*,#2476,.T.);
#3405=ORIENTED_EDGE('',*,*,#2477,.T.);
#3406=ORIENTED_EDGE('',*,*,#2478,.F.);
#3407=ORIENTED_EDGE('',*,*,#2404,.T.);
#3408=ORIENTED_EDGE('',*,*,#2244,.T.);
#3409=ORIENTED_EDGE('',*,*,#2479,.T.);
#3410=ORIENTED_EDGE('',*,*,#2480,.T.);
#3411=ORIENTED_EDGE('',*,*,#2481,.T.);
#3412=ORIENTED_EDGE('',*,*,#2482,.T.);
#3413=ORIENTED_EDGE('',*,*,#2483,.T.);
#3414=ORIENTED_EDGE('',*,*,#2262,.T.);
#3415=ORIENTED_EDGE('',*,*,#2346,.T.);
#3416=ORIENTED_EDGE('',*,*,#2292,.F.);
#3417=ORIENTED_EDGE('',*,*,#2484,.F.);
#3418=ORIENTED_EDGE('',*,*,#2330,.T.);
#3419=ORIENTED_EDGE('',*,*,#2340,.T.);
#3420=ORIENTED_EDGE('',*,*,#2334,.T.);
#3421=ORIENTED_EDGE('',*,*,#2485,.F.);
#3422=ORIENTED_EDGE('',*,*,#2288,.F.);
#3423=ORIENTED_EDGE('',*,*,#2486,.F.);
#3424=ORIENTED_EDGE('',*,*,#2487,.T.);
#3425=ORIENTED_EDGE('',*,*,#2318,.F.);
#3426=ORIENTED_EDGE('',*,*,#2488,.F.);
#3427=ORIENTED_EDGE('',*,*,#2489,.F.);
#3428=ORIENTED_EDGE('',*,*,#2488,.T.);
#3429=ORIENTED_EDGE('',*,*,#2317,.T.);
#3430=ORIENTED_EDGE('',*,*,#2490,.F.);
#3431=ORIENTED_EDGE('',*,*,#2491,.F.);
#3432=ORIENTED_EDGE('',*,*,#2492,.T.);
#3433=ORIENTED_EDGE('',*,*,#2315,.F.);
#3434=ORIENTED_EDGE('',*,*,#2493,.F.);
#3435=ORIENTED_EDGE('',*,*,#2494,.F.);
#3436=ORIENTED_EDGE('',*,*,#2495,.T.);
#3437=ORIENTED_EDGE('',*,*,#2477,.F.);
#3438=ORIENTED_EDGE('',*,*,#2496,.F.);
#3439=ORIENTED_EDGE('',*,*,#2391,.T.);
#3440=ORIENTED_EDGE('',*,*,#2276,.F.);
#3441=ORIENTED_EDGE('',*,*,#2497,.F.);
#3442=ORIENTED_EDGE('',*,*,#2496,.T.);
#3443=ORIENTED_EDGE('',*,*,#2476,.F.);
#3444=ORIENTED_EDGE('',*,*,#2280,.F.);
#3445=ORIENTED_EDGE('',*,*,#2386,.T.);
#3446=ORIENTED_EDGE('',*,*,#2383,.T.);
#3447=ORIENTED_EDGE('',*,*,#2412,.T.);
#3448=ORIENTED_EDGE('',*,*,#2405,.T.);
#3449=ORIENTED_EDGE('',*,*,#2478,.T.);
#3450=ORIENTED_EDGE('',*,*,#2495,.F.);
#3451=ORIENTED_EDGE('',*,*,#2498,.F.);
#3452=ORIENTED_EDGE('',*,*,#2359,.T.);
#3453=ORIENTED_EDGE('',*,*,#2374,.F.);
#3454=ORIENTED_EDGE('',*,*,#2499,.F.);
#3455=ORIENTED_EDGE('',*,*,#2493,.T.);
#3456=ORIENTED_EDGE('',*,*,#2314,.F.);
#3457=ORIENTED_EDGE('',*,*,#2370,.F.);
#3458=ORIENTED_EDGE('',*,*,#2444,.T.);
#3459=ORIENTED_EDGE('',*,*,#2356,.T.);
#3460=ORIENTED_EDGE('',*,*,#2442,.T.);
#3461=ORIENTED_EDGE('',*,*,#2316,.F.);
#3462=ORIENTED_EDGE('',*,*,#2492,.F.);
#3463=ORIENTED_EDGE('',*,*,#2500,.F.);
#3464=ORIENTED_EDGE('',*,*,#2490,.T.);
#3465=ORIENTED_EDGE('',*,*,#2365,.T.);
#3466=ORIENTED_EDGE('',*,*,#2354,.T.);
#3467=ORIENTED_EDGE('',*,*,#2363,.T.);
#3468=ORIENTED_EDGE('',*,*,#2368,.T.);
#3469=ORIENTED_EDGE('',*,*,#2433,.T.);
#3470=ORIENTED_EDGE('',*,*,#2427,.T.);
#3471=ORIENTED_EDGE('',*,*,#2387,.T.);
#3472=ORIENTED_EDGE('',*,*,#2270,.T.);
#3473=ORIENTED_EDGE('',*,*,#2319,.F.);
#3474=ORIENTED_EDGE('',*,*,#2487,.F.);
#3475=ORIENTED_EDGE('',*,*,#2501,.F.);
#3476=ORIENTED_EDGE('',*,*,#2274,.T.);
#3477=ORIENTED_EDGE('',*,*,#2392,.T.);
#3478=ORIENTED_EDGE('',*,*,#2395,.T.);
#3479=ORIENTED_EDGE('',*,*,#2422,.T.);
#3480=ORIENTED_EDGE('',*,*,#2333,.T.);
#3481=ORIENTED_EDGE('',*,*,#2502,.T.);
#3482=ORIENTED_EDGE('',*,*,#2503,.T.);
#3483=ORIENTED_EDGE('',*,*,#2418,.T.);
#3484=ORIENTED_EDGE('',*,*,#2437,.T.);
#3485=ORIENTED_EDGE('',*,*,#2504,.T.);
#3486=ORIENTED_EDGE('',*,*,#2505,.T.);
#3487=ORIENTED_EDGE('',*,*,#2506,.T.);
#3488=ORIENTED_EDGE('',*,*,#2507,.T.);
#3489=ORIENTED_EDGE('',*,*,#2508,.T.);
#3490=ORIENTED_EDGE('',*,*,#2252,.T.);
#3491=ORIENTED_EDGE('',*,*,#2237,.T.);
#3492=ORIENTED_EDGE('',*,*,#2509,.T.);
#3493=ORIENTED_EDGE('',*,*,#2510,.T.);
#3494=ORIENTED_EDGE('',*,*,#2289,.T.);
#3495=ORIENTED_EDGE('',*,*,#2485,.T.);
#3496=ORIENTED_EDGE('',*,*,#2511,.F.);
#3497=ORIENTED_EDGE('',*,*,#2242,.T.);
#3498=ORIENTED_EDGE('',*,*,#2446,.T.);
#3499=ORIENTED_EDGE('',*,*,#2512,.F.);
#3500=ORIENTED_EDGE('',*,*,#2513,.F.);
#3501=ORIENTED_EDGE('',*,*,#2514,.F.);
#3502=ORIENTED_EDGE('',*,*,#2515,.F.);
#3503=ORIENTED_EDGE('',*,*,#2516,.F.);
#3504=ORIENTED_EDGE('',*,*,#2517,.F.);
#3505=ORIENTED_EDGE('',*,*,#2518,.F.);
#3506=ORIENTED_EDGE('',*,*,#2519,.F.);
#3507=ORIENTED_EDGE('',*,*,#2520,.F.);
#3508=ORIENTED_EDGE('',*,*,#2521,.F.);
#3509=ORIENTED_EDGE('',*,*,#2522,.F.);
#3510=ORIENTED_EDGE('',*,*,#2523,.F.);
#3511=ORIENTED_EDGE('',*,*,#2524,.F.);
#3512=ORIENTED_EDGE('',*,*,#2525,.F.);
#3513=ORIENTED_EDGE('',*,*,#2264,.F.);
#3514=ORIENTED_EDGE('',*,*,#2526,.F.);
#3515=ORIENTED_EDGE('',*,*,#2527,.F.);
#3516=ORIENTED_EDGE('',*,*,#2528,.F.);
#3517=ORIENTED_EDGE('',*,*,#2529,.F.);
#3518=ORIENTED_EDGE('',*,*,#2331,.T.);
#3519=ORIENTED_EDGE('',*,*,#2484,.T.);
#3520=ORIENTED_EDGE('',*,*,#2291,.T.);
#3521=ORIENTED_EDGE('',*,*,#2530,.T.);
#3522=ORIENTED_EDGE('',*,*,#2531,.T.);
#3523=ORIENTED_EDGE('',*,*,#2235,.T.);
#3524=ORIENTED_EDGE('',*,*,#2254,.T.);
#3525=ORIENTED_EDGE('',*,*,#2532,.T.);
#3526=ORIENTED_EDGE('',*,*,#2533,.T.);
#3527=ORIENTED_EDGE('',*,*,#2534,.T.);
#3528=ORIENTED_EDGE('',*,*,#2535,.T.);
#3529=ORIENTED_EDGE('',*,*,#2536,.T.);
#3530=ORIENTED_EDGE('',*,*,#2435,.T.);
#3531=ORIENTED_EDGE('',*,*,#2416,.T.);
#3532=ORIENTED_EDGE('',*,*,#2537,.T.);
#3533=ORIENTED_EDGE('',*,*,#2538,.F.);
#3534=ORIENTED_EDGE('',*,*,#2140,.T.);
#3535=ORIENTED_EDGE('',*,*,#2143,.T.);
#3536=ORIENTED_EDGE('',*,*,#2146,.T.);
#3537=ORIENTED_EDGE('',*,*,#2149,.T.);
#3538=ORIENTED_EDGE('',*,*,#2275,.T.);
#3539=ORIENTED_EDGE('',*,*,#2501,.T.);
#3540=ORIENTED_EDGE('',*,*,#2486,.T.);
#3541=ORIENTED_EDGE('',*,*,#2489,.T.);
#3542=ORIENTED_EDGE('',*,*,#2500,.T.);
#3543=ORIENTED_EDGE('',*,*,#2491,.T.);
#3544=ORIENTED_EDGE('',*,*,#2499,.T.);
#3545=ORIENTED_EDGE('',*,*,#2373,.T.);
#3546=ORIENTED_EDGE('',*,*,#2447,.T.);
#3547=ORIENTED_EDGE('',*,*,#2246,.T.);
#3548=ORIENTED_EDGE('',*,*,#2406,.T.);
#3549=ORIENTED_EDGE('',*,*,#2498,.T.);
#3550=ORIENTED_EDGE('',*,*,#2494,.T.);
#3551=ORIENTED_EDGE('',*,*,#2497,.T.);
#3552=ORIENTED_EDGE('',*,*,#2530,.F.);
#3553=ORIENTED_EDGE('',*,*,#2290,.T.);
#3554=ORIENTED_EDGE('',*,*,#2510,.F.);
#3555=ORIENTED_EDGE('',*,*,#2539,.F.);
#3556=ORIENTED_EDGE('',*,*,#2531,.F.);
#3557=ORIENTED_EDGE('',*,*,#2539,.T.);
#3558=ORIENTED_EDGE('',*,*,#2509,.F.);
#3559=ORIENTED_EDGE('',*,*,#2236,.F.);
#3560=ORIENTED_EDGE('',*,*,#2390,.T.);
#3561=ORIENTED_EDGE('',*,*,#2381,.T.);
#3562=ORIENTED_EDGE('',*,*,#2385,.T.);
#3563=ORIENTED_EDGE('',*,*,#2375,.T.);
#3564=ORIENTED_EDGE('',*,*,#2532,.F.);
#3565=ORIENTED_EDGE('',*,*,#2253,.T.);
#3566=ORIENTED_EDGE('',*,*,#2508,.F.);
#3567=ORIENTED_EDGE('',*,*,#2540,.F.);
#3568=ORIENTED_EDGE('',*,*,#2533,.F.);
#3569=ORIENTED_EDGE('',*,*,#2540,.T.);
#3570=ORIENTED_EDGE('',*,*,#2507,.F.);
#3571=ORIENTED_EDGE('',*,*,#2541,.F.);
#3572=ORIENTED_EDGE('',*,*,#2534,.F.);
#3573=ORIENTED_EDGE('',*,*,#2541,.T.);
#3574=ORIENTED_EDGE('',*,*,#2506,.F.);
#3575=ORIENTED_EDGE('',*,*,#2542,.F.);
#3576=ORIENTED_EDGE('',*,*,#2535,.F.);
#3577=ORIENTED_EDGE('',*,*,#2542,.T.);
#3578=ORIENTED_EDGE('',*,*,#2505,.F.);
#3579=ORIENTED_EDGE('',*,*,#2543,.F.);
#3580=ORIENTED_EDGE('',*,*,#2536,.F.);
#3581=ORIENTED_EDGE('',*,*,#2543,.T.);
#3582=ORIENTED_EDGE('',*,*,#2504,.F.);
#3583=ORIENTED_EDGE('',*,*,#2436,.F.);
#3584=ORIENTED_EDGE('',*,*,#2537,.F.);
#3585=ORIENTED_EDGE('',*,*,#2419,.T.);
#3586=ORIENTED_EDGE('',*,*,#2503,.F.);
#3587=ORIENTED_EDGE('',*,*,#2544,.F.);
#3588=ORIENTED_EDGE('',*,*,#2393,.T.);
#3589=ORIENTED_EDGE('',*,*,#2379,.T.);
#3590=ORIENTED_EDGE('',*,*,#2389,.T.);
#3591=ORIENTED_EDGE('',*,*,#2396,.T.);
#3592=ORIENTED_EDGE('',*,*,#2538,.T.);
#3593=ORIENTED_EDGE('',*,*,#2544,.T.);
#3594=ORIENTED_EDGE('',*,*,#2502,.F.);
#3595=ORIENTED_EDGE('',*,*,#2332,.F.);
#3596=ORIENTED_EDGE('',*,*,#2511,.T.);
#3597=ORIENTED_EDGE('',*,*,#2545,.F.);
#3598=ORIENTED_EDGE('',*,*,#2479,.F.);
#3599=ORIENTED_EDGE('',*,*,#2243,.F.);
#3600=ORIENTED_EDGE('',*,*,#2311,.F.);
#3601=ORIENTED_EDGE('',*,*,#2546,.T.);
#3602=ORIENTED_EDGE('',*,*,#2512,.T.);
#3603=ORIENTED_EDGE('',*,*,#2445,.F.);
#3604=ORIENTED_EDGE('',*,*,#2513,.T.);
#3605=ORIENTED_EDGE('',*,*,#2546,.F.);
#3606=ORIENTED_EDGE('',*,*,#2310,.F.);
#3607=ORIENTED_EDGE('',*,*,#2547,.T.);
#3608=ORIENTED_EDGE('',*,*,#2514,.T.);
#3609=ORIENTED_EDGE('',*,*,#2547,.F.);
#3610=ORIENTED_EDGE('',*,*,#2309,.F.);
#3611=ORIENTED_EDGE('',*,*,#2548,.T.);
#3612=ORIENTED_EDGE('',*,*,#2515,.T.);
#3613=ORIENTED_EDGE('',*,*,#2548,.F.);
#3614=ORIENTED_EDGE('',*,*,#2308,.F.);
#3615=ORIENTED_EDGE('',*,*,#2549,.T.);
#3616=ORIENTED_EDGE('',*,*,#2516,.T.);
#3617=ORIENTED_EDGE('',*,*,#2549,.F.);
#3618=ORIENTED_EDGE('',*,*,#2307,.F.);
#3619=ORIENTED_EDGE('',*,*,#2550,.T.);
#3620=ORIENTED_EDGE('',*,*,#2517,.T.);
#3621=ORIENTED_EDGE('',*,*,#2550,.F.);
#3622=ORIENTED_EDGE('',*,*,#2306,.F.);
#3623=ORIENTED_EDGE('',*,*,#2551,.T.);
#3624=ORIENTED_EDGE('',*,*,#2518,.T.);
#3625=ORIENTED_EDGE('',*,*,#2551,.F.);
#3626=ORIENTED_EDGE('',*,*,#2305,.F.);
#3627=ORIENTED_EDGE('',*,*,#2552,.T.);
#3628=ORIENTED_EDGE('',*,*,#2519,.T.);
#3629=ORIENTED_EDGE('',*,*,#2552,.F.);
#3630=ORIENTED_EDGE('',*,*,#2304,.F.);
#3631=ORIENTED_EDGE('',*,*,#2553,.T.);
#3632=ORIENTED_EDGE('',*,*,#2520,.T.);
#3633=ORIENTED_EDGE('',*,*,#2553,.F.);
#3634=ORIENTED_EDGE('',*,*,#2303,.F.);
#3635=ORIENTED_EDGE('',*,*,#2554,.T.);
#3636=ORIENTED_EDGE('',*,*,#2521,.T.);
#3637=ORIENTED_EDGE('',*,*,#2554,.F.);
#3638=ORIENTED_EDGE('',*,*,#2302,.F.);
#3639=ORIENTED_EDGE('',*,*,#2555,.T.);
#3640=ORIENTED_EDGE('',*,*,#2522,.T.);
#3641=ORIENTED_EDGE('',*,*,#2555,.F.);
#3642=ORIENTED_EDGE('',*,*,#2301,.F.);
#3643=ORIENTED_EDGE('',*,*,#2556,.T.);
#3644=ORIENTED_EDGE('',*,*,#2523,.T.);
#3645=ORIENTED_EDGE('',*,*,#2556,.F.);
#3646=ORIENTED_EDGE('',*,*,#2300,.F.);
#3647=ORIENTED_EDGE('',*,*,#2557,.T.);
#3648=ORIENTED_EDGE('',*,*,#2524,.T.);
#3649=ORIENTED_EDGE('',*,*,#2557,.F.);
#3650=ORIENTED_EDGE('',*,*,#2299,.F.);
#3651=ORIENTED_EDGE('',*,*,#2558,.T.);
#3652=ORIENTED_EDGE('',*,*,#2336,.T.);
#3653=ORIENTED_EDGE('',*,*,#2265,.T.);
#3654=ORIENTED_EDGE('',*,*,#2525,.T.);
#3655=ORIENTED_EDGE('',*,*,#2558,.F.);
#3656=ORIENTED_EDGE('',*,*,#2298,.F.);
#3657=ORIENTED_EDGE('',*,*,#2326,.T.);
#3658=ORIENTED_EDGE('',*,*,#2526,.T.);
#3659=ORIENTED_EDGE('',*,*,#2263,.F.);
#3660=ORIENTED_EDGE('',*,*,#2483,.F.);
#3661=ORIENTED_EDGE('',*,*,#2559,.T.);
#3662=ORIENTED_EDGE('',*,*,#2527,.T.);
#3663=ORIENTED_EDGE('',*,*,#2559,.F.);
#3664=ORIENTED_EDGE('',*,*,#2482,.F.);
#3665=ORIENTED_EDGE('',*,*,#2560,.T.);
#3666=ORIENTED_EDGE('',*,*,#2528,.T.);
#3667=ORIENTED_EDGE('',*,*,#2560,.F.);
#3668=ORIENTED_EDGE('',*,*,#2481,.F.);
#3669=ORIENTED_EDGE('',*,*,#2561,.T.);
#3670=ORIENTED_EDGE('',*,*,#2529,.T.);
#3671=ORIENTED_EDGE('',*,*,#2561,.F.);
#3672=ORIENTED_EDGE('',*,*,#2480,.F.);
#3673=ORIENTED_EDGE('',*,*,#2545,.T.);
#3674=CYLINDRICAL_SURFACE('',#3942,3.19999999999999);
#3675=CYLINDRICAL_SURFACE('',#3947,3.2);
#3676=CYLINDRICAL_SURFACE('',#3974,1.75);
#3677=CYLINDRICAL_SURFACE('',#3979,1.75);
#3678=CYLINDRICAL_SURFACE('',#3984,1.75);
#3679=CYLINDRICAL_SURFACE('',#3989,1.75);
#3680=CYLINDRICAL_SURFACE('',#3991,34.4177411544327);
#3681=CYLINDRICAL_SURFACE('',#3993,15.0089946874376);
#3682=CYLINDRICAL_SURFACE('',#3995,20.4099655948609);
#3683=CYLINDRICAL_SURFACE('',#3997,35.4177411544327);
#3684=CYLINDRICAL_SURFACE('',#3999,20.4744325965439);
#3685=CYLINDRICAL_SURFACE('',#4001,25.949884613007);
#3686=CYLINDRICAL_SURFACE('',#4003,1.20000000000001);
#3687=CYLINDRICAL_SURFACE('',#4004,1.20000000000001);
#3688=CYLINDRICAL_SURFACE('',#4005,1.20000000000001);
#3689=CYLINDRICAL_SURFACE('',#4007,3.20000000000001);
#3690=CYLINDRICAL_SURFACE('',#4009,1.20000000000001);
#3691=CYLINDRICAL_SURFACE('',#4011,3.20000000000001);
#3692=CYLINDRICAL_SURFACE('',#4021,15.0964129590574);
#3693=CYLINDRICAL_SURFACE('',#4033,34.4177411544327);
#3694=CYLINDRICAL_SURFACE('',#4036,1.1);
#3695=CYLINDRICAL_SURFACE('',#4039,1.1);
#3696=CYLINDRICAL_SURFACE('',#4042,1.1);
#3697=CYLINDRICAL_SURFACE('',#4045,1.1);
#3698=CYLINDRICAL_SURFACE('',#4085,100.000000000004);
#3699=CYLINDRICAL_SURFACE('',#4090,35.4177411544327);
#3700=CYLINDRICAL_SURFACE('',#4100,32.5);
#3701=CYLINDRICAL_SURFACE('',#4112,32.5000000000001);
#3702=CYLINDRICAL_SURFACE('',#4147,2.);
#3703=CYLINDRICAL_SURFACE('',#4157,2.);
#3704=CYLINDRICAL_SURFACE('',#4163,2.);
#3705=CYLINDRICAL_SURFACE('',#4169,1.99999999999999);
#3706=CYLINDRICAL_SURFACE('',#4171,1.99999999999999);
#3707=CYLINDRICAL_SURFACE('',#4173,99.9999999999937);
#3708=CYLINDRICAL_SURFACE('',#4176,1.99999999999999);
#3709=CYLINDRICAL_SURFACE('',#4187,1.75);
#3710=CYLINDRICAL_SURFACE('',#4189,1.);
#3711=CYLINDRICAL_SURFACE('',#4194,1.75);
#3712=CYLINDRICAL_SURFACE('',#4196,1.);
#3713=CYLINDRICAL_SURFACE('',#4201,1.75);
#3714=CYLINDRICAL_SURFACE('',#4203,1.);
#3715=CYLINDRICAL_SURFACE('',#4208,1.75);
#3716=CYLINDRICAL_SURFACE('',#4210,1.);
#3717=CYLINDRICAL_SURFACE('',#4223,20.4099655948609);
#3718=CYLINDRICAL_SURFACE('',#4225,15.0089946874376);
#3719=CYLINDRICAL_SURFACE('',#4227,25.949884613007);
#3720=CYLINDRICAL_SURFACE('',#4229,20.4744325965439);
#3721=CYLINDRICAL_SURFACE('',#4232,15.0964129590574);
#3722=CYLINDRICAL_SURFACE('',#4248,78.0000000000001);
#3723=CYLINDRICAL_SURFACE('',#4250,35.);
#3724=CYLINDRICAL_SURFACE('',#4252,34.9999999999992);
#3725=CYLINDRICAL_SURFACE('',#4254,78.);
#3726=ADVANCED_FACE('',(#281),#3674,.T.);
#3727=ADVANCED_FACE('',(#282,#87),#156,.T.);
#3728=ADVANCED_FACE('',(#283),#3675,.T.);
#3729=ADVANCED_FACE('',(#284,#88),#157,.T.);
#3730=ADVANCED_FACE('',(#285,#89,#90,#91,#92,#93,#94,#95,#96,#97),#158,
 .T.);
#3731=ADVANCED_FACE('',(#286),#159,.F.);
#3732=ADVANCED_FACE('',(#287),#160,.F.);
#3733=ADVANCED_FACE('',(#288),#161,.F.);
#3734=ADVANCED_FACE('',(#289),#162,.F.);
#3735=ADVANCED_FACE('',(#290),#163,.F.);
#3736=ADVANCED_FACE('',(#291),#164,.F.);
#3737=ADVANCED_FACE('',(#292),#165,.F.);
#3738=ADVANCED_FACE('',(#293),#166,.F.);
#3739=ADVANCED_FACE('',(#294,#98),#167,.F.);
#3740=ADVANCED_FACE('',(#295),#3676,.F.);
#3741=ADVANCED_FACE('',(#296,#99),#168,.F.);
#3742=ADVANCED_FACE('',(#297),#3677,.F.);
#3743=ADVANCED_FACE('',(#298,#100),#169,.F.);
#3744=ADVANCED_FACE('',(#299),#3678,.F.);
#3745=ADVANCED_FACE('',(#300,#101),#170,.F.);
#3746=ADVANCED_FACE('',(#301),#3679,.F.);
#3747=ADVANCED_FACE('',(#302),#3680,.F.);
#3748=ADVANCED_FACE('',(#303),#3681,.F.);
#3749=ADVANCED_FACE('',(#304),#3682,.T.);
#3750=ADVANCED_FACE('',(#305),#3683,.T.);
#3751=ADVANCED_FACE('',(#306),#3684,.T.);
#3752=ADVANCED_FACE('',(#307),#3685,.T.);
#3753=ADVANCED_FACE('',(#308),#3686,.F.);
#3754=ADVANCED_FACE('',(#309),#3687,.F.);
#3755=ADVANCED_FACE('',(#310),#3688,.F.);
#3756=ADVANCED_FACE('',(#311),#3689,.T.);
#3757=ADVANCED_FACE('',(#312),#3690,.F.);
#3758=ADVANCED_FACE('',(#313),#3691,.T.);
#3759=ADVANCED_FACE('',(#314,#102),#171,.F.);
#3760=ADVANCED_FACE('',(#315,#103),#172,.F.);
#3761=ADVANCED_FACE('',(#316),#173,.T.);
#3762=ADVANCED_FACE('',(#317),#174,.T.);
#3763=ADVANCED_FACE('',(#318),#175,.T.);
#3764=ADVANCED_FACE('',(#319),#176,.T.);
#3765=ADVANCED_FACE('',(#320),#177,.T.);
#3766=ADVANCED_FACE('',(#321),#178,.T.);
#3767=ADVANCED_FACE('',(#322),#3692,.F.);
#3768=ADVANCED_FACE('',(#323),#179,.F.);
#3769=ADVANCED_FACE('',(#324),#180,.T.);
#3770=ADVANCED_FACE('',(#325),#181,.T.);
#3771=ADVANCED_FACE('',(#326,#104,#105,#106,#107,#108,#109,#110,#111,#112),
#182,.F.);
#3772=ADVANCED_FACE('',(#327),#183,.T.);
#3773=ADVANCED_FACE('',(#328),#184,.T.);
#3774=ADVANCED_FACE('',(#329),#185,.T.);
#3775=ADVANCED_FACE('',(#330),#186,.F.);
#3776=ADVANCED_FACE('',(#331),#187,.T.);
#3777=ADVANCED_FACE('',(#332),#3693,.F.);
#3778=ADVANCED_FACE('',(#333),#188,.F.);
#3779=ADVANCED_FACE('',(#334),#189,.F.);
#3780=ADVANCED_FACE('',(#335),#3694,.F.);
#3781=ADVANCED_FACE('',(#336),#3695,.F.);
#3782=ADVANCED_FACE('',(#337),#3696,.F.);
#3783=ADVANCED_FACE('',(#338),#3697,.F.);
#3784=ADVANCED_FACE('',(#339),#190,.F.);
#3785=ADVANCED_FACE('',(#340),#191,.F.);
#3786=ADVANCED_FACE('',(#341),#192,.F.);
#3787=ADVANCED_FACE('',(#342),#193,.F.);
#3788=ADVANCED_FACE('',(#343),#194,.F.);
#3789=ADVANCED_FACE('',(#344),#195,.F.);
#3790=ADVANCED_FACE('',(#345,#113),#196,.T.);
#3791=ADVANCED_FACE('',(#346),#197,.F.);
#3792=ADVANCED_FACE('',(#347),#198,.F.);
#3793=ADVANCED_FACE('',(#348),#199,.F.);
#3794=ADVANCED_FACE('',(#349),#200,.F.);
#3795=ADVANCED_FACE('',(#350),#201,.F.);
#3796=ADVANCED_FACE('',(#351),#202,.F.);
#3797=ADVANCED_FACE('',(#352,#114),#203,.F.);
#3798=ADVANCED_FACE('',(#353),#204,.F.);
#3799=ADVANCED_FACE('',(#354),#205,.F.);
#3800=ADVANCED_FACE('',(#355),#206,.F.);
#3801=ADVANCED_FACE('',(#356),#207,.F.);
#3802=ADVANCED_FACE('',(#357),#208,.F.);
#3803=ADVANCED_FACE('',(#358),#209,.F.);
#3804=ADVANCED_FACE('',(#359,#115),#210,.F.);
#3805=ADVANCED_FACE('',(#360),#211,.F.);
#3806=ADVANCED_FACE('',(#361),#212,.F.);
#3807=ADVANCED_FACE('',(#362),#213,.F.);
#3808=ADVANCED_FACE('',(#363),#214,.F.);
#3809=ADVANCED_FACE('',(#364),#215,.F.);
#3810=ADVANCED_FACE('',(#365),#216,.F.);
#3811=ADVANCED_FACE('',(#366,#116),#217,.T.);
#3812=ADVANCED_FACE('',(#367),#218,.F.);
#3813=ADVANCED_FACE('',(#368),#219,.T.);
#3814=ADVANCED_FACE('',(#369,#117,#118),#220,.T.);
#3815=ADVANCED_FACE('',(#370),#221,.F.);
#3816=ADVANCED_FACE('',(#371),#222,.F.);
#3817=ADVANCED_FACE('',(#372,#119),#3698,.T.);
#3818=ADVANCED_FACE('',(#373),#17,.F.);
#3819=ADVANCED_FACE('',(#374),#3699,.F.);
#3820=ADVANCED_FACE('',(#375),#223,.F.);
#3821=ADVANCED_FACE('',(#376),#3700,.T.);
#3822=ADVANCED_FACE('',(#377),#224,.F.);
#3823=ADVANCED_FACE('',(#378),#225,.T.);
#3824=ADVANCED_FACE('',(#379),#226,.F.);
#3825=ADVANCED_FACE('',(#380),#227,.F.);
#3826=ADVANCED_FACE('',(#381),#3701,.T.);
#3827=ADVANCED_FACE('',(#382),#228,.F.);
#3828=ADVANCED_FACE('',(#383),#229,.F.);
#3829=ADVANCED_FACE('',(#384),#230,.F.);
#3830=ADVANCED_FACE('',(#385),#231,.F.);
#3831=ADVANCED_FACE('',(#386),#232,.F.);
#3832=ADVANCED_FACE('',(#387,#120),#233,.F.);
#3833=ADVANCED_FACE('',(#388,#121),#234,.F.);
#3834=ADVANCED_FACE('',(#389),#235,.F.);
#3835=ADVANCED_FACE('',(#390),#236,.F.);
#3836=ADVANCED_FACE('',(#391),#237,.F.);
#3837=ADVANCED_FACE('',(#392),#238,.F.);
#3838=ADVANCED_FACE('',(#393),#239,.F.);
#3839=ADVANCED_FACE('',(#394),#240,.F.);
#3840=ADVANCED_FACE('',(#395),#241,.F.);
#3841=ADVANCED_FACE('',(#396),#242,.F.);
#3842=ADVANCED_FACE('',(#397),#243,.F.);
#3843=ADVANCED_FACE('',(#398,#122),#244,.F.);
#3844=ADVANCED_FACE('',(#399,#123),#245,.F.);
#3845=ADVANCED_FACE('',(#400),#246,.F.);
#3846=ADVANCED_FACE('',(#401),#13,.T.);
#3847=ADVANCED_FACE('',(#402),#3702,.F.);
#3848=ADVANCED_FACE('',(#403,#124),#247,.F.);
#3849=ADVANCED_FACE('',(#404),#14,.T.);
#3850=ADVANCED_FACE('',(#405),#15,.T.);
#3851=ADVANCED_FACE('',(#406),#3703,.F.);
#3852=ADVANCED_FACE('',(#407),#18,.F.);
#3853=ADVANCED_FACE('',(#408,#125,#126,#127),#248,.T.);
#3854=ADVANCED_FACE('',(#409),#3704,.F.);
#3855=ADVANCED_FACE('',(#410),#16,.T.);
#3856=ADVANCED_FACE('',(#411),#3705,.F.);
#3857=ADVANCED_FACE('',(#412),#19,.F.);
#3858=ADVANCED_FACE('',(#413),#3706,.F.);
#3859=ADVANCED_FACE('',(#414,#128,#129),#3707,.T.);
#3860=ADVANCED_FACE('',(#415),#20,.F.);
#3861=ADVANCED_FACE('',(#416),#3708,.F.);
#3862=ADVANCED_FACE('',(#417),#249,.F.);
#3863=ADVANCED_FACE('',(#418),#250,.F.);
#3864=ADVANCED_FACE('',(#419),#251,.F.);
#3865=ADVANCED_FACE('',(#420),#252,.F.);
#3866=ADVANCED_FACE('',(#421),#253,.F.);
#3867=ADVANCED_FACE('',(#422,#130),#254,.F.);
#3868=ADVANCED_FACE('',(#423),#3709,.F.);
#3869=ADVANCED_FACE('',(#424),#3710,.F.);
#3870=ADVANCED_FACE('',(#425,#131),#255,.F.);
#3871=ADVANCED_FACE('',(#426),#3711,.F.);
#3872=ADVANCED_FACE('',(#427),#3712,.F.);
#3873=ADVANCED_FACE('',(#428,#132),#256,.F.);
#3874=ADVANCED_FACE('',(#429),#3713,.F.);
#3875=ADVANCED_FACE('',(#430),#3714,.F.);
#3876=ADVANCED_FACE('',(#431,#133),#257,.F.);
#3877=ADVANCED_FACE('',(#432),#3715,.F.);
#3878=ADVANCED_FACE('',(#433),#3716,.F.);
#3879=ADVANCED_FACE('',(#434,#134,#135),#258,.T.);
#3880=ADVANCED_FACE('',(#435,#136,#137),#259,.T.);
#3881=ADVANCED_FACE('',(#436),#260,.T.);
#3882=ADVANCED_FACE('',(#437,#138,#139),#261,.T.);
#3883=ADVANCED_FACE('',(#438,#140,#141),#262,.T.);
#3884=ADVANCED_FACE('',(#439),#263,.T.);
#3885=ADVANCED_FACE('',(#440),#264,.T.);
#3886=ADVANCED_FACE('',(#441),#265,.T.);
#3887=ADVANCED_FACE('',(#442),#266,.T.);
#3888=ADVANCED_FACE('',(#443),#3717,.F.);
#3889=ADVANCED_FACE('',(#444),#3718,.T.);
#3890=ADVANCED_FACE('',(#445),#3719,.F.);
#3891=ADVANCED_FACE('',(#446),#3720,.F.);
#3892=ADVANCED_FACE('',(#447,#142),#267,.F.);
#3893=ADVANCED_FACE('',(#448),#3721,.T.);
#3894=ADVANCED_FACE('',(#449,#143),#268,.F.);
#3895=ADVANCED_FACE('',(#450,#144,#145,#146),#269,.F.);
#3896=ADVANCED_FACE('',(#451,#147),#270,.F.);
#3897=ADVANCED_FACE('',(#452,#148),#271,.F.);
#3898=ADVANCED_FACE('',(#453,#149,#150,#151,#152,#153),#272,.T.);
#3899=ADVANCED_FACE('',(#454),#273,.T.);
#3900=ADVANCED_FACE('',(#455,#154),#3722,.T.);
#3901=ADVANCED_FACE('',(#456),#274,.T.);
#3902=ADVANCED_FACE('',(#457),#3723,.T.);
#3903=ADVANCED_FACE('',(#458),#275,.T.);
#3904=ADVANCED_FACE('',(#459),#3724,.T.);
#3905=ADVANCED_FACE('',(#460),#276,.T.);
#3906=ADVANCED_FACE('',(#461,#155),#3725,.T.);
#3907=ADVANCED_FACE('',(#462),#277,.T.);
#3908=ADVANCED_FACE('',(#463),#21,.F.);
#3909=ADVANCED_FACE('',(#464),#278,.F.);
#3910=ADVANCED_FACE('',(#465),#279,.F.);
#3911=ADVANCED_FACE('',(#466),#280,.F.);
#3912=ADVANCED_FACE('',(#467),#22,.F.);
#3913=ADVANCED_FACE('',(#468),#23,.F.);
#3914=ADVANCED_FACE('',(#469),#24,.F.);
#3915=ADVANCED_FACE('',(#470),#25,.F.);
#3916=ADVANCED_FACE('',(#471),#26,.F.);
#3917=ADVANCED_FACE('',(#472),#27,.F.);
#3918=ADVANCED_FACE('',(#473),#28,.F.);
#3919=ADVANCED_FACE('',(#474),#29,.F.);
#3920=ADVANCED_FACE('',(#475),#30,.F.);
#3921=ADVANCED_FACE('',(#476),#31,.F.);
#3922=ADVANCED_FACE('',(#477),#32,.F.);
#3923=ADVANCED_FACE('',(#478),#33,.F.);
#3924=ADVANCED_FACE('',(#479),#34,.F.);
#3925=ADVANCED_FACE('',(#480),#35,.F.);
#3926=ADVANCED_FACE('',(#481),#36,.F.);
#3927=CLOSED_SHELL('',(#3726,#3727,#3728,#3729,#3730,#3731,#3732,#3733,
#3734,#3735,#3736,#3737,#3738,#3739,#3740,#3741,#3742,#3743,#3744,#3745,
#3746,#3747,#3748,#3749,#3750,#3751,#3752,#3753,#3754,#3755,#3756,#3757,
#3758,#3759,#3760,#3761,#3762,#3763,#3764,#3765,#3766,#3767,#3768,#3769,
#3770,#3771,#3772,#3773,#3774,#3775,#3776,#3777,#3778,#3779));
#3928=CLOSED_SHELL('',(#3780,#3781,#3782,#3783,#3784,#3785,#3786,#3787,
#3788,#3789,#3790,#3791,#3792,#3793,#3794,#3795,#3796,#3797,#3798,#3799,
#3800,#3801,#3802,#3803,#3804,#3805,#3806,#3807,#3808,#3809,#3810,#3811,
#3812,#3813,#3814,#3815,#3816,#3817,#3818,#3819,#3820,#3821,#3822,#3823,
#3824,#3825,#3826,#3827,#3828,#3829,#3830,#3831,#3832,#3833,#3834,#3835,
#3836,#3837,#3838,#3839,#3840,#3841,#3842,#3843,#3844,#3845,#3846,#3847,
#3848,#3849,#3850,#3851,#3852,#3853,#3854,#3855,#3856,#3857,#3858,#3859,
#3860,#3861,#3862,#3863,#3864,#3865,#3866,#3867,#3868,#3869,#3870,#3871,
#3872,#3873,#3874,#3875,#3876,#3877,#3878,#3879,#3880,#3881,#3882,#3883,
#3884,#3885,#3886,#3887,#3888,#3889,#3890,#3891,#3892,#3893,#3894,#3895,
#3896,#3897,#3898,#3899,#3900,#3901,#3902,#3903,#3904,#3905,#3906,#3907,
#3908,#3909,#3910,#3911,#3912,#3913,#3914,#3915,#3916,#3917,#3918,#3919,
#3920,#3921,#3922,#3923,#3924,#3925,#3926));
#3929=DERIVED_UNIT_ELEMENT(#3931,1.);
#3930=DERIVED_UNIT_ELEMENT(#7206,-3.);
#3931=(
MASS_UNIT()
NAMED_UNIT(*)
SI_UNIT(.KILO.,.GRAM.)
);
#3932=DERIVED_UNIT((#3929,#3930));
#3933=MEASURE_REPRESENTATION_ITEM('density measure',
POSITIVE_RATIO_MEASURE(7850.),#3932);
#3934=PROPERTY_DEFINITION_REPRESENTATION(#3939,#3936);
#3935=PROPERTY_DEFINITION_REPRESENTATION(#3940,#3937);
#3936=REPRESENTATION('material name',(#3938),#7203);
#3937=REPRESENTATION('density',(#3933),#7203);
#3938=DESCRIPTIVE_REPRESENTATION_ITEM('\X2\94A2\X0\','\X2\94A2\X0\');
#3939=PROPERTY_DEFINITION('material property','material name',#7213);
#3940=PROPERTY_DEFINITION('material property','density of part',#7213);
#3941=AXIS2_PLACEMENT_3D('',#5269,#4259,#4260);
#3942=AXIS2_PLACEMENT_3D('',#5270,#4261,#4262);
#3943=AXIS2_PLACEMENT_3D('',#5272,#4263,#4264);
#3944=AXIS2_PLACEMENT_3D('',#5275,#4266,#4267);
#3945=AXIS2_PLACEMENT_3D('',#5276,#4268,#4269);
#3946=AXIS2_PLACEMENT_3D('',#5278,#4270,#4271);
#3947=AXIS2_PLACEMENT_3D('',#5279,#4272,#4273);
#3948=AXIS2_PLACEMENT_3D('',#5281,#4274,#4275);
#3949=AXIS2_PLACEMENT_3D('',#5284,#4277,#4278);
#3950=AXIS2_PLACEMENT_3D('',#5285,#4279,#4280);
#3951=AXIS2_PLACEMENT_3D('',#5287,#4281,#4282);
#3952=AXIS2_PLACEMENT_3D('',#5288,#4283,#4284);
#3953=AXIS2_PLACEMENT_3D('',#5297,#4288,#4289);
#3954=AXIS2_PLACEMENT_3D('',#5299,#4290,#4291);
#3955=AXIS2_PLACEMENT_3D('',#5305,#4294,#4295);
#3956=AXIS2_PLACEMENT_3D('',#5309,#4297,#4298);
#3957=AXIS2_PLACEMENT_3D('',#5311,#4299,#4300);
#3958=AXIS2_PLACEMENT_3D('',#5315,#4302,#4303);
#3959=AXIS2_PLACEMENT_3D('',#5337,#4314,#4315);
#3960=AXIS2_PLACEMENT_3D('',#5342,#4318,#4319);
#3961=AXIS2_PLACEMENT_3D('',#5344,#4320,#4321);
#3962=AXIS2_PLACEMENT_3D('',#5347,#4322,#4323);
#3963=AXIS2_PLACEMENT_3D('',#5357,#4329,#4330);
#3964=AXIS2_PLACEMENT_3D('',#5363,#4334,#4335);
#3965=AXIS2_PLACEMENT_3D('',#5367,#4338,#4339);
#3966=AXIS2_PLACEMENT_3D('',#5371,#4342,#4343);
#3967=AXIS2_PLACEMENT_3D('',#5373,#4345,#4346);
#3968=AXIS2_PLACEMENT_3D('',#5379,#4350,#4351);
#3969=AXIS2_PLACEMENT_3D('',#5383,#4354,#4355);
#3970=AXIS2_PLACEMENT_3D('',#5387,#4358,#4359);
#3971=AXIS2_PLACEMENT_3D('',#5389,#4361,#4362);
#3972=AXIS2_PLACEMENT_3D('',#5391,#4363,#4364);
#3973=AXIS2_PLACEMENT_3D('',#5393,#4365,#4366);
#3974=AXIS2_PLACEMENT_3D('',#5394,#4367,#4368);
#3975=AXIS2_PLACEMENT_3D('',#5396,#4369,#4370);
#3976=AXIS2_PLACEMENT_3D('',#5398,#4372,#4373);
#3977=AXIS2_PLACEMENT_3D('',#5400,#4374,#4375);
#3978=AXIS2_PLACEMENT_3D('',#5402,#4376,#4377);
#3979=AXIS2_PLACEMENT_3D('',#5403,#4378,#4379);
#3980=AXIS2_PLACEMENT_3D('',#5405,#4380,#4381);
#3981=AXIS2_PLACEMENT_3D('',#5407,#4383,#4384);
#3982=AXIS2_PLACEMENT_3D('',#5409,#4385,#4386);
#3983=AXIS2_PLACEMENT_3D('',#5411,#4387,#4388);
#3984=AXIS2_PLACEMENT_3D('',#5412,#4389,#4390);
#3985=AXIS2_PLACEMENT_3D('',#5414,#4391,#4392);
#3986=AXIS2_PLACEMENT_3D('',#5416,#4394,#4395);
#3987=AXIS2_PLACEMENT_3D('',#5418,#4396,#4397);
#3988=AXIS2_PLACEMENT_3D('',#5420,#4398,#4399);
#3989=AXIS2_PLACEMENT_3D('',#5421,#4400,#4401);
#3990=AXIS2_PLACEMENT_3D('',#5423,#4402,#4403);
#3991=AXIS2_PLACEMENT_3D('',#5425,#4405,#4406);
#3992=AXIS2_PLACEMENT_3D('',#5428,#4407,#4408);
#3993=AXIS2_PLACEMENT_3D('',#5431,#4411,#4412);
#3994=AXIS2_PLACEMENT_3D('',#5434,#4413,#4414);
#3995=AXIS2_PLACEMENT_3D('',#5437,#4417,#4418);
#3996=AXIS2_PLACEMENT_3D('',#5439,#4419,#4420);
#3997=AXIS2_PLACEMENT_3D('',#5441,#4422,#4423);
#3998=AXIS2_PLACEMENT_3D('',#5444,#4424,#4425);
#3999=AXIS2_PLACEMENT_3D('',#5447,#4428,#4429);
#4000=AXIS2_PLACEMENT_3D('',#5450,#4430,#4431);
#4001=AXIS2_PLACEMENT_3D('',#5453,#4434,#4435);
#4002=AXIS2_PLACEMENT_3D('',#5456,#4436,#4437);
#4003=AXIS2_PLACEMENT_3D('',#5459,#4440,#4441);
#4004=AXIS2_PLACEMENT_3D('',#5461,#4443,#4444);
#4005=AXIS2_PLACEMENT_3D('',#5463,#4446,#4447);
#4006=AXIS2_PLACEMENT_3D('',#5465,#4448,#4449);
#4007=AXIS2_PLACEMENT_3D('',#5467,#4451,#4452);
#4008=AXIS2_PLACEMENT_3D('',#5470,#4454,#4455);
#4009=AXIS2_PLACEMENT_3D('',#5471,#4456,#4457);
#4010=AXIS2_PLACEMENT_3D('',#5473,#4458,#4459);
#4011=AXIS2_PLACEMENT_3D('',#5475,#4461,#4462);
#4012=AXIS2_PLACEMENT_3D('',#5478,#4464,#4465);
#4013=AXIS2_PLACEMENT_3D('',#5479,#4466,#4467);
#4014=AXIS2_PLACEMENT_3D('',#5480,#4468,#4469);
#4015=AXIS2_PLACEMENT_3D('',#5481,#4470,#4471);
#4016=AXIS2_PLACEMENT_3D('',#5483,#4473,#4474);
#4017=AXIS2_PLACEMENT_3D('',#5487,#4477,#4478);
#4018=AXIS2_PLACEMENT_3D('',#5491,#4481,#4482);
#4019=AXIS2_PLACEMENT_3D('',#5495,#4485,#4486);
#4020=AXIS2_PLACEMENT_3D('',#5499,#4489,#4490);
#4021=AXIS2_PLACEMENT_3D('',#5503,#4493,#4494);
#4022=AXIS2_PLACEMENT_3D('',#5504,#4495,#4496);
#4023=AXIS2_PLACEMENT_3D('',#5505,#4497,#4498);
#4024=AXIS2_PLACEMENT_3D('',#5511,#4502,#4503);
#4025=AXIS2_PLACEMENT_3D('',#5515,#4506,#4507);
#4026=AXIS2_PLACEMENT_3D('',#5517,#4509,#4510);
#4027=AXIS2_PLACEMENT_3D('',#5525,#4515,#4516);
#4028=AXIS2_PLACEMENT_3D('',#5531,#4520,#4521);
#4029=AXIS2_PLACEMENT_3D('',#5533,#4523,#4524);
#4030=AXIS2_PLACEMENT_3D('',#5536,#4527,#4528);
#4031=AXIS2_PLACEMENT_3D('',#5538,#4530,#4531);
#4032=AXIS2_PLACEMENT_3D('',#5539,#4532,#4533);
#4033=AXIS2_PLACEMENT_3D('',#5540,#4534,#4535);
#4034=AXIS2_PLACEMENT_3D('',#5541,#4536,#4537);
#4035=AXIS2_PLACEMENT_3D('',#5543,#4539,#4540);
#4036=AXIS2_PLACEMENT_3D('',#5544,#4541,#4542);
#4037=AXIS2_PLACEMENT_3D('',#5546,#4543,#4544);
#4038=AXIS2_PLACEMENT_3D('',#5549,#4546,#4547);
#4039=AXIS2_PLACEMENT_3D('',#5550,#4548,#4549);
#4040=AXIS2_PLACEMENT_3D('',#5552,#4550,#4551);
#4041=AXIS2_PLACEMENT_3D('',#5555,#4553,#4554);
#4042=AXIS2_PLACEMENT_3D('',#5556,#4555,#4556);
#4043=AXIS2_PLACEMENT_3D('',#5558,#4557,#4558);
#4044=AXIS2_PLACEMENT_3D('',#5561,#4560,#4561);
#4045=AXIS2_PLACEMENT_3D('',#5562,#4562,#4563);
#4046=AXIS2_PLACEMENT_3D('',#5564,#4564,#4565);
#4047=AXIS2_PLACEMENT_3D('',#5567,#4567,#4568);
#4048=AXIS2_PLACEMENT_3D('',#5568,#4569,#4570);
#4049=AXIS2_PLACEMENT_3D('',#5577,#4575,#4576);
#4050=AXIS2_PLACEMENT_3D('',#5583,#4580,#4581);
#4051=AXIS2_PLACEMENT_3D('',#5589,#4585,#4586);
#4052=AXIS2_PLACEMENT_3D('',#5595,#4590,#4591);
#4053=AXIS2_PLACEMENT_3D('',#5601,#4595,#4596);
#4054=AXIS2_PLACEMENT_3D('',#5604,#4599,#4600);
#4055=AXIS2_PLACEMENT_3D('',#5605,#4601,#4602);
#4056=AXIS2_PLACEMENT_3D('',#5614,#4607,#4608);
#4057=AXIS2_PLACEMENT_3D('',#5620,#4612,#4613);
#4058=AXIS2_PLACEMENT_3D('',#5626,#4617,#4618);
#4059=AXIS2_PLACEMENT_3D('',#5632,#4622,#4623);
#4060=AXIS2_PLACEMENT_3D('',#5638,#4627,#4628);
#4061=AXIS2_PLACEMENT_3D('',#5641,#4631,#4632);
#4062=AXIS2_PLACEMENT_3D('',#5642,#4633,#4634);
#4063=AXIS2_PLACEMENT_3D('',#5651,#4639,#4640);
#4064=AXIS2_PLACEMENT_3D('',#5657,#4644,#4645);
#4065=AXIS2_PLACEMENT_3D('',#5663,#4649,#4650);
#4066=AXIS2_PLACEMENT_3D('',#5669,#4654,#4655);
#4067=AXIS2_PLACEMENT_3D('',#5675,#4659,#4660);
#4068=AXIS2_PLACEMENT_3D('',#5678,#4663,#4664);
#4069=AXIS2_PLACEMENT_3D('',#5679,#4665,#4666);
#4070=AXIS2_PLACEMENT_3D('',#5688,#4671,#4672);
#4071=AXIS2_PLACEMENT_3D('',#5694,#4676,#4677);
#4072=AXIS2_PLACEMENT_3D('',#5700,#4681,#4682);
#4073=AXIS2_PLACEMENT_3D('',#5706,#4686,#4687);
#4074=AXIS2_PLACEMENT_3D('',#5712,#4691,#4692);
#4075=AXIS2_PLACEMENT_3D('',#5715,#4695,#4696);
#4076=AXIS2_PLACEMENT_3D('',#5716,#4697,#4698);
#4077=AXIS2_PLACEMENT_3D('',#5725,#4703,#4704);
#4078=AXIS2_PLACEMENT_3D('',#5727,#4705,#4706);
#4079=AXIS2_PLACEMENT_3D('',#5737,#4712,#4713);
#4080=AXIS2_PLACEMENT_3D('',#5752,#4721,#4722);
#4081=AXIS2_PLACEMENT_3D('',#5754,#4723,#4724);
#4082=AXIS2_PLACEMENT_3D('',#5755,#4725,#4726);
#4083=AXIS2_PLACEMENT_3D('',#5771,#4735,#4736);
#4084=AXIS2_PLACEMENT_3D('',#5773,#4737,#4738);
#4085=AXIS2_PLACEMENT_3D('',#5777,#4741,#4742);
#4086=AXIS2_PLACEMENT_3D('',#5779,#4743,#4744);
#4087=AXIS2_PLACEMENT_3D('',#5782,#4746,#4747);
#4088=AXIS2_PLACEMENT_3D('',#5786,#4749,#4750);
#4089=AXIS2_PLACEMENT_3D('',#5789,#4752,#4753);
#4090=AXIS2_PLACEMENT_3D('',#5954,#4757,#4758);
#4091=AXIS2_PLACEMENT_3D('',#5959,#4760,#4761);
#4092=AXIS2_PLACEMENT_3D('',#5963,#4763,#4764);
#4093=AXIS2_PLACEMENT_3D('',#5967,#4766,#4767);
#4094=AXIS2_PLACEMENT_3D('',#5971,#4769,#4770);
#4095=AXIS2_PLACEMENT_3D('',#5975,#4772,#4773);
#4096=AXIS2_PLACEMENT_3D('',#5979,#4775,#4776);
#4097=AXIS2_PLACEMENT_3D('',#5983,#4778,#4779);
#4098=AXIS2_PLACEMENT_3D('',#5986,#4781,#4782);
#4099=AXIS2_PLACEMENT_3D('',#5987,#4783,#4784);
#4100=AXIS2_PLACEMENT_3D('',#5996,#4789,#4790);
#4101=AXIS2_PLACEMENT_3D('',#5998,#4791,#4792);
#4102=AXIS2_PLACEMENT_3D('',#6000,#4793,#4794);
#4103=AXIS2_PLACEMENT_3D('',#6004,#4796,#4797);
#4104=AXIS2_PLACEMENT_3D('',#6008,#4799,#4800);
#4105=AXIS2_PLACEMENT_3D('',#6010,#4802,#4803);
#4106=AXIS2_PLACEMENT_3D('',#6017,#4808,#4809);
#4107=AXIS2_PLACEMENT_3D('',#6117,#4817,#4818);
#4108=AXIS2_PLACEMENT_3D('',#6121,#4820,#4821);
#4109=AXIS2_PLACEMENT_3D('',#6123,#4822,#4823);
#4110=AXIS2_PLACEMENT_3D('',#6125,#4825,#4826);
#4111=AXIS2_PLACEMENT_3D('',#6134,#4831,#4832);
#4112=AXIS2_PLACEMENT_3D('',#6142,#4837,#4838);
#4113=AXIS2_PLACEMENT_3D('',#6144,#4839,#4840);
#4114=AXIS2_PLACEMENT_3D('',#6146,#4841,#4842);
#4115=AXIS2_PLACEMENT_3D('',#6150,#4844,#4845);
#4116=AXIS2_PLACEMENT_3D('',#6154,#4847,#4848);
#4117=AXIS2_PLACEMENT_3D('',#6156,#4850,#4851);
#4118=AXIS2_PLACEMENT_3D('',#6173,#4859,#4860);
#4119=AXIS2_PLACEMENT_3D('',#6185,#4868,#4869);
#4120=AXIS2_PLACEMENT_3D('',#6189,#4872,#4873);
#4121=AXIS2_PLACEMENT_3D('',#6198,#4878,#4879);
#4122=AXIS2_PLACEMENT_3D('',#6204,#4883,#4884);
#4123=AXIS2_PLACEMENT_3D('',#6208,#4887,#4888);
#4124=AXIS2_PLACEMENT_3D('',#6210,#4889,#4890);
#4125=AXIS2_PLACEMENT_3D('',#6214,#4893,#4894);
#4126=AXIS2_PLACEMENT_3D('',#6216,#4895,#4896);
#4127=AXIS2_PLACEMENT_3D('',#6220,#4899,#4900);
#4128=AXIS2_PLACEMENT_3D('',#6223,#4903,#4904);
#4129=AXIS2_PLACEMENT_3D('',#6228,#4908,#4909);
#4130=AXIS2_PLACEMENT_3D('',#6234,#4913,#4914);
#4131=AXIS2_PLACEMENT_3D('',#6240,#4918,#4919);
#4132=AXIS2_PLACEMENT_3D('',#6246,#4923,#4924);
#4133=AXIS2_PLACEMENT_3D('',#6255,#4929,#4930);
#4134=AXIS2_PLACEMENT_3D('',#6256,#4931,#4932);
#4135=AXIS2_PLACEMENT_3D('',#6258,#4934,#4935);
#4136=AXIS2_PLACEMENT_3D('',#6263,#4938,#4939);
#4137=AXIS2_PLACEMENT_3D('',#6264,#4940,#4941);
#4138=AXIS2_PLACEMENT_3D('',#6265,#4942,#4943);
#4139=AXIS2_PLACEMENT_3D('',#6267,#4945,#4946);
#4140=AXIS2_PLACEMENT_3D('',#6271,#4948,#4949);
#4141=AXIS2_PLACEMENT_3D('',#6273,#4951,#4952);
#4142=AXIS2_PLACEMENT_3D('',#6276,#4955,#4956);
#4143=AXIS2_PLACEMENT_3D('',#6278,#4957,#4958);
#4144=AXIS2_PLACEMENT_3D('',#6280,#4959,#4960);
#4145=AXIS2_PLACEMENT_3D('',#6282,#4961,#4962);
#4146=AXIS2_PLACEMENT_3D('',#6283,#4963,#4964);
#4147=AXIS2_PLACEMENT_3D('',#6284,#4965,#4966);
#4148=AXIS2_PLACEMENT_3D('',#6288,#4968,#4969);
#4149=AXIS2_PLACEMENT_3D('',#6289,#4970,#4971);
#4150=AXIS2_PLACEMENT_3D('',#6290,#4972,#4973);
#4151=AXIS2_PLACEMENT_3D('',#6296,#4977,#4978);
#4152=AXIS2_PLACEMENT_3D('',#6297,#4979,#4980);
#4153=AXIS2_PLACEMENT_3D('',#6298,#4981,#4982);
#4154=AXIS2_PLACEMENT_3D('',#6300,#4983,#4984);
#4155=AXIS2_PLACEMENT_3D('',#6302,#4985,#4986);
#4156=AXIS2_PLACEMENT_3D('',#6303,#4987,#4988);
#4157=AXIS2_PLACEMENT_3D('',#6304,#4989,#4990);
#4158=AXIS2_PLACEMENT_3D('',#6307,#4992,#4993);
#4159=AXIS2_PLACEMENT_3D('',#6381,#4994,#4995);
#4160=AXIS2_PLACEMENT_3D('',#6382,#4996,#4997);
#4161=AXIS2_PLACEMENT_3D('',#6392,#5002,#5003);
#4162=AXIS2_PLACEMENT_3D('',#6394,#5004,#5005);
#4163=AXIS2_PLACEMENT_3D('',#6395,#5006,#5007);
#4164=AXIS2_PLACEMENT_3D('',#6397,#5008,#5009);
#4165=AXIS2_PLACEMENT_3D('',#6399,#5011,#5012);
#4166=AXIS2_PLACEMENT_3D('',#6401,#5013,#5014);
#4167=AXIS2_PLACEMENT_3D('',#6403,#5015,#5016);
#4168=AXIS2_PLACEMENT_3D('',#6404,#5017,#5018);
#4169=AXIS2_PLACEMENT_3D('',#6405,#5019,#5020);
#4170=AXIS2_PLACEMENT_3D('',#6407,#5021,#5022);
#4171=AXIS2_PLACEMENT_3D('',#6538,#5024,#5025);
#4172=AXIS2_PLACEMENT_3D('',#6540,#5026,#5027);
#4173=AXIS2_PLACEMENT_3D('',#6542,#5029,#5030);
#4174=AXIS2_PLACEMENT_3D('',#6544,#5031,#5032);
#4175=AXIS2_PLACEMENT_3D('',#6547,#5034,#5035);
#4176=AXIS2_PLACEMENT_3D('',#6669,#5036,#5037);
#4177=AXIS2_PLACEMENT_3D('',#6672,#5039,#5040);
#4178=AXIS2_PLACEMENT_3D('',#6673,#5041,#5042);
#4179=AXIS2_PLACEMENT_3D('',#6674,#5043,#5044);
#4180=AXIS2_PLACEMENT_3D('',#6675,#5045,#5046);
#4181=AXIS2_PLACEMENT_3D('',#6676,#5047,#5048);
#4182=AXIS2_PLACEMENT_3D('',#6678,#5050,#5051);
#4183=AXIS2_PLACEMENT_3D('',#6682,#5054,#5055);
#4184=AXIS2_PLACEMENT_3D('',#6684,#5057,#5058);
#4185=AXIS2_PLACEMENT_3D('',#6686,#5059,#5060);
#4186=AXIS2_PLACEMENT_3D('',#6688,#5061,#5062);
#4187=AXIS2_PLACEMENT_3D('',#6689,#5063,#5064);
#4188=AXIS2_PLACEMENT_3D('',#6691,#5065,#5066);
#4189=AXIS2_PLACEMENT_3D('',#6693,#5068,#5069);
#4190=AXIS2_PLACEMENT_3D('',#6696,#5071,#5072);
#4191=AXIS2_PLACEMENT_3D('',#6697,#5073,#5074);
#4192=AXIS2_PLACEMENT_3D('',#6699,#5075,#5076);
#4193=AXIS2_PLACEMENT_3D('',#6701,#5077,#5078);
#4194=AXIS2_PLACEMENT_3D('',#6702,#5079,#5080);
#4195=AXIS2_PLACEMENT_3D('',#6704,#5081,#5082);
#4196=AXIS2_PLACEMENT_3D('',#6706,#5084,#5085);
#4197=AXIS2_PLACEMENT_3D('',#6709,#5087,#5088);
#4198=AXIS2_PLACEMENT_3D('',#6710,#5089,#5090);
#4199=AXIS2_PLACEMENT_3D('',#6712,#5091,#5092);
#4200=AXIS2_PLACEMENT_3D('',#6714,#5093,#5094);
#4201=AXIS2_PLACEMENT_3D('',#6715,#5095,#5096);
#4202=AXIS2_PLACEMENT_3D('',#6717,#5097,#5098);
#4203=AXIS2_PLACEMENT_3D('',#6719,#5100,#5101);
#4204=AXIS2_PLACEMENT_3D('',#6722,#5103,#5104);
#4205=AXIS2_PLACEMENT_3D('',#6723,#5105,#5106);
#4206=AXIS2_PLACEMENT_3D('',#6725,#5107,#5108);
#4207=AXIS2_PLACEMENT_3D('',#6727,#5109,#5110);
#4208=AXIS2_PLACEMENT_3D('',#6728,#5111,#5112);
#4209=AXIS2_PLACEMENT_3D('',#6730,#5113,#5114);
#4210=AXIS2_PLACEMENT_3D('',#6732,#5116,#5117);
#4211=AXIS2_PLACEMENT_3D('',#6735,#5119,#5120);
#4212=AXIS2_PLACEMENT_3D('',#6736,#5121,#5122);
#4213=AXIS2_PLACEMENT_3D('',#6738,#5124,#5125);
#4214=AXIS2_PLACEMENT_3D('',#6740,#5127,#5128);
#4215=AXIS2_PLACEMENT_3D('',#6741,#5129,#5130);
#4216=AXIS2_PLACEMENT_3D('',#6743,#5132,#5133);
#4217=AXIS2_PLACEMENT_3D('',#6745,#5135,#5136);
#4218=AXIS2_PLACEMENT_3D('',#6746,#5137,#5138);
#4219=AXIS2_PLACEMENT_3D('',#6750,#5140,#5141);
#4220=AXIS2_PLACEMENT_3D('',#6751,#5142,#5143);
#4221=AXIS2_PLACEMENT_3D('',#6781,#5144,#5145);
#4222=AXIS2_PLACEMENT_3D('',#6783,#5147,#5148);
#4223=AXIS2_PLACEMENT_3D('',#6785,#5150,#5151);
#4224=AXIS2_PLACEMENT_3D('',#6788,#5152,#5153);
#4225=AXIS2_PLACEMENT_3D('',#6791,#5156,#5157);
#4226=AXIS2_PLACEMENT_3D('',#6793,#5158,#5159);
#4227=AXIS2_PLACEMENT_3D('',#6795,#5161,#5162);
#4228=AXIS2_PLACEMENT_3D('',#6798,#5163,#5164);
#4229=AXIS2_PLACEMENT_3D('',#6801,#5167,#5168);
#4230=AXIS2_PLACEMENT_3D('',#6804,#5169,#5170);
#4231=AXIS2_PLACEMENT_3D('',#6807,#5173,#5174);
#4232=AXIS2_PLACEMENT_3D('',#6809,#5176,#5177);
#4233=AXIS2_PLACEMENT_3D('',#6810,#5178,#5179);
#4234=AXIS2_PLACEMENT_3D('',#6811,#5180,#5181);
#4235=AXIS2_PLACEMENT_3D('',#6813,#5183,#5184);
#4236=AXIS2_PLACEMENT_3D('',#6815,#5186,#5187);
#4237=AXIS2_PLACEMENT_3D('',#6817,#5189,#5190);
#4238=AXIS2_PLACEMENT_3D('',#6820,#5192,#5193);
#4239=AXIS2_PLACEMENT_3D('',#6824,#5195,#5196);
#4240=AXIS2_PLACEMENT_3D('',#6828,#5198,#5199);
#4241=AXIS2_PLACEMENT_3D('',#6831,#5201,#5202);
#4242=AXIS2_PLACEMENT_3D('',#6952,#5207,#5208);
#4243=AXIS2_PLACEMENT_3D('',#6955,#5210,#5211);
#4244=AXIS2_PLACEMENT_3D('',#6959,#5213,#5214);
#4245=AXIS2_PLACEMENT_3D('',#6963,#5216,#5217);
#4246=AXIS2_PLACEMENT_3D('',#6966,#5219,#5220);
#4247=AXIS2_PLACEMENT_3D('',#6968,#5222,#5223);
#4248=AXIS2_PLACEMENT_3D('',#6970,#5225,#5226);
#4249=AXIS2_PLACEMENT_3D('',#6971,#5227,#5228);
#4250=AXIS2_PLACEMENT_3D('',#6973,#5230,#5231);
#4251=AXIS2_PLACEMENT_3D('',#6975,#5233,#5234);
#4252=AXIS2_PLACEMENT_3D('',#6977,#5236,#5237);
#4253=AXIS2_PLACEMENT_3D('',#6979,#5239,#5240);
#4254=AXIS2_PLACEMENT_3D('',#6980,#5241,#5242);
#4255=AXIS2_PLACEMENT_3D('',#6982,#5244,#5245);
#4256=AXIS2_PLACEMENT_3D('',#6994,#5247,#5248);
#4257=AXIS2_PLACEMENT_3D('',#6996,#5250,#5251);
#4258=AXIS2_PLACEMENT_3D('',#6998,#5253,#5254);
#4259=DIRECTION('axis',(0.,0.,1.));
#4260=DIRECTION('refdir',(1.,0.,0.));
#4261=DIRECTION('center_axis',(0.,0.,1.));
#4262=DIRECTION('ref_axis',(-1.,0.,0.));
#4263=DIRECTION('center_axis',(0.,0.,1.));
#4264=DIRECTION('ref_axis',(-1.,0.,0.));
#4265=DIRECTION('',(0.,0.,-1.));
#4266=DIRECTION('center_axis',(0.,0.,-1.));
#4267=DIRECTION('ref_axis',(-1.,0.,0.));
#4268=DIRECTION('center_axis',(0.,0.,1.));
#4269=DIRECTION('ref_axis',(-1.,0.,0.));
#4270=DIRECTION('center_axis',(0.,0.,-1.));
#4271=DIRECTION('ref_axis',(-1.,0.,0.));
#4272=DIRECTION('center_axis',(0.,0.,1.));
#4273=DIRECTION('ref_axis',(-1.,0.,0.));
#4274=DIRECTION('center_axis',(0.,0.,1.));
#4275=DIRECTION('ref_axis',(-1.,0.,0.));
#4276=DIRECTION('',(0.,0.,-1.));
#4277=DIRECTION('center_axis',(0.,0.,-1.));
#4278=DIRECTION('ref_axis',(-1.,0.,0.));
#4279=DIRECTION('center_axis',(0.,0.,1.));
#4280=DIRECTION('ref_axis',(-1.,0.,0.));
#4281=DIRECTION('center_axis',(0.,0.,-1.));
#4282=DIRECTION('ref_axis',(-1.,0.,0.));
#4283=DIRECTION('center_axis',(0.,0.,1.));
#4284=DIRECTION('ref_axis',(1.,0.,0.));
#4285=DIRECTION('',(0.,-1.,0.));
#4286=DIRECTION('',(1.,0.,0.));
#4287=DIRECTION('',(0.,-1.,0.));
#4288=DIRECTION('center_axis',(0.,0.,1.));
#4289=DIRECTION('ref_axis',(-0.997855563601256,0.0654543672341194,0.));
#4290=DIRECTION('center_axis',(0.,0.,-1.));
#4291=DIRECTION('ref_axis',(0.996739502112742,-0.0806868324328271,0.));
#4292=DIRECTION('',(-7.33338608295037E-6,-0.999999999973111,0.));
#4293=DIRECTION('',(-0.999901981759482,0.0140009597335755,0.));
#4294=DIRECTION('center_axis',(0.,0.,-1.));
#4295=DIRECTION('ref_axis',(-0.999899784762088,-0.0141569923617361,0.));
#4296=DIRECTION('',(-2.70914853485155E-6,0.99999999999633,0.));
#4297=DIRECTION('center_axis',(0.,0.,-1.));
#4298=DIRECTION('ref_axis',(-0.726829185609585,-0.686818269228555,0.));
#4299=DIRECTION('center_axis',(0.,0.,1.));
#4300=DIRECTION('ref_axis',(0.726081489481422,0.687608660963807,0.));
#4301=DIRECTION('',(-3.16329571198492E-14,1.,0.));
#4302=DIRECTION('center_axis',(0.,0.,-1.));
#4303=DIRECTION('ref_axis',(0.99800357304352,-0.0631574872233499,0.));
#4304=DIRECTION('',(0.,-1.,0.));
#4305=DIRECTION('',(-0.99999999741258,-7.19363562499781E-5,0.));
#4306=DIRECTION('',(1.,0.,0.));
#4307=DIRECTION('',(0.,-1.,0.));
#4308=DIRECTION('',(-1.,-8.31128935653669E-15,0.));
#4309=DIRECTION('',(1.16358050991509E-14,1.,0.));
#4310=DIRECTION('',(3.16329571198492E-14,-1.,0.));
#4311=DIRECTION('',(-1.,0.,0.));
#4312=DIRECTION('',(0.99999999741258,7.19363562499781E-5,0.));
#4313=DIRECTION('',(-2.70914853513678E-6,0.99999999999633,0.));
#4314=DIRECTION('center_axis',(0.,0.,1.));
#4315=DIRECTION('ref_axis',(-0.999899784762088,-0.0141569923617361,0.));
#4316=DIRECTION('',(-0.999901981759482,0.0140009597335755,0.));
#4317=DIRECTION('',(0.999999999973111,-7.33338608295037E-6,0.));
#4318=DIRECTION('center_axis',(0.,0.,-1.));
#4319=DIRECTION('ref_axis',(1.,0.,0.));
#4320=DIRECTION('center_axis',(0.,0.,-1.));
#4321=DIRECTION('ref_axis',(1.,0.,0.));
#4322=DIRECTION('center_axis',(0.,0.,1.));
#4323=DIRECTION('ref_axis',(-0.999899784762088,-0.0141569923617361,0.));
#4324=DIRECTION('',(-2.70914853513678E-6,0.99999999999633,0.));
#4325=DIRECTION('',(-1.,0.,0.));
#4326=DIRECTION('',(0.,1.,0.));
#4327=DIRECTION('',(1.,1.86152677901869E-14,0.));
#4328=DIRECTION('',(-2.60613749062596E-14,-1.,0.));
#4329=DIRECTION('center_axis',(0.,0.857167300702122,0.515038074910038));
#4330=DIRECTION('ref_axis',(1.,0.,0.));
#4331=DIRECTION('',(-1.,0.,0.));
#4332=DIRECTION('',(0.457876888408294,0.457876888408275,-0.762035110820423));
#4333=DIRECTION('',(-0.457876888408289,0.457876888408277,-0.762035110820425));
#4334=DIRECTION('center_axis',(-0.857167300702114,9.9738316483351E-15,0.515038074910052));
#4335=DIRECTION('ref_axis',(-2.99767143983985E-29,1.,-1.93652316871466E-14));
#4336=DIRECTION('',(-1.16358050991509E-14,-1.,0.));
#4337=DIRECTION('',(-0.457876888408289,-0.457876888408306,-0.762035110820408));
#4338=DIRECTION('center_axis',(7.12416546309668E-15,-0.857167300702104,
0.515038074910067));
#4339=DIRECTION('ref_axis',(-1.,1.65660790096412E-29,1.38323083479618E-14));
#4340=DIRECTION('',(1.,8.31128935653669E-15,0.));
#4341=DIRECTION('',(0.457876888408287,-0.457876888408301,-0.762035110820412));
#4342=DIRECTION('center_axis',(0.857167300702113,0.,0.515038074910053));
#4343=DIRECTION('ref_axis',(0.,-1.,0.));
#4344=DIRECTION('',(0.,1.,0.));
#4345=DIRECTION('center_axis',(0.,-0.857167300702129,0.515038074910027));
#4346=DIRECTION('ref_axis',(-1.,0.,0.));
#4347=DIRECTION('',(1.,0.,0.));
#4348=DIRECTION('',(-0.457876888408298,-0.457876888408264,-0.762035110820427));
#4349=DIRECTION('',(0.457876888408286,-0.457876888408268,-0.762035110820433));
#4350=DIRECTION('center_axis',(0.857167300702114,-2.23389583809843E-14,
0.515038074910052));
#4351=DIRECTION('ref_axis',(1.26217744835362E-29,-1.,-4.33734115383327E-14));
#4352=DIRECTION('',(2.60613749062596E-14,1.,0.));
#4353=DIRECTION('',(0.457876888408289,0.457876888408324,-0.762035110820397));
#4354=DIRECTION('center_axis',(-1.59563988435612E-14,0.857167300702094,
0.515038074910084));
#4355=DIRECTION('ref_axis',(1.,5.04870979341447E-29,3.09810082416661E-14));
#4356=DIRECTION('',(-1.,-1.86152677901869E-14,0.));
#4357=DIRECTION('',(-0.457876888408285,0.457876888408313,-0.762035110820406));
#4358=DIRECTION('center_axis',(-0.857167300702112,0.,0.515038074910055));
#4359=DIRECTION('ref_axis',(0.,1.,0.));
#4360=DIRECTION('',(0.,-1.,0.));
#4361=DIRECTION('center_axis',(0.,0.,1.));
#4362=DIRECTION('ref_axis',(-1.,0.,0.));
#4363=DIRECTION('center_axis',(0.,0.,1.));
#4364=DIRECTION('ref_axis',(-1.,0.,0.));
#4365=DIRECTION('center_axis',(0.,0.,-1.));
#4366=DIRECTION('ref_axis',(1.,0.,0.));
#4367=DIRECTION('center_axis',(0.,0.,1.));
#4368=DIRECTION('ref_axis',(-1.,0.,0.));
#4369=DIRECTION('center_axis',(0.,0.,1.));
#4370=DIRECTION('ref_axis',(-1.,0.,0.));
#4371=DIRECTION('',(0.,0.,1.));
#4372=DIRECTION('center_axis',(0.,0.,1.));
#4373=DIRECTION('ref_axis',(-1.,0.,0.));
#4374=DIRECTION('center_axis',(0.,0.,1.));
#4375=DIRECTION('ref_axis',(-1.,0.,0.));
#4376=DIRECTION('center_axis',(0.,0.,-1.));
#4377=DIRECTION('ref_axis',(1.,0.,0.));
#4378=DIRECTION('center_axis',(0.,0.,1.));
#4379=DIRECTION('ref_axis',(-1.,0.,0.));
#4380=DIRECTION('center_axis',(0.,0.,1.));
#4381=DIRECTION('ref_axis',(-1.,0.,0.));
#4382=DIRECTION('',(0.,0.,1.));
#4383=DIRECTION('center_axis',(0.,0.,1.));
#4384=DIRECTION('ref_axis',(-1.,0.,0.));
#4385=DIRECTION('center_axis',(0.,0.,1.));
#4386=DIRECTION('ref_axis',(-1.,0.,0.));
#4387=DIRECTION('center_axis',(0.,0.,-1.));
#4388=DIRECTION('ref_axis',(1.,0.,0.));
#4389=DIRECTION('center_axis',(0.,0.,1.));
#4390=DIRECTION('ref_axis',(-1.,0.,0.));
#4391=DIRECTION('center_axis',(0.,0.,1.));
#4392=DIRECTION('ref_axis',(-1.,0.,0.));
#4393=DIRECTION('',(0.,0.,1.));
#4394=DIRECTION('center_axis',(0.,0.,1.));
#4395=DIRECTION('ref_axis',(-1.,0.,0.));
#4396=DIRECTION('center_axis',(0.,0.,1.));
#4397=DIRECTION('ref_axis',(-1.,0.,0.));
#4398=DIRECTION('center_axis',(0.,0.,-1.));
#4399=DIRECTION('ref_axis',(1.,0.,0.));
#4400=DIRECTION('center_axis',(0.,0.,1.));
#4401=DIRECTION('ref_axis',(-1.,0.,0.));
#4402=DIRECTION('center_axis',(0.,0.,1.));
#4403=DIRECTION('ref_axis',(-1.,0.,0.));
#4404=DIRECTION('',(0.,0.,1.));
#4405=DIRECTION('center_axis',(0.,0.,1.));
#4406=DIRECTION('ref_axis',(0.999999981946182,0.00019002009523661,0.));
#4407=DIRECTION('center_axis',(0.,0.,1.));
#4408=DIRECTION('ref_axis',(-0.999899784762088,-0.0141569923617361,0.));
#4409=DIRECTION('',(0.,0.,1.));
#4410=DIRECTION('',(0.,0.,-1.));
#4411=DIRECTION('center_axis',(0.,0.,1.));
#4412=DIRECTION('ref_axis',(0.726081489481422,0.687608660963807,0.));
#4413=DIRECTION('center_axis',(0.,0.,1.));
#4414=DIRECTION('ref_axis',(0.726081489481422,0.687608660963807,0.));
#4415=DIRECTION('',(0.,0.,-1.));
#4416=DIRECTION('',(0.,0.,-1.));
#4417=DIRECTION('center_axis',(0.,0.,1.));
#4418=DIRECTION('ref_axis',(-0.726829185609585,-0.686818269228555,0.));
#4419=DIRECTION('center_axis',(0.,0.,-1.));
#4420=DIRECTION('ref_axis',(-0.726829185609585,-0.686818269228555,0.));
#4421=DIRECTION('',(0.,0.,-1.));
#4422=DIRECTION('center_axis',(0.,0.,1.));
#4423=DIRECTION('ref_axis',(2.26058730958701E-5,0.999999999744487,0.));
#4424=DIRECTION('center_axis',(0.,0.,-1.));
#4425=DIRECTION('ref_axis',(-0.999899784762088,-0.0141569923617361,0.));
#4426=DIRECTION('',(0.,0.,-1.));
#4427=DIRECTION('',(0.,0.,-1.));
#4428=DIRECTION('center_axis',(0.,0.,1.));
#4429=DIRECTION('ref_axis',(0.996739502112742,-0.0806868324328271,0.));
#4430=DIRECTION('center_axis',(0.,0.,-1.));
#4431=DIRECTION('ref_axis',(0.996739502112742,-0.0806868324328271,0.));
#4432=DIRECTION('',(0.,0.,-1.));
#4433=DIRECTION('',(0.,0.,-1.));
#4434=DIRECTION('center_axis',(0.,0.,1.));
#4435=DIRECTION('ref_axis',(0.99800357304352,-0.0631574872233499,0.));
#4436=DIRECTION('center_axis',(0.,0.,-1.));
#4437=DIRECTION('ref_axis',(0.99800357304352,-0.0631574872233499,0.));
#4438=DIRECTION('',(0.,0.,-1.));
#4439=DIRECTION('',(0.,0.,-1.));
#4440=DIRECTION('center_axis',(0.,0.,-1.));
#4441=DIRECTION('ref_axis',(1.,0.,0.));
#4442=DIRECTION('',(0.,0.,-1.));
#4443=DIRECTION('center_axis',(0.,0.,-1.));
#4444=DIRECTION('ref_axis',(1.,0.,0.));
#4445=DIRECTION('',(0.,0.,-1.));
#4446=DIRECTION('center_axis',(0.,0.,-1.));
#4447=DIRECTION('ref_axis',(1.,0.,0.));
#4448=DIRECTION('center_axis',(0.,0.,1.));
#4449=DIRECTION('ref_axis',(1.,0.,0.));
#4450=DIRECTION('',(0.,0.,-1.));
#4451=DIRECTION('center_axis',(0.,0.,-1.));
#4452=DIRECTION('ref_axis',(1.,0.,0.));
#4453=DIRECTION('',(0.,0.,1.));
#4454=DIRECTION('center_axis',(0.,0.,-1.));
#4455=DIRECTION('ref_axis',(1.,0.,0.));
#4456=DIRECTION('center_axis',(0.,0.,-1.));
#4457=DIRECTION('ref_axis',(1.,0.,0.));
#4458=DIRECTION('center_axis',(0.,0.,1.));
#4459=DIRECTION('ref_axis',(1.,0.,0.));
#4460=DIRECTION('',(0.,0.,-1.));
#4461=DIRECTION('center_axis',(0.,0.,-1.));
#4462=DIRECTION('ref_axis',(1.,0.,0.));
#4463=DIRECTION('',(0.,0.,1.));
#4464=DIRECTION('center_axis',(0.,0.,-1.));
#4465=DIRECTION('ref_axis',(1.,0.,0.));
#4466=DIRECTION('center_axis',(0.,0.,-1.));
#4467=DIRECTION('ref_axis',(0.,-1.,0.));
#4468=DIRECTION('center_axis',(0.,0.,-1.));
#4469=DIRECTION('ref_axis',(0.,-1.,0.));
#4470=DIRECTION('center_axis',(-1.,-3.16329571198492E-14,0.));
#4471=DIRECTION('ref_axis',(-3.16329571198492E-14,1.,0.));
#4472=DIRECTION('',(-3.16329571198492E-14,1.,0.));
#4473=DIRECTION('center_axis',(1.,0.,0.));
#4474=DIRECTION('ref_axis',(0.,1.,0.));
#4475=DIRECTION('',(0.,-1.,0.));
#4476=DIRECTION('',(0.,0.,-1.));
#4477=DIRECTION('center_axis',(7.19363562499781E-5,-0.99999999741258,0.));
#4478=DIRECTION('ref_axis',(0.,0.,-1.));
#4479=DIRECTION('',(-0.99999999741258,-7.19363562499781E-5,0.));
#4480=DIRECTION('',(0.,0.,-1.));
#4481=DIRECTION('center_axis',(1.,0.,0.));
#4482=DIRECTION('ref_axis',(0.,1.,0.));
#4483=DIRECTION('',(0.,-1.,0.));
#4484=DIRECTION('',(0.,0.,-1.));
#4485=DIRECTION('center_axis',(0.,1.,0.));
#4486=DIRECTION('ref_axis',(1.,0.,0.));
#4487=DIRECTION('',(1.,0.,0.));
#4488=DIRECTION('',(0.,0.,-1.));
#4489=DIRECTION('center_axis',(1.,0.,0.));
#4490=DIRECTION('ref_axis',(0.,1.,0.));
#4491=DIRECTION('',(0.,-1.,0.));
#4492=DIRECTION('',(0.,0.,-1.));
#4493=DIRECTION('center_axis',(0.,0.,1.));
#4494=DIRECTION('ref_axis',(-0.997855563601256,0.0654543672341194,0.));
#4495=DIRECTION('center_axis',(0.,0.,1.));
#4496=DIRECTION('ref_axis',(-0.997855563601256,0.0654543672341194,0.));
#4497=DIRECTION('center_axis',(7.19363562499781E-5,-0.99999999741258,0.));
#4498=DIRECTION('ref_axis',(0.,0.,-1.));
#4499=DIRECTION('',(0.,0.,1.));
#4500=DIRECTION('',(0.99999999741258,7.19363562499781E-5,0.));
#4501=DIRECTION('',(0.,0.,1.));
#4502=DIRECTION('center_axis',(1.,3.16191517413245E-14,0.));
#4503=DIRECTION('ref_axis',(-3.16191517413245E-14,1.,0.));
#4504=DIRECTION('',(0.,0.,1.));
#4505=DIRECTION('',(-3.16329571198492E-14,1.,0.));
#4506=DIRECTION('center_axis',(0.,-1.,0.));
#4507=DIRECTION('ref_axis',(0.,0.,-1.));
#4508=DIRECTION('',(-1.,0.,0.));
#4509=DIRECTION('center_axis',(0.,0.,1.));
#4510=DIRECTION('ref_axis',(1.,0.,0.));
#4511=DIRECTION('',(-0.999901981759482,0.0140009597335755,0.));
#4512=DIRECTION('',(-7.33338608295037E-6,-0.999999999973111,0.));
#4513=DIRECTION('',(-2.70914853485155E-6,0.99999999999633,0.));
#4514=DIRECTION('',(-2.70914853513678E-6,0.99999999999633,0.));
#4515=DIRECTION('center_axis',(0.,0.,1.));
#4516=DIRECTION('ref_axis',(-0.999899784762088,-0.0141569923617361,0.));
#4517=DIRECTION('',(0.999999999973111,-7.33338608295037E-6,0.));
#4518=DIRECTION('',(-0.999901981759482,0.0140009597335755,0.));
#4519=DIRECTION('',(-2.70914853513678E-6,0.99999999999633,0.));
#4520=DIRECTION('center_axis',(0.99999999999633,2.70914853513678E-6,0.));
#4521=DIRECTION('ref_axis',(0.,0.,-1.));
#4522=DIRECTION('',(0.,0.,-1.));
#4523=DIRECTION('center_axis',(-0.99999999999633,-2.70914853513678E-6,0.));
#4524=DIRECTION('ref_axis',(-2.70914853513678E-6,0.99999999999633,0.));
#4525=DIRECTION('',(0.,0.,1.));
#4526=DIRECTION('',(0.,0.,1.));
#4527=DIRECTION('center_axis',(0.999999999973111,-7.33338608295037E-6,0.));
#4528=DIRECTION('ref_axis',(0.,0.,-1.));
#4529=DIRECTION('',(0.,0.,-1.));
#4530=DIRECTION('center_axis',(0.0140009597335755,0.999901981759482,0.));
#4531=DIRECTION('ref_axis',(0.,0.,-1.));
#4532=DIRECTION('center_axis',(-0.99999999999633,-2.70914853485155E-6,0.));
#4533=DIRECTION('ref_axis',(-2.70914853485155E-6,0.99999999999633,0.));
#4534=DIRECTION('center_axis',(0.,0.,1.));
#4535=DIRECTION('ref_axis',(-0.999899784762088,-0.0141569923617361,0.));
#4536=DIRECTION('center_axis',(0.0140009597335755,0.999901981759482,0.));
#4537=DIRECTION('ref_axis',(0.,0.,-1.));
#4538=DIRECTION('',(0.,0.,1.));
#4539=DIRECTION('center_axis',(-7.33338608295037E-6,-0.999999999973111,
0.));
#4540=DIRECTION('ref_axis',(-0.999999999973111,7.33338608295037E-6,0.));
#4541=DIRECTION('center_axis',(0.,0.,-1.));
#4542=DIRECTION('ref_axis',(1.,0.,0.));
#4543=DIRECTION('center_axis',(0.,0.,-1.));
#4544=DIRECTION('ref_axis',(1.,0.,0.));
#4545=DIRECTION('',(0.,0.,-1.));
#4546=DIRECTION('center_axis',(0.,0.,1.));
#4547=DIRECTION('ref_axis',(1.,0.,0.));
#4548=DIRECTION('center_axis',(0.,0.,-1.));
#4549=DIRECTION('ref_axis',(1.,0.,0.));
#4550=DIRECTION('center_axis',(0.,0.,-1.));
#4551=DIRECTION('ref_axis',(1.,0.,0.));
#4552=DIRECTION('',(0.,0.,-1.));
#4553=DIRECTION('center_axis',(0.,0.,1.));
#4554=DIRECTION('ref_axis',(1.,0.,0.));
#4555=DIRECTION('center_axis',(0.,0.,-1.));
#4556=DIRECTION('ref_axis',(1.,0.,0.));
#4557=DIRECTION('center_axis',(0.,0.,-1.));
#4558=DIRECTION('ref_axis',(1.,0.,0.));
#4559=DIRECTION('',(0.,0.,-1.));
#4560=DIRECTION('center_axis',(0.,0.,1.));
#4561=DIRECTION('ref_axis',(1.,0.,0.));
#4562=DIRECTION('center_axis',(0.,0.,-1.));
#4563=DIRECTION('ref_axis',(1.,0.,0.));
#4564=DIRECTION('center_axis',(0.,0.,-1.));
#4565=DIRECTION('ref_axis',(1.,0.,0.));
#4566=DIRECTION('',(0.,0.,-1.));
#4567=DIRECTION('center_axis',(0.,0.,1.));
#4568=DIRECTION('ref_axis',(1.,0.,0.));
#4569=DIRECTION('center_axis',(-0.864433003719161,-0.502748030409935,0.));
#4570=DIRECTION('ref_axis',(-0.502748030409935,0.864433003719161,0.));
#4571=DIRECTION('',(-0.502748030409935,0.864433003719161,0.));
#4572=DIRECTION('',(0.,0.,-1.));
#4573=DIRECTION('',(-0.502748030409935,0.864433003719161,0.));
#4574=DIRECTION('',(0.,0.,-1.));
#4575=DIRECTION('center_axis',(0.00317606417801385,-0.999994956295449,0.));
#4576=DIRECTION('ref_axis',(-0.999994956295449,-0.00317606417801385,0.));
#4577=DIRECTION('',(-0.999994956295449,-0.00317606417801385,0.));
#4578=DIRECTION('',(0.,0.,-1.));
#4579=DIRECTION('',(-0.999994956295449,-0.00317606417801385,0.));
#4580=DIRECTION('center_axis',(0.867609067897175,-0.497246925885516,0.));
#4581=DIRECTION('ref_axis',(-0.497246925885516,-0.867609067897175,0.));
#4582=DIRECTION('',(-0.497246925885516,-0.867609067897175,0.));
#4583=DIRECTION('',(0.,0.,-1.));
#4584=DIRECTION('',(-0.497246925885516,-0.867609067897175,0.));
#4585=DIRECTION('center_axis',(0.864433003719157,0.502748030409943,0.));
#4586=DIRECTION('ref_axis',(0.502748030409943,-0.864433003719157,0.));
#4587=DIRECTION('',(0.502748030409943,-0.864433003719157,0.));
#4588=DIRECTION('',(0.,0.,-1.));
#4589=DIRECTION('',(0.502748030409943,-0.864433003719157,0.));
#4590=DIRECTION('center_axis',(-0.00317606417802095,0.999994956295449,0.));
#4591=DIRECTION('ref_axis',(0.999994956295449,0.00317606417802095,0.));
#4592=DIRECTION('',(0.999994956295449,0.00317606417802095,0.));
#4593=DIRECTION('',(0.,0.,-1.));
#4594=DIRECTION('',(0.999994956295449,0.00317606417802095,0.));
#4595=DIRECTION('center_axis',(-0.867609067897181,0.497246925885505,0.));
#4596=DIRECTION('ref_axis',(0.497246925885506,0.867609067897181,0.));
#4597=DIRECTION('',(0.497246925885506,0.867609067897181,0.));
#4598=DIRECTION('',(0.497246925885506,0.867609067897181,0.));
#4599=DIRECTION('center_axis',(0.,0.,1.));
#4600=DIRECTION('ref_axis',(-1.,0.,0.));
#4601=DIRECTION('center_axis',(-0.866520458841341,-0.499141557485841,0.));
#4602=DIRECTION('ref_axis',(-0.499141557485841,0.866520458841341,0.));
#4603=DIRECTION('',(-0.499141557485841,0.866520458841341,0.));
#4604=DIRECTION('',(0.,0.,-1.));
#4605=DIRECTION('',(-0.499141557485841,0.866520458841341,0.));
#4606=DIRECTION('',(0.,0.,-1.));
#4607=DIRECTION('center_axis',(-0.000990960553401976,-0.99999950899847,
0.));
#4608=DIRECTION('ref_axis',(-0.99999950899847,0.000990960553401976,0.));
#4609=DIRECTION('',(-0.99999950899847,0.000990960553401976,0.));
#4610=DIRECTION('',(0.,0.,-1.));
#4611=DIRECTION('',(-0.99999950899847,0.000990960553401976,0.));
#4612=DIRECTION('center_axis',(0.86552949828794,-0.500857951512628,0.));
#4613=DIRECTION('ref_axis',(-0.500857951512628,-0.86552949828794,0.));
#4614=DIRECTION('',(-0.500857951512628,-0.86552949828794,0.));
#4615=DIRECTION('',(0.,0.,-1.));
#4616=DIRECTION('',(-0.500857951512628,-0.86552949828794,0.));
#4617=DIRECTION('center_axis',(0.86652045884134,0.499141557485843,0.));
#4618=DIRECTION('ref_axis',(0.499141557485843,-0.86652045884134,0.));
#4619=DIRECTION('',(0.499141557485843,-0.86652045884134,0.));
#4620=DIRECTION('',(0.,0.,-1.));
#4621=DIRECTION('',(0.499141557485843,-0.86652045884134,0.));
#4622=DIRECTION('center_axis',(0.000990960553400199,0.99999950899847,0.));
#4623=DIRECTION('ref_axis',(0.99999950899847,-0.000990960553400199,0.));
#4624=DIRECTION('',(0.99999950899847,-0.000990960553400199,0.));
#4625=DIRECTION('',(0.,0.,-1.));
#4626=DIRECTION('',(0.99999950899847,-0.000990960553400199,0.));
#4627=DIRECTION('center_axis',(-0.865529498287939,0.50085795151263,0.));
#4628=DIRECTION('ref_axis',(0.50085795151263,0.865529498287939,0.));
#4629=DIRECTION('',(0.50085795151263,0.865529498287939,0.));
#4630=DIRECTION('',(0.50085795151263,0.865529498287939,0.));
#4631=DIRECTION('center_axis',(0.,0.,-1.));
#4632=DIRECTION('ref_axis',(-1.,0.,0.));
#4633=DIRECTION('center_axis',(-0.866025403784438,-0.500000000000001,0.));
#4634=DIRECTION('ref_axis',(-0.500000000000001,0.866025403784438,0.));
#4635=DIRECTION('',(-0.500000000000001,0.866025403784438,0.));
#4636=DIRECTION('',(0.,0.,-1.));
#4637=DIRECTION('',(-0.500000000000001,0.866025403784438,0.));
#4638=DIRECTION('',(0.,0.,-1.));
#4639=DIRECTION('center_axis',(0.,-1.,0.));
#4640=DIRECTION('ref_axis',(-1.,0.,0.));
#4641=DIRECTION('',(-1.,0.,0.));
#4642=DIRECTION('',(0.,0.,-1.));
#4643=DIRECTION('',(-1.,0.,0.));
#4644=DIRECTION('center_axis',(0.866025403784438,-0.500000000000001,0.));
#4645=DIRECTION('ref_axis',(-0.500000000000001,-0.866025403784438,0.));
#4646=DIRECTION('',(-0.500000000000001,-0.866025403784438,0.));
#4647=DIRECTION('',(0.,0.,-1.));
#4648=DIRECTION('',(-0.500000000000001,-0.866025403784438,0.));
#4649=DIRECTION('center_axis',(0.866025403784438,0.500000000000001,0.));
#4650=DIRECTION('ref_axis',(0.500000000000001,-0.866025403784438,0.));
#4651=DIRECTION('',(0.500000000000001,-0.866025403784438,0.));
#4652=DIRECTION('',(0.,0.,-1.));
#4653=DIRECTION('',(0.500000000000001,-0.866025403784438,0.));
#4654=DIRECTION('center_axis',(0.,1.,0.));
#4655=DIRECTION('ref_axis',(1.,0.,0.));
#4656=DIRECTION('',(1.,0.,0.));
#4657=DIRECTION('',(0.,0.,-1.));
#4658=DIRECTION('',(1.,0.,0.));
#4659=DIRECTION('center_axis',(-0.866025403784438,0.500000000000001,0.));
#4660=DIRECTION('ref_axis',(0.500000000000001,0.866025403784438,0.));
#4661=DIRECTION('',(0.500000000000001,0.866025403784438,0.));
#4662=DIRECTION('',(0.500000000000001,0.866025403784438,0.));
#4663=DIRECTION('center_axis',(0.,0.,-1.));
#4664=DIRECTION('ref_axis',(-1.,0.,0.));
#4665=DIRECTION('center_axis',(-0.866025403784438,-0.500000000000001,0.));
#4666=DIRECTION('ref_axis',(-0.500000000000001,0.866025403784438,0.));
#4667=DIRECTION('',(-0.500000000000001,0.866025403784438,0.));
#4668=DIRECTION('',(0.,0.,-1.));
#4669=DIRECTION('',(-0.500000000000001,0.866025403784438,0.));
#4670=DIRECTION('',(0.,0.,-1.));
#4671=DIRECTION('center_axis',(0.,-1.,0.));
#4672=DIRECTION('ref_axis',(-1.,0.,0.));
#4673=DIRECTION('',(-1.,0.,0.));
#4674=DIRECTION('',(0.,0.,-1.));
#4675=DIRECTION('',(-1.,0.,0.));
#4676=DIRECTION('center_axis',(0.866025403784438,-0.500000000000001,0.));
#4677=DIRECTION('ref_axis',(-0.500000000000001,-0.866025403784438,0.));
#4678=DIRECTION('',(-0.500000000000001,-0.866025403784438,0.));
#4679=DIRECTION('',(0.,0.,-1.));
#4680=DIRECTION('',(-0.500000000000001,-0.866025403784438,0.));
#4681=DIRECTION('center_axis',(0.866025403784438,0.500000000000001,0.));
#4682=DIRECTION('ref_axis',(0.500000000000001,-0.866025403784438,0.));
#4683=DIRECTION('',(0.500000000000001,-0.866025403784438,0.));
#4684=DIRECTION('',(0.,0.,-1.));
#4685=DIRECTION('',(0.500000000000001,-0.866025403784438,0.));
#4686=DIRECTION('center_axis',(0.,1.,0.));
#4687=DIRECTION('ref_axis',(1.,0.,0.));
#4688=DIRECTION('',(1.,0.,0.));
#4689=DIRECTION('',(0.,0.,-1.));
#4690=DIRECTION('',(1.,0.,0.));
#4691=DIRECTION('center_axis',(-0.866025403784438,0.500000000000001,0.));
#4692=DIRECTION('ref_axis',(0.500000000000001,0.866025403784438,0.));
#4693=DIRECTION('',(0.500000000000001,0.866025403784438,0.));
#4694=DIRECTION('',(0.500000000000001,0.866025403784438,0.));
#4695=DIRECTION('center_axis',(0.,0.,1.));
#4696=DIRECTION('ref_axis',(-1.,0.,0.));
#4697=DIRECTION('center_axis',(0.,-1.,0.));
#4698=DIRECTION('ref_axis',(1.,0.,0.));
#4699=DIRECTION('',(1.,0.,0.));
#4700=DIRECTION('',(0.,0.,1.));
#4701=DIRECTION('',(1.,0.,0.));
#4702=DIRECTION('',(0.,0.,1.));
#4703=DIRECTION('center_axis',(0.,0.,-1.));
#4704=DIRECTION('ref_axis',(0.,1.,0.));
#4705=DIRECTION('center_axis',(0.,0.,1.));
#4706=DIRECTION('ref_axis',(1.,-1.60982338570641E-14,0.));
#4707=DIRECTION('',(0.,-1.,0.));
#4708=DIRECTION('',(0.,-1.,0.));
#4709=DIRECTION('',(0.,-1.,0.));
#4710=DIRECTION('',(-1.,0.,0.));
#4711=DIRECTION('',(0.,1.,0.));
#4712=DIRECTION('center_axis',(1.,0.,0.));
#4713=DIRECTION('ref_axis',(0.,1.,0.));
#4714=DIRECTION('',(0.,0.,-1.));
#4715=DIRECTION('',(0.,-1.,0.));
#4716=DIRECTION('',(0.,0.,1.));
#4717=DIRECTION('',(0.,-1.,0.));
#4718=DIRECTION('',(0.,0.,1.));
#4719=DIRECTION('',(0.,1.,0.));
#4720=DIRECTION('',(0.,0.,1.));
#4721=DIRECTION('center_axis',(1.,0.,0.));
#4722=DIRECTION('ref_axis',(0.,1.,0.));
#4723=DIRECTION('center_axis',(1.,0.,0.));
#4724=DIRECTION('ref_axis',(0.,-1.,0.));
#4725=DIRECTION('center_axis',(0.,1.,0.));
#4726=DIRECTION('ref_axis',(1.,0.,0.));
#4727=DIRECTION('',(0.,0.,1.));
#4728=DIRECTION('',(1.,0.,0.));
#4729=DIRECTION('',(0.,0.,-1.));
#4730=DIRECTION('',(1.,0.,0.));
#4731=DIRECTION('',(0.,0.,1.));
#4732=DIRECTION('',(-1.,0.,0.));
#4733=DIRECTION('',(0.,0.,1.));
#4734=DIRECTION('',(1.,0.,0.));
#4735=DIRECTION('center_axis',(0.,0.,-1.));
#4736=DIRECTION('ref_axis',(0.,1.,0.));
#4737=DIRECTION('center_axis',(0.,0.,-1.));
#4738=DIRECTION('ref_axis',(1.,-1.60982338570641E-14,0.));
#4739=DIRECTION('',(0.,1.,0.));
#4740=DIRECTION('',(-1.,0.,0.));
#4741=DIRECTION('center_axis',(0.,0.,1.));
#4742=DIRECTION('ref_axis',(1.,-1.60982338570641E-14,0.));
#4743=DIRECTION('center_axis',(0.,0.,1.));
#4744=DIRECTION('ref_axis',(1.,-1.60982338570641E-14,0.));
#4745=DIRECTION('',(0.,0.,1.));
#4746=DIRECTION('center_axis',(0.,0.,-1.));
#4747=DIRECTION('ref_axis',(1.,-1.60982338570641E-14,0.));
#4748=DIRECTION('',(0.,0.,-1.));
#4749=DIRECTION('center_axis',(0.,0.,-1.));
#4750=DIRECTION('ref_axis',(1.,-1.60982338570641E-14,0.));
#4751=DIRECTION('',(0.,0.,1.));
#4752=DIRECTION('center_axis',(0.,0.,1.));
#4753=DIRECTION('ref_axis',(1.,-1.60982338570641E-14,0.));
#4754=DIRECTION('',(0.,0.,-1.));
#4755=DIRECTION('',(0.,0.,1.));
#4756=DIRECTION('',(0.,0.,1.));
#4757=DIRECTION('center_axis',(0.,0.,1.));
#4758=DIRECTION('ref_axis',(2.26058730958701E-5,0.999999999744487,0.));
#4759=DIRECTION('',(0.,0.,-1.));
#4760=DIRECTION('center_axis',(0.,0.,1.));
#4761=DIRECTION('ref_axis',(2.26058730958701E-5,0.999999999744487,0.));
#4762=DIRECTION('',(0.,0.,1.));
#4763=DIRECTION('center_axis',(0.,0.,-1.));
#4764=DIRECTION('ref_axis',(1.,0.,0.));
#4765=DIRECTION('',(0.,0.,1.));
#4766=DIRECTION('center_axis',(0.,0.,-1.));
#4767=DIRECTION('ref_axis',(2.26058730958701E-5,0.999999999744487,0.));
#4768=DIRECTION('',(0.,0.,-1.));
#4769=DIRECTION('center_axis',(0.,0.,1.));
#4770=DIRECTION('ref_axis',(2.26058730958701E-5,0.999999999744487,0.));
#4771=DIRECTION('',(0.,0.,1.));
#4772=DIRECTION('center_axis',(0.,0.,1.));
#4773=DIRECTION('ref_axis',(-0.999899784762088,-0.0141569923617361,0.));
#4774=DIRECTION('',(0.,0.,1.));
#4775=DIRECTION('center_axis',(0.,0.,1.));
#4776=DIRECTION('ref_axis',(2.26058730958701E-5,0.999999999744487,0.));
#4777=DIRECTION('',(0.,0.,1.));
#4778=DIRECTION('center_axis',(0.,0.,-1.));
#4779=DIRECTION('ref_axis',(2.26058730958701E-5,0.999999999744487,0.));
#4780=DIRECTION('',(0.,0.,1.));
#4781=DIRECTION('center_axis',(0.,0.,-1.));
#4782=DIRECTION('ref_axis',(1.,0.,0.));
#4783=DIRECTION('center_axis',(0.999999999999293,-1.18941700544271E-6,0.));
#4784=DIRECTION('ref_axis',(0.,0.,-1.));
#4785=DIRECTION('',(0.,0.,1.));
#4786=DIRECTION('',(1.18941700538105E-6,0.999999999999293,0.));
#4787=DIRECTION('',(0.,0.,-1.));
#4788=DIRECTION('',(-1.18941700636791E-6,-0.999999999999293,0.));
#4789=DIRECTION('center_axis',(0.,0.,1.));
#4790=DIRECTION('ref_axis',(2.56205313375036E-15,1.,0.));
#4791=DIRECTION('center_axis',(0.,0.,-1.));
#4792=DIRECTION('ref_axis',(2.56205313375036E-15,1.,0.));
#4793=DIRECTION('center_axis',(0.,0.,1.));
#4794=DIRECTION('ref_axis',(2.56205313375036E-15,1.,0.));
#4795=DIRECTION('',(0.,0.,1.));
#4796=DIRECTION('center_axis',(0.,0.,1.));
#4797=DIRECTION('ref_axis',(2.56205313375036E-15,1.,0.));
#4798=DIRECTION('',(0.,0.,1.));
#4799=DIRECTION('center_axis',(0.,0.,-1.));
#4800=DIRECTION('ref_axis',(2.56205313375036E-15,1.,0.));
#4801=DIRECTION('',(0.,0.,1.));
#4802=DIRECTION('center_axis',(0.999999999999293,-1.18941700538105E-6,0.));
#4803=DIRECTION('ref_axis',(0.,0.,-1.));
#4804=DIRECTION('',(-3.88472292103444E-34,-3.26607312948847E-28,1.));
#4805=DIRECTION('',(1.18941700538105E-6,0.999999999999293,0.));
#4806=DIRECTION('',(-1.18941699156494E-6,-0.999999999999293,0.));
#4807=DIRECTION('',(-1.18941699156494E-6,-0.999999999999293,-6.66133814775094E-15));
#4808=DIRECTION('center_axis',(0.,0.,1.));
#4809=DIRECTION('ref_axis',(1.,0.,0.));
#4810=DIRECTION('',(1.18941700932851E-6,0.999999999999293,0.));
#4811=DIRECTION('',(0.99999999741258,7.19363560649691E-5,0.));
#4812=DIRECTION('',(0.,1.,0.));
#4813=DIRECTION('',(-1.,-1.91479820200045E-14,0.));
#4814=DIRECTION('',(0.,-1.,0.));
#4815=DIRECTION('',(-0.99999999741258,-7.19363562499781E-5,0.));
#4816=DIRECTION('',(0.,-1.,0.));
#4817=DIRECTION('center_axis',(0.,0.,-1.));
#4818=DIRECTION('ref_axis',(1.,1.49741728879995E-14,0.));
#4819=DIRECTION('',(-3.16329571198492E-14,1.,0.));
#4820=DIRECTION('center_axis',(0.,0.,-1.));
#4821=DIRECTION('ref_axis',(1.,-9.24631402490271E-16,0.));
#4822=DIRECTION('center_axis',(0.,0.,-1.));
#4823=DIRECTION('ref_axis',(1.,0.,0.));
#4824=DIRECTION('',(-2.70914853485155E-6,0.99999999999633,0.));
#4825=DIRECTION('center_axis',(-0.999999999999293,1.18941700544271E-6,0.));
#4826=DIRECTION('ref_axis',(0.,0.,1.));
#4827=DIRECTION('',(0.,0.,-1.));
#4828=DIRECTION('',(1.18941700538105E-6,0.999999999999293,0.));
#4829=DIRECTION('',(0.,0.,1.));
#4830=DIRECTION('',(-1.18941700538105E-6,-0.999999999999293,0.));
#4831=DIRECTION('center_axis',(-0.999999999999293,1.18941700538105E-6,0.));
#4832=DIRECTION('ref_axis',(0.,0.,1.));
#4833=DIRECTION('',(0.,0.,-1.));
#4834=DIRECTION('',(1.18941700538105E-6,0.999999999999293,0.));
#4835=DIRECTION('',(3.68429566690422E-13,8.51170985545953E-14,1.));
#4836=DIRECTION('',(-1.18941700932851E-6,-0.999999999999293,0.));
#4837=DIRECTION('center_axis',(0.,0.,1.));
#4838=DIRECTION('ref_axis',(-0.866025403784439,0.499999999999999,0.));
#4839=DIRECTION('center_axis',(0.,0.,1.));
#4840=DIRECTION('ref_axis',(-0.866025403784439,0.499999999999999,0.));
#4841=DIRECTION('center_axis',(0.,0.,-1.));
#4842=DIRECTION('ref_axis',(-0.866025403784439,0.499999999999999,0.));
#4843=DIRECTION('',(0.,0.,1.));
#4844=DIRECTION('center_axis',(0.,0.,-1.));
#4845=DIRECTION('ref_axis',(-0.866025403784439,0.499999999999999,0.));
#4846=DIRECTION('',(0.,0.,1.));
#4847=DIRECTION('center_axis',(0.,0.,1.));
#4848=DIRECTION('ref_axis',(-0.866025403784439,0.499999999999999,0.));
#4849=DIRECTION('',(0.,0.,1.));
#4850=DIRECTION('center_axis',(-9.25185853853642E-17,1.10043178771229E-22,
1.));
#4851=DIRECTION('ref_axis',(0.999999999999293,-1.1894170054236E-6,9.25185853854297E-17));
#4852=DIRECTION('',(-0.999999999999293,1.18941703336407E-6,-9.25185853854296E-17));
#4853=DIRECTION('',(-0.999999999999293,1.18941700544271E-6,0.));
#4854=DIRECTION('',(-1.1894170248341E-6,-0.999999999999293,-1.7997684380228E-30));
#4855=DIRECTION('',(0.999999999999293,-1.1894170248341E-6,9.25185853854296E-17));
#4856=DIRECTION('',(-1.,-1.79630843526915E-15,-9.25185853853642E-17));
#4857=DIRECTION('',(0.999999999999293,-1.18941700544271E-6,0.));
#4858=DIRECTION('',(1.18941703336407E-6,0.999999999999293,2.58894921876656E-30));
#4859=DIRECTION('center_axis',(1.12259289921761E-16,-1.33523108445039E-22,
-1.));
#4860=DIRECTION('ref_axis',(-0.999999999999293,1.1894170054236E-6,-1.1225928992184E-16));
#4861=DIRECTION('',(0.999999999999293,-1.18941700544271E-6,0.));
#4862=DIRECTION('',(-1.18941703336407E-6,-0.999999999999293,-3.14135369890724E-30));
#4863=DIRECTION('',(-0.999999999999293,1.18941703336407E-6,-1.12259289921841E-16));
#4864=DIRECTION('',(1.,1.79630843526915E-15,1.12259289921761E-16));
#4865=DIRECTION('',(-0.999999999999293,1.18941700544271E-6,0.));
#4866=DIRECTION('',(1.1894170248341E-6,0.999999999999293,2.18378528021892E-30));
#4867=DIRECTION('',(0.999999999999293,-1.1894170248341E-6,1.12259289921841E-16));
#4868=DIRECTION('center_axis',(0.,1.,0.));
#4869=DIRECTION('ref_axis',(0.,0.,1.));
#4870=DIRECTION('',(0.,0.,1.));
#4871=DIRECTION('',(1.,0.,0.));
#4872=DIRECTION('center_axis',(0.,1.,0.));
#4873=DIRECTION('ref_axis',(0.,0.,1.));
#4874=DIRECTION('',(0.,0.,1.));
#4875=DIRECTION('',(1.,0.,0.));
#4876=DIRECTION('',(0.,0.,-1.));
#4877=DIRECTION('',(1.,0.,0.));
#4878=DIRECTION('center_axis',(0.,-1.,0.));
#4879=DIRECTION('ref_axis',(0.,0.,-1.));
#4880=DIRECTION('',(0.,0.,-1.));
#4881=DIRECTION('',(-1.,0.,0.));
#4882=DIRECTION('',(1.,0.,0.));
#4883=DIRECTION('center_axis',(0.,0.,-1.));
#4884=DIRECTION('ref_axis',(0.,1.,0.));
#4885=DIRECTION('',(0.,1.,0.));
#4886=DIRECTION('',(0.99999999741258,7.19363562499781E-5,0.));
#4887=DIRECTION('center_axis',(0.,0.,-1.));
#4888=DIRECTION('ref_axis',(0.,1.,0.));
#4889=DIRECTION('center_axis',(0.,0.,-1.));
#4890=DIRECTION('ref_axis',(-0.866025403784435,-0.500000000000007,0.));
#4891=DIRECTION('',(1.,0.,0.));
#4892=DIRECTION('',(3.16329571198492E-14,-1.,0.));
#4893=DIRECTION('center_axis',(0.,0.,1.));
#4894=DIRECTION('ref_axis',(0.,-1.,0.));
#4895=DIRECTION('center_axis',(0.,0.,1.));
#4896=DIRECTION('ref_axis',(-0.866025403784435,-0.500000000000007,0.));
#4897=DIRECTION('',(-3.16329571198492E-14,1.,0.));
#4898=DIRECTION('',(-1.,0.,0.));
#4899=DIRECTION('center_axis',(0.,-1.,0.));
#4900=DIRECTION('ref_axis',(0.,0.,-1.));
#4901=DIRECTION('',(0.,0.,-1.));
#4902=DIRECTION('',(0.,0.,1.));
#4903=DIRECTION('center_axis',(7.19363562499781E-5,-0.99999999741258,0.));
#4904=DIRECTION('ref_axis',(0.,0.,-1.));
#4905=DIRECTION('',(-0.99999999741258,-7.19363562499781E-5,0.));
#4906=DIRECTION('',(0.,0.,1.));
#4907=DIRECTION('',(0.,0.,1.));
#4908=DIRECTION('center_axis',(7.19363562499781E-5,-0.99999999741258,0.));
#4909=DIRECTION('ref_axis',(0.,0.,-1.));
#4910=DIRECTION('',(0.,0.,1.));
#4911=DIRECTION('',(0.99999999741258,7.19363562499781E-5,0.));
#4912=DIRECTION('',(0.,0.,1.));
#4913=DIRECTION('center_axis',(0.,1.,0.));
#4914=DIRECTION('ref_axis',(0.,0.,-1.));
#4915=DIRECTION('',(0.,0.,-1.));
#4916=DIRECTION('',(-1.,0.,0.));
#4917=DIRECTION('',(-1.,0.,0.));
#4918=DIRECTION('center_axis',(0.,1.,0.));
#4919=DIRECTION('ref_axis',(0.,0.,-1.));
#4920=DIRECTION('',(-1.,0.,0.));
#4921=DIRECTION('',(0.,0.,1.));
#4922=DIRECTION('',(-1.,0.,0.));
#4923=DIRECTION('center_axis',(0.,-1.,0.));
#4924=DIRECTION('ref_axis',(0.,0.,1.));
#4925=DIRECTION('',(0.,0.,1.));
#4926=DIRECTION('',(1.,-1.61486985400023E-16,0.));
#4927=DIRECTION('',(0.,0.,-1.));
#4928=DIRECTION('',(-1.,0.,0.));
#4929=DIRECTION('center_axis',(0.,0.,1.));
#4930=DIRECTION('ref_axis',(1.83123391081947E-16,1.,0.));
#4931=DIRECTION('center_axis',(0.,0.,1.));
#4932=DIRECTION('ref_axis',(0.866025403784439,0.499999999999999,0.));
#4933=DIRECTION('',(-7.33338608295037E-6,-0.999999999973111,0.));
#4934=DIRECTION('center_axis',(0.,0.,1.));
#4935=DIRECTION('ref_axis',(1.83123391081947E-16,1.,0.));
#4936=DIRECTION('',(-2.70914853485155E-6,0.99999999999633,0.));
#4937=DIRECTION('',(-1.,0.,0.));
#4938=DIRECTION('center_axis',(0.,0.,1.));
#4939=DIRECTION('ref_axis',(-1.,-7.11681426041767E-16,0.));
#4940=DIRECTION('center_axis',(0.,0.,-1.));
#4941=DIRECTION('ref_axis',(-1.83123391081947E-16,-1.,0.));
#4942=DIRECTION('center_axis',(0.,0.,-1.));
#4943=DIRECTION('ref_axis',(0.866025403784439,0.499999999999999,0.));
#4944=DIRECTION('',(7.33338608295037E-6,0.999999999973111,0.));
#4945=DIRECTION('center_axis',(0.,0.,-1.));
#4946=DIRECTION('ref_axis',(-1.83123391081947E-16,-1.,0.));
#4947=DIRECTION('',(2.70914853485155E-6,-0.99999999999633,0.));
#4948=DIRECTION('center_axis',(0.,0.,-1.));
#4949=DIRECTION('ref_axis',(-1.,-7.11681426041767E-16,0.));
#4950=DIRECTION('',(1.,-1.61486985400023E-16,0.));
#4951=DIRECTION('center_axis',(0.,-1.,0.));
#4952=DIRECTION('ref_axis',(0.,0.,1.));
#4953=DIRECTION('',(0.,0.,1.));
#4954=DIRECTION('',(0.,0.,-1.));
#4955=DIRECTION('center_axis',(1.,0.,0.));
#4956=DIRECTION('ref_axis',(0.,0.,-1.));
#4957=DIRECTION('center_axis',(-1.,0.,0.));
#4958=DIRECTION('ref_axis',(0.,1.,0.));
#4959=DIRECTION('center_axis',(0.,-1.,0.));
#4960=DIRECTION('ref_axis',(0.,0.,1.));
#4961=DIRECTION('center_axis',(1.,0.,0.));
#4962=DIRECTION('ref_axis',(0.,1.,0.));
#4963=DIRECTION('center_axis',(1.,0.,0.));
#4964=DIRECTION('ref_axis',(0.,1.,0.));
#4965=DIRECTION('center_axis',(1.,0.,0.));
#4966=DIRECTION('ref_axis',(0.,-1.,0.));
#4967=DIRECTION('',(1.,0.,0.));
#4968=DIRECTION('center_axis',(-1.,0.,0.));
#4969=DIRECTION('ref_axis',(0.,-1.,0.));
#4970=DIRECTION('center_axis',(-1.,0.,0.));
#4971=DIRECTION('ref_axis',(0.,-1.,0.));
#4972=DIRECTION('center_axis',(1.,0.,0.));
#4973=DIRECTION('ref_axis',(0.,1.,0.));
#4974=DIRECTION('',(0.,-1.,0.));
#4975=DIRECTION('',(0.,0.,1.));
#4976=DIRECTION('',(0.,1.,0.));
#4977=DIRECTION('center_axis',(-1.,0.,0.));
#4978=DIRECTION('ref_axis',(0.,0.,1.));
#4979=DIRECTION('center_axis',(0.,-1.,0.));
#4980=DIRECTION('ref_axis',(0.,0.,-1.));
#4981=DIRECTION('center_axis',(-1.,0.,0.));
#4982=DIRECTION('ref_axis',(0.,0.,1.));
#4983=DIRECTION('center_axis',(0.,-1.,0.));
#4984=DIRECTION('ref_axis',(0.,0.,-1.));
#4985=DIRECTION('center_axis',(-1.,0.,0.));
#4986=DIRECTION('ref_axis',(0.,1.,0.));
#4987=DIRECTION('center_axis',(-1.,0.,0.));
#4988=DIRECTION('ref_axis',(0.,1.,0.));
#4989=DIRECTION('center_axis',(-1.,0.,0.));
#4990=DIRECTION('ref_axis',(0.,1.,0.));
#4991=DIRECTION('',(-1.,0.,0.));
#4992=DIRECTION('center_axis',(0.999999999973111,-7.33338608295037E-6,0.));
#4993=DIRECTION('ref_axis',(7.33338608295037E-6,0.999999999973111,0.));
#4994=DIRECTION('center_axis',(-1.,1.83123391081947E-16,0.));
#4995=DIRECTION('ref_axis',(1.83123391081947E-16,1.,0.));
#4996=DIRECTION('center_axis',(-1.,1.83123391081947E-16,0.));
#4997=DIRECTION('ref_axis',(0.,0.,1.));
#4998=DIRECTION('',(1.83123391081947E-16,1.,0.));
#4999=DIRECTION('',(0.,0.,1.));
#5000=DIRECTION('',(-1.83123391081947E-16,-1.,0.));
#5001=DIRECTION('',(0.,0.,1.));
#5002=DIRECTION('center_axis',(-1.,1.83123391081947E-16,0.));
#5003=DIRECTION('ref_axis',(-1.83123391081947E-16,-1.,0.));
#5004=DIRECTION('center_axis',(-1.,0.,0.));
#5005=DIRECTION('ref_axis',(0.,1.,0.));
#5006=DIRECTION('center_axis',(-0.99999999999633,-2.70914853485155E-6,0.));
#5007=DIRECTION('ref_axis',(-2.70914853485155E-6,0.99999999999633,0.));
#5008=DIRECTION('center_axis',(-0.99999999999633,-2.70914853485155E-6,0.));
#5009=DIRECTION('ref_axis',(-2.70914853485155E-6,0.99999999999633,0.));
#5010=DIRECTION('',(-0.99999999999633,-2.70914853485155E-6,0.));
#5011=DIRECTION('center_axis',(1.,-1.83123391081947E-16,0.));
#5012=DIRECTION('ref_axis',(0.,0.,-1.));
#5013=DIRECTION('center_axis',(-1.83123391081947E-16,-1.,0.));
#5014=DIRECTION('ref_axis',(0.,0.,1.));
#5015=DIRECTION('center_axis',(1.,-1.83123391081947E-16,0.));
#5016=DIRECTION('ref_axis',(-1.83123391081947E-16,-1.,0.));
#5017=DIRECTION('center_axis',(1.,-1.83123391081947E-16,0.));
#5018=DIRECTION('ref_axis',(-1.83123391081947E-16,-1.,0.));
#5019=DIRECTION('center_axis',(-1.,0.,0.));
#5020=DIRECTION('ref_axis',(0.,-1.,0.));
#5021=DIRECTION('center_axis',(-1.,-3.16329571198492E-14,0.));
#5022=DIRECTION('ref_axis',(3.16329571198492E-14,-1.,0.));
#5023=DIRECTION('',(-1.,0.,0.));
#5024=DIRECTION('center_axis',(-1.,0.,0.));
#5025=DIRECTION('ref_axis',(0.,-1.,0.));
#5026=DIRECTION('center_axis',(-1.,-3.16329571198492E-14,0.));
#5027=DIRECTION('ref_axis',(3.16329571198492E-14,-1.,0.));
#5028=DIRECTION('',(-1.,0.,0.));
#5029=DIRECTION('center_axis',(0.,0.,1.));
#5030=DIRECTION('ref_axis',(-0.866025403784435,-0.500000000000007,0.));
#5031=DIRECTION('center_axis',(0.,0.,-1.));
#5032=DIRECTION('ref_axis',(-0.866025403784435,-0.500000000000007,0.));
#5033=DIRECTION('',(0.,0.,1.));
#5034=DIRECTION('center_axis',(0.,0.,1.));
#5035=DIRECTION('ref_axis',(-0.866025403784435,-0.500000000000007,0.));
#5036=DIRECTION('center_axis',(-1.,0.,0.));
#5037=DIRECTION('ref_axis',(0.,-1.,0.));
#5038=DIRECTION('',(-1.,0.,0.));
#5039=DIRECTION('center_axis',(1.,0.,0.));
#5040=DIRECTION('ref_axis',(0.,-1.,0.));
#5041=DIRECTION('center_axis',(1.,0.,0.));
#5042=DIRECTION('ref_axis',(0.,1.,0.));
#5043=DIRECTION('center_axis',(-1.,0.,0.));
#5044=DIRECTION('ref_axis',(0.,0.587785252292473,-0.809016994374948));
#5045=DIRECTION('center_axis',(1.,0.,0.));
#5046=DIRECTION('ref_axis',(0.,1.,0.));
#5047=DIRECTION('center_axis',(0.,0.,1.));
#5048=DIRECTION('ref_axis',(0.,-1.,0.));
#5049=DIRECTION('',(0.,-1.,0.));
#5050=DIRECTION('center_axis',(1.,0.,0.));
#5051=DIRECTION('ref_axis',(0.,1.,0.));
#5052=DIRECTION('',(0.,0.,1.));
#5053=DIRECTION('',(0.,-1.,0.));
#5054=DIRECTION('center_axis',(1.,0.,0.));
#5055=DIRECTION('ref_axis',(0.,1.,0.));
#5056=DIRECTION('',(0.,1.,0.));
#5057=DIRECTION('center_axis',(-1.18941703336407E-6,-0.999999999999293,
0.));
#5058=DIRECTION('ref_axis',(0.,0.,1.));
#5059=DIRECTION('center_axis',(-1.18941703336407E-6,-0.999999999999293,
0.));
#5060=DIRECTION('ref_axis',(0.,0.,1.));
#5061=DIRECTION('center_axis',(-1.18941703336407E-6,-0.999999999999293,
0.));
#5062=DIRECTION('ref_axis',(0.,0.,1.));
#5063=DIRECTION('center_axis',(-1.18941703336407E-6,-0.999999999999293,
0.));
#5064=DIRECTION('ref_axis',(0.,0.,1.));
#5065=DIRECTION('center_axis',(-1.18941703336407E-6,-0.999999999999293,
0.));
#5066=DIRECTION('ref_axis',(0.,0.,1.));
#5067=DIRECTION('',(-1.18941703336407E-6,-0.999999999999293,0.));
#5068=DIRECTION('center_axis',(-1.18941703336407E-6,-0.999999999999293,
0.));
#5069=DIRECTION('ref_axis',(0.,0.,1.));
#5070=DIRECTION('',(-1.18941703336407E-6,-0.999999999999293,0.));
#5071=DIRECTION('center_axis',(1.18941703336407E-6,0.999999999999293,3.26607312949078E-28));
#5072=DIRECTION('ref_axis',(-3.88472301242902E-34,-3.26607312948847E-28,
1.));
#5073=DIRECTION('center_axis',(-1.1894170248341E-6,-0.999999999999293,1.27881238968741E-44));
#5074=DIRECTION('ref_axis',(2.37389193643995E-64,1.27881238968831E-44,1.));
#5075=DIRECTION('center_axis',(-1.1894170248341E-6,-0.999999999999293,1.27881238968741E-44));
#5076=DIRECTION('ref_axis',(2.37389193643995E-64,1.27881238968831E-44,1.));
#5077=DIRECTION('center_axis',(-1.1894170248341E-6,-0.999999999999293,1.27881238968741E-44));
#5078=DIRECTION('ref_axis',(2.37389193643995E-64,1.27881238968831E-44,1.));
#5079=DIRECTION('center_axis',(-1.1894170248341E-6,-0.999999999999293,1.27881238968741E-44));
#5080=DIRECTION('ref_axis',(2.37389193643995E-64,1.27881238968831E-44,1.));
#5081=DIRECTION('center_axis',(-1.1894170248341E-6,-0.999999999999293,1.27881238968741E-44));
#5082=DIRECTION('ref_axis',(2.37389193643995E-64,1.27881238968831E-44,1.));
#5083=DIRECTION('',(-1.1894170248341E-6,-0.999999999999293,1.27881238968741E-44));
#5084=DIRECTION('center_axis',(-1.1894170248341E-6,-0.999999999999293,1.27881238968741E-44));
#5085=DIRECTION('ref_axis',(2.37389193643995E-64,1.27881238968831E-44,1.));
#5086=DIRECTION('',(-1.1894170248341E-6,-0.999999999999293,1.27881238968741E-44));
#5087=DIRECTION('center_axis',(1.1894170248341E-6,0.999999999999293,1.57550530581728E-28));
#5088=DIRECTION('ref_axis',(-1.87393283345557E-34,-1.57550530581616E-28,
1.));
#5089=DIRECTION('center_axis',(-1.1894170248341E-6,-0.999999999999293,1.27881238968741E-44));
#5090=DIRECTION('ref_axis',(2.37389193643995E-64,1.27881238968831E-44,1.));
#5091=DIRECTION('center_axis',(-1.1894170248341E-6,-0.999999999999293,1.27881238968741E-44));
#5092=DIRECTION('ref_axis',(2.37389193643995E-64,1.27881238968831E-44,1.));
#5093=DIRECTION('center_axis',(-1.1894170248341E-6,-0.999999999999293,1.27881238968741E-44));
#5094=DIRECTION('ref_axis',(2.37389193643995E-64,1.27881238968831E-44,1.));
#5095=DIRECTION('center_axis',(-1.1894170248341E-6,-0.999999999999293,1.27881238968741E-44));
#5096=DIRECTION('ref_axis',(2.37389193643995E-64,1.27881238968831E-44,1.));
#5097=DIRECTION('center_axis',(-1.1894170248341E-6,-0.999999999999293,1.27881238968741E-44));
#5098=DIRECTION('ref_axis',(2.37389193643995E-64,1.27881238968831E-44,1.));
#5099=DIRECTION('',(-1.1894170248341E-6,-0.999999999999293,1.27881238968741E-44));
#5100=DIRECTION('center_axis',(-1.1894170248341E-6,-0.999999999999293,1.27881238968741E-44));
#5101=DIRECTION('ref_axis',(2.37389193643995E-64,1.27881238968831E-44,1.));
#5102=DIRECTION('',(-1.1894170248341E-6,-0.999999999999293,1.27881238968741E-44));
#5103=DIRECTION('center_axis',(1.1894170248341E-6,0.999999999999293,1.57550530581728E-28));
#5104=DIRECTION('ref_axis',(-1.87393283345557E-34,-1.57550530581616E-28,
1.));
#5105=DIRECTION('center_axis',(-1.18941703336407E-6,-0.999999999999293,
0.));
#5106=DIRECTION('ref_axis',(0.,0.,1.));
#5107=DIRECTION('center_axis',(-1.18941703336407E-6,-0.999999999999293,
0.));
#5108=DIRECTION('ref_axis',(0.,0.,1.));
#5109=DIRECTION('center_axis',(-1.18941703336407E-6,-0.999999999999293,
0.));
#5110=DIRECTION('ref_axis',(0.,0.,1.));
#5111=DIRECTION('center_axis',(-1.18941703336407E-6,-0.999999999999293,
0.));
#5112=DIRECTION('ref_axis',(0.,0.,1.));
#5113=DIRECTION('center_axis',(-1.18941703336407E-6,-0.999999999999293,
0.));
#5114=DIRECTION('ref_axis',(0.,0.,1.));
#5115=DIRECTION('',(-1.18941703336407E-6,-0.999999999999293,0.));
#5116=DIRECTION('center_axis',(-1.18941703336407E-6,-0.999999999999293,
0.));
#5117=DIRECTION('ref_axis',(0.,0.,1.));
#5118=DIRECTION('',(-1.18941703336407E-6,-0.999999999999293,0.));
#5119=DIRECTION('center_axis',(1.18941703336407E-6,0.999999999999293,3.26607312949078E-28));
#5120=DIRECTION('ref_axis',(-3.88472301242902E-34,-3.26607312948847E-28,
1.));
#5121=DIRECTION('center_axis',(1.18941703336407E-6,0.999999999999293,0.));
#5122=DIRECTION('ref_axis',(0.,0.,-1.));
#5123=DIRECTION('',(0.,0.,-1.));
#5124=DIRECTION('center_axis',(-1.18941703336407E-6,-0.999999999999293,
-3.26607312949078E-28));
#5125=DIRECTION('ref_axis',(-1.16716258638919E-14,1.38824302829682E-20,
1.));
#5126=DIRECTION('',(-1.16716258638919E-14,1.38824302829681E-20,1.));
#5127=DIRECTION('center_axis',(-0.999999999999293,1.18941703336407E-6,0.));
#5128=DIRECTION('ref_axis',(0.,0.,1.));
#5129=DIRECTION('center_axis',(-1.1894170248341E-6,-0.999999999999293,-1.57550530581728E-28));
#5130=DIRECTION('ref_axis',(8.09901542408781E-15,-9.63310667226029E-21,
-1.));
#5131=DIRECTION('',(0.,0.,-1.));
#5132=DIRECTION('center_axis',(1.1894170248341E-6,0.999999999999293,-1.27881238968741E-44));
#5133=DIRECTION('ref_axis',(6.57384087683711E-31,-7.81903812958468E-37,
1.));
#5134=DIRECTION('',(0.,0.,-1.));
#5135=DIRECTION('center_axis',(0.999999999999293,-1.1894170248341E-6,-6.57384087684175E-31));
#5136=DIRECTION('ref_axis',(-6.5738408768464E-31,-1.67047794380762E-51,
-1.));
#5137=DIRECTION('center_axis',(0.,0.,1.));
#5138=DIRECTION('ref_axis',(1.,0.,0.));
#5139=DIRECTION('',(-7.33338608295037E-6,-0.999999999973111,0.));
#5140=DIRECTION('center_axis',(0.,0.,-1.));
#5141=DIRECTION('ref_axis',(1.,1.0844969885149E-14,0.));
#5142=DIRECTION('center_axis',(0.,0.,-1.));
#5143=DIRECTION('ref_axis',(1.,0.,0.));
#5144=DIRECTION('center_axis',(-1.79630843526915E-15,1.,0.));
#5145=DIRECTION('ref_axis',(1.,1.79630843526915E-15,0.));
#5146=DIRECTION('',(1.,1.79630843526915E-15,0.));
#5147=DIRECTION('center_axis',(-1.79630843526915E-15,1.,0.));
#5148=DIRECTION('ref_axis',(1.,1.79630843526915E-15,0.));
#5149=DIRECTION('',(-1.,-1.79630843526915E-15,0.));
#5150=DIRECTION('center_axis',(0.,0.,1.));
#5151=DIRECTION('ref_axis',(-0.726829185609585,-0.686818269228555,0.));
#5152=DIRECTION('center_axis',(0.,0.,1.));
#5153=DIRECTION('ref_axis',(-0.726829185609585,-0.686818269228555,0.));
#5154=DIRECTION('',(0.,0.,1.));
#5155=DIRECTION('',(0.,0.,1.));
#5156=DIRECTION('center_axis',(0.,0.,1.));
#5157=DIRECTION('ref_axis',(0.726081489481422,0.687608660963807,0.));
#5158=DIRECTION('center_axis',(0.,0.,-1.));
#5159=DIRECTION('ref_axis',(0.726081489481422,0.687608660963807,0.));
#5160=DIRECTION('',(0.,0.,1.));
#5161=DIRECTION('center_axis',(0.,0.,1.));
#5162=DIRECTION('ref_axis',(0.99800357304352,-0.0631574872233499,0.));
#5163=DIRECTION('center_axis',(0.,0.,1.));
#5164=DIRECTION('ref_axis',(0.99800357304352,-0.0631574872233499,0.));
#5165=DIRECTION('',(0.,0.,1.));
#5166=DIRECTION('',(0.,0.,1.));
#5167=DIRECTION('center_axis',(0.,0.,1.));
#5168=DIRECTION('ref_axis',(0.996739502112742,-0.0806868324328271,0.));
#5169=DIRECTION('center_axis',(0.,0.,1.));
#5170=DIRECTION('ref_axis',(0.996739502112742,-0.0806868324328271,0.));
#5171=DIRECTION('',(0.,0.,1.));
#5172=DIRECTION('',(0.,0.,1.));
#5173=DIRECTION('center_axis',(0.999999999973111,-7.33338608295037E-6,0.));
#5174=DIRECTION('ref_axis',(0.,0.,-1.));
#5175=DIRECTION('',(7.33338608295037E-6,0.999999999973111,0.));
#5176=DIRECTION('center_axis',(0.,0.,1.));
#5177=DIRECTION('ref_axis',(-0.997855563601256,0.0654543672341194,0.));
#5178=DIRECTION('center_axis',(0.,0.,-1.));
#5179=DIRECTION('ref_axis',(-0.997855563601256,0.0654543672341194,0.));
#5180=DIRECTION('center_axis',(1.,0.,0.));
#5181=DIRECTION('ref_axis',(0.,1.,0.));
#5182=DIRECTION('',(0.,1.,0.));
#5183=DIRECTION('center_axis',(-1.,-3.16329571198492E-14,0.));
#5184=DIRECTION('ref_axis',(-3.16329571198492E-14,1.,0.));
#5185=DIRECTION('',(3.16329571198492E-14,-1.,0.));
#5186=DIRECTION('center_axis',(-0.99999999999633,-2.70914853485155E-6,0.));
#5187=DIRECTION('ref_axis',(-2.70914853485155E-6,0.99999999999633,0.));
#5188=DIRECTION('',(2.70914853485155E-6,-0.99999999999633,0.));
#5189=DIRECTION('center_axis',(0.,0.,-1.));
#5190=DIRECTION('ref_axis',(0.,-1.,0.));
#5191=DIRECTION('',(-0.5,-0.866025403784439,0.));
#5192=DIRECTION('center_axis',(0.,0.,1.));
#5193=DIRECTION('ref_axis',(-1.,-7.11681426041767E-16,0.));
#5194=DIRECTION('',(0.499999999999999,-0.866025403784439,0.));
#5195=DIRECTION('center_axis',(0.,0.,1.));
#5196=DIRECTION('ref_axis',(1.58603289232169E-14,-1.,0.));
#5197=DIRECTION('',(1.,0.,0.));
#5198=DIRECTION('center_axis',(0.,0.,1.));
#5199=DIRECTION('ref_axis',(0.866025403784438,-0.5,0.));
#5200=DIRECTION('',(0.500000000000001,0.866025403784438,0.));
#5201=DIRECTION('center_axis',(0.,0.,1.));
#5202=DIRECTION('ref_axis',(0.866025403784439,0.499999999999999,0.));
#5203=DIRECTION('',(-0.5,0.866025403784439,0.));
#5204=DIRECTION('',(-1.,-1.91479820200045E-14,0.));
#5205=DIRECTION('',(0.,1.,0.));
#5206=DIRECTION('',(0.99999999741258,7.19363560649691E-5,0.));
#5207=DIRECTION('center_axis',(0.,0.,-1.));
#5208=DIRECTION('ref_axis',(0.,-1.,0.));
#5209=DIRECTION('',(0.5,-0.866025403784439,0.));
#5210=DIRECTION('center_axis',(0.,0.,-1.));
#5211=DIRECTION('ref_axis',(0.866025403784439,0.499999999999999,0.));
#5212=DIRECTION('',(-0.500000000000001,-0.866025403784438,0.));
#5213=DIRECTION('center_axis',(0.,0.,-1.));
#5214=DIRECTION('ref_axis',(0.866025403784438,-0.5,0.));
#5215=DIRECTION('',(-1.,0.,0.));
#5216=DIRECTION('center_axis',(0.,0.,-1.));
#5217=DIRECTION('ref_axis',(1.58603289232169E-14,-1.,0.));
#5218=DIRECTION('',(-0.499999999999999,0.866025403784439,0.));
#5219=DIRECTION('center_axis',(0.,0.,-1.));
#5220=DIRECTION('ref_axis',(-1.,-7.11681426041767E-16,0.));
#5221=DIRECTION('',(-0.5,-0.866025403784439,0.));
#5222=DIRECTION('center_axis',(0.866025403784439,0.5,0.));
#5223=DIRECTION('ref_axis',(0.,0.,-1.));
#5224=DIRECTION('',(0.,0.,1.));
#5225=DIRECTION('center_axis',(0.,0.,1.));
#5226=DIRECTION('ref_axis',(0.866025403784439,0.499999999999999,0.));
#5227=DIRECTION('center_axis',(0.866025403784438,-0.500000000000001,0.));
#5228=DIRECTION('ref_axis',(0.,0.,-1.));
#5229=DIRECTION('',(0.,0.,1.));
#5230=DIRECTION('center_axis',(0.,0.,1.));
#5231=DIRECTION('ref_axis',(0.866025403784438,-0.5,0.));
#5232=DIRECTION('',(0.,0.,1.));
#5233=DIRECTION('center_axis',(0.,-1.,0.));
#5234=DIRECTION('ref_axis',(0.,0.,-1.));
#5235=DIRECTION('',(0.,0.,1.));
#5236=DIRECTION('center_axis',(0.,0.,1.));
#5237=DIRECTION('ref_axis',(1.58603289232169E-14,-1.,0.));
#5238=DIRECTION('',(0.,0.,1.));
#5239=DIRECTION('center_axis',(-0.866025403784439,-0.5,0.));
#5240=DIRECTION('ref_axis',(-0.5,0.866025403784439,0.));
#5241=DIRECTION('center_axis',(0.,0.,1.));
#5242=DIRECTION('ref_axis',(-1.,-7.11681426041767E-16,0.));
#5243=DIRECTION('',(0.,0.,1.));
#5244=DIRECTION('center_axis',(-0.866025403784439,0.5,0.));
#5245=DIRECTION('ref_axis',(0.,0.,1.));
#5246=DIRECTION('',(0.,0.,1.));
#5247=DIRECTION('center_axis',(-1.91479820200045E-14,1.,0.));
#5248=DIRECTION('ref_axis',(-1.,-1.91479820200045E-14,0.));
#5249=DIRECTION('',(0.,0.,1.));
#5250=DIRECTION('center_axis',(1.,0.,0.));
#5251=DIRECTION('ref_axis',(0.,0.,-1.));
#5252=DIRECTION('',(0.,0.,1.));
#5253=DIRECTION('center_axis',(7.19363560649691E-5,-0.99999999741258,0.));
#5254=DIRECTION('ref_axis',(0.99999999741258,7.19363560649691E-5,0.));
#5255=DIRECTION('',(0.,0.,1.));
#5256=DIRECTION('',(0.,0.,1.));
#5257=DIRECTION('',(0.,0.,1.));
#5258=DIRECTION('',(0.,0.,1.));
#5259=DIRECTION('',(0.,0.,1.));
#5260=DIRECTION('',(0.,0.,1.));
#5261=DIRECTION('',(0.,0.,1.));
#5262=DIRECTION('',(0.,0.,1.));
#5263=DIRECTION('',(0.,0.,1.));
#5264=DIRECTION('',(0.,0.,1.));
#5265=DIRECTION('',(0.,0.,1.));
#5266=DIRECTION('',(0.,0.,1.));
#5267=DIRECTION('',(0.,0.,1.));
#5268=DIRECTION('',(0.,0.,1.));
#5269=CARTESIAN_POINT('',(0.,0.,0.));
#5270=CARTESIAN_POINT('Origin',(154.55930911861,-161.9253238506,-5.));
#5271=CARTESIAN_POINT('',(157.75930911861,-161.9253238506,0.));
#5272=CARTESIAN_POINT('Origin',(154.55930911861,-161.9253238506,0.));
#5273=CARTESIAN_POINT('',(157.75930911861,-161.9253238506,-5.));
#5274=CARTESIAN_POINT('',(157.75930911861,-161.9253238506,-5.));
#5275=CARTESIAN_POINT('Origin',(154.55930911861,-161.9253238506,-5.));
#5276=CARTESIAN_POINT('Origin',(154.55930911861,-161.9253238506,0.));
#5277=CARTESIAN_POINT('',(153.35930911861,-161.9253238506,0.));
#5278=CARTESIAN_POINT('Origin',(154.55930911861,-161.9253238506,0.));
#5279=CARTESIAN_POINT('Origin',(197.30039460078,-161.9253238506,-5.));
#5280=CARTESIAN_POINT('',(200.50039460078,-161.9253238506,0.));
#5281=CARTESIAN_POINT('Origin',(197.30039460078,-161.9253238506,0.));
#5282=CARTESIAN_POINT('',(200.50039460078,-161.9253238506,-5.));
#5283=CARTESIAN_POINT('',(200.50039460078,-161.9253238506,-5.));
#5284=CARTESIAN_POINT('Origin',(197.30039460078,-161.9253238506,-5.));
#5285=CARTESIAN_POINT('Origin',(197.30039460078,-161.9253238506,0.));
#5286=CARTESIAN_POINT('',(196.10039460078,-161.9253238506,0.));
#5287=CARTESIAN_POINT('Origin',(197.30039460078,-161.9253238506,0.));
#5288=CARTESIAN_POINT('Origin',(151.04292974904,-115.760271603942,-5.));
#5289=CARTESIAN_POINT('',(206.564432542315,-141.999646537142,-5.));
#5290=CARTESIAN_POINT('',(206.564432542315,-158.174574603373,-5.));
#5291=CARTESIAN_POINT('',(206.564432542315,-128.843322986727,-5.));
#5292=CARTESIAN_POINT('',(201.824335996521,-141.999646537142,-5.));
#5293=CARTESIAN_POINT('',(207.127236162204,-141.999646537142,-5.));
#5294=CARTESIAN_POINT('',(201.824335996521,-115.878355271291,-5.));
#5295=CARTESIAN_POINT('',(201.824335996521,-121.755822986727,-5.));
#5296=CARTESIAN_POINT('',(205.824063755449,-106.6258614644,-5.));
#5297=CARTESIAN_POINT('Origin',(216.88623122174,-116.898647609265,-5.));
#5298=CARTESIAN_POINT('',(211.29445384433,-94.2377238502829,-5.));
#5299=CARTESIAN_POINT('Origin',(190.883517886745,-92.6264872178288,-5.));
#5300=CARTESIAN_POINT('',(211.294813330114,-45.2172878114346,-5.));
#5301=CARTESIAN_POINT('',(211.294430984715,-97.3549216830027,-5.));
#5302=CARTESIAN_POINT('',(211.294898335586,-45.2172890017094,-5.));
#5303=CARTESIAN_POINT('',(209.879824944403,-45.1974746739739,-5.));
#5304=CARTESIAN_POINT('',(140.46633681255,-45.2156878602356,-5.));
#5305=CARTESIAN_POINT('Origin',(175.880628765824,-44.721406633952,-5.));
#5306=CARTESIAN_POINT('',(140.466469674236,-94.2575489824707,-5.));
#5307=CARTESIAN_POINT('',(140.466411706243,-72.8604226528918,-5.));
#5308=CARTESIAN_POINT('',(145.974213403702,-106.610760147801,-5.));
#5309=CARTESIAN_POINT('Origin',(160.808398443191,-92.5924275027712,-5.));
#5310=CARTESIAN_POINT('',(150.04292974904,-115.797491473556,-5.));
#5311=CARTESIAN_POINT('Origin',(135.076834249414,-116.931469878825,-5.));
#5312=CARTESIAN_POINT('',(150.042929749042,-182.6042858078,-5.));
#5313=CARTESIAN_POINT('',(150.042929749039,-108.136135520128,-5.));
#5314=CARTESIAN_POINT('',(201.874019411224,-183.221944479446,-5.));
#5315=CARTESIAN_POINT('Origin',(175.97394542042,-181.6148730127,-5.));
#5316=CARTESIAN_POINT('',(201.874019411224,-158.174912014603,-5.));
#5317=CARTESIAN_POINT('',(201.874019411224,-141.851322233841,-5.));
#5318=CARTESIAN_POINT('',(204.784139577106,-158.174702671162,-5.));
#5319=CARTESIAN_POINT('',(170.71132029464,-189.873030480139,-5.00000000000007));
#5320=CARTESIAN_POINT('',(181.21132029464,-189.873030480139,-5.00000000000007));
#5321=CARTESIAN_POINT('',(166.12712502184,-189.873030480139,-5.));
#5322=CARTESIAN_POINT('',(181.21132029464,-197.373030480139,-5.00000000000007));
#5323=CARTESIAN_POINT('',(181.21132029464,-156.566651042041,-5.));
#5324=CARTESIAN_POINT('',(170.71132029464,-197.373030480139,-4.99999999999992));
#5325=CARTESIAN_POINT('',(160.87712502184,-197.37303048014,-5.));
#5326=CARTESIAN_POINT('',(170.71132029464,-152.816651042041,-5.));
#5327=CARTESIAN_POINT('',(201.042929749041,-157.174646537142,-5.));
#5328=CARTESIAN_POINT('',(201.042929749041,-157.174971797578,-5.));
#5329=CARTESIAN_POINT('',(201.042929749039,-112.097241578277,-5.));
#5330=CARTESIAN_POINT('',(205.564432542315,-157.174646537142,-5.));
#5331=CARTESIAN_POINT('',(205.564432542315,-157.174646537142,-5.));
#5332=CARTESIAN_POINT('',(204.78406764075,-157.174702673749,-5.));
#5333=CARTESIAN_POINT('',(210.294813401207,-45.2054626439175,-5.));
#5334=CARTESIAN_POINT('',(210.294810734285,-44.2264464181503,-5.));
#5335=CARTESIAN_POINT('',(210.294813394737,-45.208471866017,-5.));
#5336=CARTESIAN_POINT('',(210.294996353826,-45.2032880419758,-5.));
#5337=CARTESIAN_POINT('Origin',(175.880628765824,-44.721406633952,-5.));
#5338=CARTESIAN_POINT('',(210.450380667139,-45.2054637847522,-5.));
#5339=CARTESIAN_POINT('',(209.879824944403,-45.1974746739739,-5.));
#5340=CARTESIAN_POINT('',(209.492629391585,-45.2054567611924,-5.));
#5341=CARTESIAN_POINT('',(155.67732029464,-25.00001016002,-5.));
#5342=CARTESIAN_POINT('Origin',(158.87732029464,-25.00001016002,-5.));
#5343=CARTESIAN_POINT('',(189.84538735077,-25.0000508001,-5.));
#5344=CARTESIAN_POINT('Origin',(193.04538735077,-25.0000508001,-5.));
#5345=CARTESIAN_POINT('',(141.46633415394,-44.2343414021855,-5.));
#5346=CARTESIAN_POINT('',(141.46633679351,-45.2086583325835,-5.));
#5347=CARTESIAN_POINT('Origin',(175.880628765824,-44.721406633952,-5.));
#5348=CARTESIAN_POINT('',(141.46633679351,-45.2086583325835,-5.));
#5349=CARTESIAN_POINT('',(181.21132029464,-25.3550304800177,-5.00000000000016));
#5350=CARTESIAN_POINT('',(170.71132029464,-25.3550304800177,-5.00000000000016));
#5351=CARTESIAN_POINT('',(160.87712502184,-25.3550304800176,-5.));
#5352=CARTESIAN_POINT('',(170.71132029464,-17.8550304800177,-5.00000000000016));
#5353=CARTESIAN_POINT('',(170.71132029464,-66.8076510419799,-5.));
#5354=CARTESIAN_POINT('',(181.21132029464,-17.8550304800177,-4.99999999999983));
#5355=CARTESIAN_POINT('',(166.127125021839,-17.8550304800179,-5.));
#5356=CARTESIAN_POINT('',(181.211320294639,-70.5576510419803,-5.));
#5357=CARTESIAN_POINT('Origin',(181.21132029464,-189.873030480139,-5.00000000000007));
#5358=CARTESIAN_POINT('',(184.03536520407,-187.04898557071,-9.70000000000012));
#5359=CARTESIAN_POINT('',(167.88727538521,-187.04898557071,-9.70000000000012));
#5360=CARTESIAN_POINT('',(194.950680038366,-187.04898557071,-9.7));
#5361=CARTESIAN_POINT('',(180.425128126121,-190.659222648659,-3.6915565047489));
#5362=CARTESIAN_POINT('',(171.811989330567,-190.973699516066,-3.16817910664837));
#5363=CARTESIAN_POINT('Origin',(170.71132029464,-189.873030480139,-5.00000000000007));
#5364=CARTESIAN_POINT('',(167.88727538521,-200.197075389569,-9.69999999999987));
#5365=CARTESIAN_POINT('',(167.887275385211,-145.192514958225,-9.7));
#5366=CARTESIAN_POINT('',(171.497512463159,-196.58683831162,-3.69155650474873));
#5367=CARTESIAN_POINT('Origin',(170.71132029464,-197.373030480139,-4.99999999999992));
#5368=CARTESIAN_POINT('',(184.035365204069,-200.197075389569,-9.69999999999987));
#5369=CARTESIAN_POINT('',(189.700680038366,-200.197075389569,-9.70000000000001));
#5370=CARTESIAN_POINT('',(180.110651258713,-196.272361444212,-3.16817910664837));
#5371=CARTESIAN_POINT('Origin',(181.21132029464,-197.373030480139,-5.00000000000007));
#5372=CARTESIAN_POINT('',(184.035365204069,-148.942514958226,-9.7));
#5373=CARTESIAN_POINT('Origin',(170.71132029464,-25.3550304800177,-5.00000000000016));
#5374=CARTESIAN_POINT('',(167.88727538521,-28.1790753894471,-9.70000000000028));
#5375=CARTESIAN_POINT('',(184.03536520407,-28.1790753894471,-9.70000000000028));
#5376=CARTESIAN_POINT('',(189.700680038366,-28.179075389447,-9.7));
#5377=CARTESIAN_POINT('',(171.497512463159,-24.5688383114986,-3.69155650474902));
#5378=CARTESIAN_POINT('',(180.110651258713,-24.2543614440909,-3.16817910664846));
#5379=CARTESIAN_POINT('Origin',(181.21132029464,-25.3550304800177,-5.00000000000016));
#5380=CARTESIAN_POINT('',(184.03536520407,-15.030985570588,-9.69999999999971));
#5381=CARTESIAN_POINT('',(184.035365204068,-62.9335149581646,-9.7));
#5382=CARTESIAN_POINT('',(180.425128126121,-18.641222648537,-3.69155650474867));
#5383=CARTESIAN_POINT('Origin',(181.21132029464,-17.8550304800177,-4.99999999999983));
#5384=CARTESIAN_POINT('',(167.887275385211,-15.0309855705883,-9.69999999999971));
#5385=CARTESIAN_POINT('',(194.950680038365,-15.0309855705876,-9.7));
#5386=CARTESIAN_POINT('',(171.811989330567,-18.9556995159447,-3.16817910664843));
#5387=CARTESIAN_POINT('Origin',(170.71132029464,-17.8550304800177,-5.00000000000016));
#5388=CARTESIAN_POINT('',(167.887275385211,-59.1835149581649,-9.7));
#5389=CARTESIAN_POINT('Origin',(154.55930911861,-161.9253238506,-8.4));
#5390=CARTESIAN_POINT('',(156.30930911861,-161.9253238506,-8.4));
#5391=CARTESIAN_POINT('Origin',(154.55930911861,-161.9253238506,-8.4));
#5392=CARTESIAN_POINT('',(153.35930911861,-161.9253238506,-8.4));
#5393=CARTESIAN_POINT('Origin',(154.55930911861,-161.9253238506,-8.4));
#5394=CARTESIAN_POINT('Origin',(154.55930911861,-161.9253238506,-9.05));
#5395=CARTESIAN_POINT('',(156.30930911861,-161.9253238506,-9.7));
#5396=CARTESIAN_POINT('Origin',(154.55930911861,-161.9253238506,-9.7));
#5397=CARTESIAN_POINT('',(156.30930911861,-161.9253238506,-9.05));
#5398=CARTESIAN_POINT('Origin',(197.30039460078,-161.9253238506,-8.4));
#5399=CARTESIAN_POINT('',(199.05039460078,-161.9253238506,-8.4));
#5400=CARTESIAN_POINT('Origin',(197.30039460078,-161.9253238506,-8.4));
#5401=CARTESIAN_POINT('',(196.10039460078,-161.9253238506,-8.4));
#5402=CARTESIAN_POINT('Origin',(197.30039460078,-161.9253238506,-8.4));
#5403=CARTESIAN_POINT('Origin',(197.30039460078,-161.9253238506,-9.05));
#5404=CARTESIAN_POINT('',(199.05039460078,-161.9253238506,-9.7));
#5405=CARTESIAN_POINT('Origin',(197.30039460078,-161.9253238506,-9.7));
#5406=CARTESIAN_POINT('',(199.05039460078,-161.9253238506,-9.05));
#5407=CARTESIAN_POINT('Origin',(158.87732029464,-25.00001016002,-8.4));
#5408=CARTESIAN_POINT('',(160.62732029464,-25.00001016002,-8.4));
#5409=CARTESIAN_POINT('Origin',(158.87732029464,-25.00001016002,-8.4));
#5410=CARTESIAN_POINT('',(157.67732029464,-25.00001016002,-8.4));
#5411=CARTESIAN_POINT('Origin',(158.87732029464,-25.00001016002,-8.4));
#5412=CARTESIAN_POINT('Origin',(158.87732029464,-25.00001016002,-9.05));
#5413=CARTESIAN_POINT('',(160.62732029464,-25.00001016002,-9.7));
#5414=CARTESIAN_POINT('Origin',(158.87732029464,-25.00001016002,-9.7));
#5415=CARTESIAN_POINT('',(160.62732029464,-25.00001016002,-9.05));
#5416=CARTESIAN_POINT('Origin',(193.04538735077,-25.0000508001,-8.4));
#5417=CARTESIAN_POINT('',(194.79538735077,-25.0000508001,-8.4));
#5418=CARTESIAN_POINT('Origin',(193.04538735077,-25.0000508001,-8.4));
#5419=CARTESIAN_POINT('',(191.84538735077,-25.0000508001,-8.4));
#5420=CARTESIAN_POINT('Origin',(193.04538735077,-25.0000508001,-8.4));
#5421=CARTESIAN_POINT('Origin',(193.04538735077,-25.0000508001,-9.05));
#5422=CARTESIAN_POINT('',(194.79538735077,-25.0000508001,-9.7));
#5423=CARTESIAN_POINT('Origin',(193.04538735077,-25.0000508001,-9.7));
#5424=CARTESIAN_POINT('',(194.79538735077,-25.0000508001,-9.05));
#5425=CARTESIAN_POINT('Origin',(175.880628765824,-44.721406633952,-5.));
#5426=CARTESIAN_POINT('',(210.294996353826,-45.2032880419758,-9.7));
#5427=CARTESIAN_POINT('',(210.294810734285,-44.2264464181503,-9.7));
#5428=CARTESIAN_POINT('Origin',(175.880628765824,-44.721406633952,-9.7));
#5429=CARTESIAN_POINT('',(210.294996353826,-45.2032880419758,-5.));
#5430=CARTESIAN_POINT('',(210.294810734285,-44.2264464181503,-5.));
#5431=CARTESIAN_POINT('Origin',(135.076834249414,-116.931469878825,-5.));
#5432=CARTESIAN_POINT('',(150.04292974904,-115.797491473556,-9.7));
#5433=CARTESIAN_POINT('',(145.974213403702,-106.610760147801,-9.7));
#5434=CARTESIAN_POINT('Origin',(135.076834249414,-116.931469878825,-9.7));
#5435=CARTESIAN_POINT('',(150.04292974904,-115.797491473556,-5.));
#5436=CARTESIAN_POINT('',(145.974213404634,-106.610760146891,-5.));
#5437=CARTESIAN_POINT('Origin',(160.808398443191,-92.5924275027712,-5.));
#5438=CARTESIAN_POINT('',(140.466469674236,-94.2575489824707,-9.7));
#5439=CARTESIAN_POINT('Origin',(160.808398443191,-92.5924275027712,-9.7));
#5440=CARTESIAN_POINT('',(140.466469674236,-94.2575489824707,-5.));
#5441=CARTESIAN_POINT('Origin',(175.880628765824,-44.721406633952,-5.));
#5442=CARTESIAN_POINT('',(140.46633681255,-45.2156878602356,-9.7));
#5443=CARTESIAN_POINT('',(211.294898335586,-45.2172890017094,-9.7));
#5444=CARTESIAN_POINT('Origin',(175.880628765824,-44.721406633952,-9.7));
#5445=CARTESIAN_POINT('',(140.46633681255,-45.2156878602356,-5.));
#5446=CARTESIAN_POINT('',(211.294898335586,-45.2172890017094,-5.));
#5447=CARTESIAN_POINT('Origin',(190.883517886745,-92.6264872178288,-5.));
#5448=CARTESIAN_POINT('',(211.29445384433,-94.2377238502829,-9.7));
#5449=CARTESIAN_POINT('',(205.824063755449,-106.6258614644,-9.7));
#5450=CARTESIAN_POINT('Origin',(190.883517886745,-92.6264872178288,-9.7));
#5451=CARTESIAN_POINT('',(211.29445384433,-94.2377238502829,-5.));
#5452=CARTESIAN_POINT('',(205.824063755449,-106.6258614644,-5.));
#5453=CARTESIAN_POINT('Origin',(175.97394542042,-181.6148730127,-5.));
#5454=CARTESIAN_POINT('',(201.874019411224,-183.221944479446,-9.7));
#5455=CARTESIAN_POINT('',(150.042929749042,-182.6042858078,-9.7));
#5456=CARTESIAN_POINT('Origin',(175.97394542042,-181.6148730127,-9.7));
#5457=CARTESIAN_POINT('',(201.874019411224,-183.221944479446,-5.));
#5458=CARTESIAN_POINT('',(150.042929749042,-182.6042858078,-5.));
#5459=CARTESIAN_POINT('Origin',(197.30039460078,-161.9253238506,0.));
#5460=CARTESIAN_POINT('',(196.10039460078,-161.9253238506,0.));
#5461=CARTESIAN_POINT('Origin',(154.55930911861,-161.9253238506,0.));
#5462=CARTESIAN_POINT('',(153.35930911861,-161.9253238506,0.));
#5463=CARTESIAN_POINT('Origin',(193.04538735077,-25.0000508001,0.));
#5464=CARTESIAN_POINT('',(191.84538735077,-25.0000508001,0.));
#5465=CARTESIAN_POINT('Origin',(193.04538735077,-25.0000508001,0.));
#5466=CARTESIAN_POINT('',(191.84538735077,-25.0000508001,0.));
#5467=CARTESIAN_POINT('Origin',(193.04538735077,-25.0000508001,0.));
#5468=CARTESIAN_POINT('',(189.84538735077,-25.0000508001,0.));
#5469=CARTESIAN_POINT('',(189.84538735077,-25.0000508001,0.));
#5470=CARTESIAN_POINT('Origin',(193.04538735077,-25.0000508001,0.));
#5471=CARTESIAN_POINT('Origin',(158.87732029464,-25.00001016002,0.));
#5472=CARTESIAN_POINT('',(157.67732029464,-25.00001016002,0.));
#5473=CARTESIAN_POINT('Origin',(158.87732029464,-25.00001016002,0.));
#5474=CARTESIAN_POINT('',(157.67732029464,-25.00001016002,0.));
#5475=CARTESIAN_POINT('Origin',(158.87732029464,-25.00001016002,0.));
#5476=CARTESIAN_POINT('',(155.67732029464,-25.00001016002,0.));
#5477=CARTESIAN_POINT('',(155.67732029464,-25.00001016002,0.));
#5478=CARTESIAN_POINT('Origin',(158.87732029464,-25.00001016002,0.));
#5479=CARTESIAN_POINT('Origin',(158.87732029464,-25.00001016002,0.));
#5480=CARTESIAN_POINT('Origin',(193.04538735077,-25.0000508001,0.));
#5481=CARTESIAN_POINT('Origin',(150.04292974904,-115.760271603943,-5.));
#5482=CARTESIAN_POINT('',(150.042929749039,-108.154745454935,-9.7));
#5483=CARTESIAN_POINT('Origin',(201.874019411224,-183.19064503137,-5.));
#5484=CARTESIAN_POINT('',(201.874019411224,-158.174912014603,-9.7));
#5485=CARTESIAN_POINT('',(201.874019411224,-157.174983948372,-9.7));
#5486=CARTESIAN_POINT('',(201.874019411224,-158.174912014603,-5.));
#5487=CARTESIAN_POINT('Origin',(200.874091347581,-158.174983945785,-5.));
#5488=CARTESIAN_POINT('',(206.564432542315,-158.174574603373,-9.7));
#5489=CARTESIAN_POINT('',(205.564504478672,-158.174646534554,-9.7));
#5490=CARTESIAN_POINT('',(206.564432542315,-158.174574603373,-5.));
#5491=CARTESIAN_POINT('Origin',(206.564432542315,-157.174646537142,-5.));
#5492=CARTESIAN_POINT('',(206.564432542315,-141.999646537142,-9.7));
#5493=CARTESIAN_POINT('',(206.564432542315,-142.999646537142,-9.7));
#5494=CARTESIAN_POINT('',(206.564432542315,-141.999646537142,-5.));
#5495=CARTESIAN_POINT('Origin',(205.564432542315,-141.999646537142,-5.));
#5496=CARTESIAN_POINT('',(201.824335996521,-141.999646537142,-9.7));
#5497=CARTESIAN_POINT('',(200.824335996521,-141.999646537142,-9.7));
#5498=CARTESIAN_POINT('',(201.824335996521,-141.999646537142,-5.));
#5499=CARTESIAN_POINT('Origin',(201.824335996521,-142.999646537142,-5.));
#5500=CARTESIAN_POINT('',(201.824335996521,-115.878355271291,-9.7));
#5501=CARTESIAN_POINT('',(201.824335996521,-115.845067084291,-9.7));
#5502=CARTESIAN_POINT('',(201.824335996521,-115.878355271291,-5.));
#5503=CARTESIAN_POINT('Origin',(216.88623122174,-116.898647609265,-5.));
#5504=CARTESIAN_POINT('Origin',(216.88623122174,-116.898647609265,-9.7));
#5505=CARTESIAN_POINT('Origin',(200.874019411224,-157.174983948372,-5.));
#5506=CARTESIAN_POINT('',(205.564432542315,-157.174646537142,-9.7));
#5507=CARTESIAN_POINT('',(205.564432542315,-157.174646537142,-5.));
#5508=CARTESIAN_POINT('',(201.042929749041,-157.174971797578,-9.7));
#5509=CARTESIAN_POINT('',(205.564432542315,-157.174646537142,-9.7));
#5510=CARTESIAN_POINT('',(201.042929749041,-157.174971797578,-5.));
#5511=CARTESIAN_POINT('Origin',(201.04292974904,-115.760271603941,-5.));
#5512=CARTESIAN_POINT('',(201.042929749041,-157.174646537142,-9.7));
#5513=CARTESIAN_POINT('',(201.042929749041,-157.174646537142,-7.35));
#5514=CARTESIAN_POINT('',(201.042929749042,-182.585027534201,-9.7));
#5515=CARTESIAN_POINT('Origin',(205.564432542315,-157.174646537142,-9.7));
#5516=CARTESIAN_POINT('',(205.564432542315,-157.174646537142,-9.7));
#5517=CARTESIAN_POINT('Origin',(208.690039782092,-100.511999436312,-9.7));
#5518=CARTESIAN_POINT('',(211.294813330114,-45.2172878114345,-9.7));
#5519=CARTESIAN_POINT('',(210.294996353826,-45.2032880419758,-9.7));
#5520=CARTESIAN_POINT('',(211.294813416778,-45.2054699773036,-9.7));
#5521=CARTESIAN_POINT('',(140.466469562152,-94.2161763606523,-9.7));
#5522=CARTESIAN_POINT('',(141.46633679351,-45.2086583325835,-9.7));
#5523=CARTESIAN_POINT('',(141.46633415394,-44.2343414021855,-9.7));
#5524=CARTESIAN_POINT('',(141.46633679351,-45.2086583325835,-9.7));
#5525=CARTESIAN_POINT('Origin',(175.880628765824,-44.721406633952,-9.7));
#5526=CARTESIAN_POINT('',(210.294813401206,-45.2054626439174,-9.7));
#5527=CARTESIAN_POINT('',(210.450380667139,-45.2054637847522,-9.7));
#5528=CARTESIAN_POINT('',(210.294813416805,-45.2054626439175,-9.7));
#5529=CARTESIAN_POINT('',(210.294996353826,-45.2032880419758,-9.7));
#5530=CARTESIAN_POINT('',(210.294813394737,-45.208471866017,-9.7));
#5531=CARTESIAN_POINT('Origin',(210.294813394737,-45.208471866017,-5.));
#5532=CARTESIAN_POINT('',(210.294813416805,-45.2054626439175,-5.));
#5533=CARTESIAN_POINT('Origin',(141.46633679351,-45.2086583325835,-9.7));
#5534=CARTESIAN_POINT('',(141.46633415394,-44.2343414021855,-5.));
#5535=CARTESIAN_POINT('',(141.46633679351,-45.2086583325835,-5.));
#5536=CARTESIAN_POINT('Origin',(211.294454136925,-94.1978248308566,-5.));
#5537=CARTESIAN_POINT('',(211.294813330114,-45.2172878114346,-1.25));
#5538=CARTESIAN_POINT('Origin',(210.294996353826,-45.2032880419758,2.5));
#5539=CARTESIAN_POINT('Origin',(140.466336793513,-45.2086610417321,-5.));
#5540=CARTESIAN_POINT('Origin',(175.880628765824,-44.721406633952,-5.));
#5541=CARTESIAN_POINT('Origin',(210.294996353826,-45.2032880419758,2.5));
#5542=CARTESIAN_POINT('',(210.450380667139,-45.2054637847522,2.5));
#5543=CARTESIAN_POINT('Origin',(210.294813416805,-45.2054626439175,2.5));
#5544=CARTESIAN_POINT('Origin',(215.881084771041,-41.9867005571299,-9.49999978542328));
#5545=CARTESIAN_POINT('',(214.781084771041,-41.9867005571299,-6.99999978542328));
#5546=CARTESIAN_POINT('Origin',(215.881084771041,-41.9867005571299,-6.99999978542328));
#5547=CARTESIAN_POINT('',(214.781084771041,-41.9867005571299,-9.7));
#5548=CARTESIAN_POINT('',(214.781084771041,-41.9867005571299,-9.49999978542328));
#5549=CARTESIAN_POINT('Origin',(215.881084771041,-41.9867005571299,-9.7));
#5550=CARTESIAN_POINT('Origin',(215.881084771041,-162.98670055713,-7.49999978542328));
#5551=CARTESIAN_POINT('',(214.781084771041,-162.98670055713,-6.99999978542328));
#5552=CARTESIAN_POINT('Origin',(215.881084771041,-162.98670055713,-6.99999978542328));
#5553=CARTESIAN_POINT('',(214.781084771041,-162.98670055713,-9.7));
#5554=CARTESIAN_POINT('',(214.781084771041,-162.98670055713,-7.49999978542328));
#5555=CARTESIAN_POINT('Origin',(215.881084771041,-162.98670055713,-9.7));
#5556=CARTESIAN_POINT('Origin',(135.881084771041,-162.98670055713,-9.49999978542328));
#5557=CARTESIAN_POINT('',(134.781084771041,-162.98670055713,-6.99999978542328));
#5558=CARTESIAN_POINT('Origin',(135.881084771041,-162.98670055713,-6.99999978542328));
#5559=CARTESIAN_POINT('',(134.781084771041,-162.98670055713,-9.7));
#5560=CARTESIAN_POINT('',(134.781084771041,-162.98670055713,-9.49999978542328));
#5561=CARTESIAN_POINT('Origin',(135.881084771041,-162.98670055713,-9.7));
#5562=CARTESIAN_POINT('Origin',(135.881084771041,-41.9867005571299,-7.5));
#5563=CARTESIAN_POINT('',(134.781084771041,-41.9867005571299,-7.));
#5564=CARTESIAN_POINT('Origin',(135.881084771041,-41.9867005571299,-7.));
#5565=CARTESIAN_POINT('',(134.781084771041,-41.9867005571299,-9.7));
#5566=CARTESIAN_POINT('',(134.781084771041,-41.9867005571299,-7.5));
#5567=CARTESIAN_POINT('Origin',(135.881084771041,-41.9867005571299,-9.7));
#5568=CARTESIAN_POINT('Origin',(134.637967456327,-44.1557232268728,-5.));
#5569=CARTESIAN_POINT('',(134.637967456327,-44.1557232268728,-5.));
#5570=CARTESIAN_POINT('',(133.381097380302,-41.9946407175749,-5.));
#5571=CARTESIAN_POINT('',(132.588272028823,-40.6314441289267,-5.));
#5572=CARTESIAN_POINT('',(134.637967456327,-44.1557232268728,-7.));
#5573=CARTESIAN_POINT('',(134.637967456327,-44.1557232268728,-5.));
#5574=CARTESIAN_POINT('',(133.381097380302,-41.9946407175749,-7.));
#5575=CARTESIAN_POINT('',(133.381097380302,-41.9946407175749,-7.));
#5576=CARTESIAN_POINT('',(133.381097380302,-41.9946407175749,-5.));
#5577=CARTESIAN_POINT('Origin',(137.137954847066,-44.1477830664278,-5.));
#5578=CARTESIAN_POINT('',(137.137954847066,-44.1477830664278,-5.));
#5579=CARTESIAN_POINT('',(136.525641071187,-44.1497278240859,-5.));
#5580=CARTESIAN_POINT('',(137.137954847066,-44.1477830664278,-7.));
#5581=CARTESIAN_POINT('',(137.137954847066,-44.1477830664278,-5.));
#5582=CARTESIAN_POINT('',(134.637967456327,-44.1557232268728,-7.));
#5583=CARTESIAN_POINT('Origin',(138.38107216178,-41.9787603966848,-5.));
#5584=CARTESIAN_POINT('',(138.38107216178,-41.9787603966848,-5.));
#5585=CARTESIAN_POINT('',(139.793087669794,-39.5150398687346,-5.));
#5586=CARTESIAN_POINT('',(138.38107216178,-41.9787603966848,-7.));
#5587=CARTESIAN_POINT('',(138.38107216178,-41.9787603966848,-5.));
#5588=CARTESIAN_POINT('',(137.137954847066,-44.1477830664278,-7.));
#5589=CARTESIAN_POINT('Origin',(137.124202085755,-39.8176778873869,-5.));
#5590=CARTESIAN_POINT('',(137.124202085755,-39.8176778873869,-5.));
#5591=CARTESIAN_POINT('',(135.702941696262,-37.3739400440898,-5.));
#5592=CARTESIAN_POINT('',(137.124202085755,-39.8176778873869,-7.));
#5593=CARTESIAN_POINT('',(137.124202085755,-39.8176778873869,-5.));
#5594=CARTESIAN_POINT('',(138.38107216178,-41.9787603966848,-7.));
#5595=CARTESIAN_POINT('Origin',(134.624214695016,-39.825618047832,-5.));
#5596=CARTESIAN_POINT('',(134.624214695016,-39.825618047832,-5.));
#5597=CARTESIAN_POINT('',(135.261894614507,-39.8235927252675,-5.));
#5598=CARTESIAN_POINT('',(134.624214695016,-39.825618047832,-7.));
#5599=CARTESIAN_POINT('',(134.624214695016,-39.825618047832,-5.));
#5600=CARTESIAN_POINT('',(137.124202085755,-39.8176778873869,-7.));
#5601=CARTESIAN_POINT('Origin',(133.381097380302,-41.9946407175749,-5.));
#5602=CARTESIAN_POINT('',(135.414671545673,-38.4464088547532,-5.));
#5603=CARTESIAN_POINT('',(134.624214695016,-39.825618047832,-7.));
#5604=CARTESIAN_POINT('Origin',(135.881084771041,-41.9867005571299,-7.));
#5605=CARTESIAN_POINT('Origin',(214.647850295477,-44.1638228069467,-4.99999978542328));
#5606=CARTESIAN_POINT('',(214.647850295477,-44.1638228069467,-4.99999978542328));
#5607=CARTESIAN_POINT('',(213.399996401763,-41.9975216598433,-4.99999978542328));
#5608=CARTESIAN_POINT('',(202.637774207735,-23.3140728989452,-5.));
#5609=CARTESIAN_POINT('',(214.647850295477,-44.1638228069467,-6.99999978542328));
#5610=CARTESIAN_POINT('',(214.647850295477,-44.1638228069467,-4.99999978542328));
#5611=CARTESIAN_POINT('',(213.399996401763,-41.9975216598433,-6.99999978542328));
#5612=CARTESIAN_POINT('',(213.399996401763,-41.9975216598433,-6.99999978542328));
#5613=CARTESIAN_POINT('',(213.399996401763,-41.9975216598433,-4.99999978542328));
#5614=CARTESIAN_POINT('Origin',(217.147849067974,-44.1663002083302,-4.99999978542328));
#5615=CARTESIAN_POINT('',(217.147849067974,-44.1663002083302,-4.99999978542328));
#5616=CARTESIAN_POINT('',(176.509469623146,-44.126029157573,-5.));
#5617=CARTESIAN_POINT('',(217.147849067974,-44.1663002083302,-6.99999978542328));
#5618=CARTESIAN_POINT('',(217.147849067974,-44.1663002083302,-4.99999978542328));
#5619=CARTESIAN_POINT('',(214.647850295477,-44.1638228069467,-6.99999978542328));
#5620=CARTESIAN_POINT('Origin',(218.399993946755,-42.0024764626103,-4.99999978542328));
#5621=CARTESIAN_POINT('',(218.399993946755,-42.0024764626103,-4.99999978542328));
#5622=CARTESIAN_POINT('',(209.784267290664,-56.8912598941437,-5.));
#5623=CARTESIAN_POINT('',(218.399993946755,-42.0024764626103,-6.99999978542328));
#5624=CARTESIAN_POINT('',(218.399993946755,-42.0024764626103,-4.99999978542328));
#5625=CARTESIAN_POINT('',(217.147849067974,-44.1663002083302,-6.99999978542328));
#5626=CARTESIAN_POINT('Origin',(217.152140053041,-39.836175315507,-4.99999978542328));
#5627=CARTESIAN_POINT('',(217.152140053041,-39.836175315507,-4.99999978542328));
#5628=CARTESIAN_POINT('',(205.765990912155,-20.0695759810571,-5.));
#5629=CARTESIAN_POINT('',(217.152140053041,-39.836175315507,-6.99999978542328));
#5630=CARTESIAN_POINT('',(217.152140053041,-39.836175315507,-4.99999978542328));
#5631=CARTESIAN_POINT('',(218.399993946755,-42.0024764626103,-6.99999978542328));
#5632=CARTESIAN_POINT('Origin',(214.652141280544,-39.8336979141235,-4.99999978542328));
#5633=CARTESIAN_POINT('',(214.652141280544,-39.8336979141235,-4.99999978542328));
#5634=CARTESIAN_POINT('',(175.263761221965,-39.7946655640582,-5.));
#5635=CARTESIAN_POINT('',(214.652141280544,-39.8336979141235,-6.99999978542328));
#5636=CARTESIAN_POINT('',(214.652141280544,-39.8336979141235,-4.99999978542328));
#5637=CARTESIAN_POINT('',(217.152140053041,-39.836175315507,-6.99999978542328));
#5638=CARTESIAN_POINT('Origin',(213.399996401763,-41.9975216598433,-4.99999978542328));
#5639=CARTESIAN_POINT('',(205.410342185062,-55.8043932185168,-5.));
#5640=CARTESIAN_POINT('',(214.652141280544,-39.8336979141235,-6.99999978542328));
#5641=CARTESIAN_POINT('Origin',(215.899995174259,-41.9999990612268,-6.99999978542328));
#5642=CARTESIAN_POINT('Origin',(134.63108658712,-165.151764018198,-4.99999978542328));
#5643=CARTESIAN_POINT('',(134.63108658712,-165.151764018198,-4.99999978542328));
#5644=CARTESIAN_POINT('',(133.38108661506,-162.98670055713,-4.99999978542328));
#5645=CARTESIAN_POINT('',(144.195806132961,-181.718344231742,-4.99999978542328));
#5646=CARTESIAN_POINT('',(134.63108658712,-165.151764018198,-6.99999978542328));
#5647=CARTESIAN_POINT('',(134.63108658712,-165.151764018198,-4.99999978542328));
#5648=CARTESIAN_POINT('',(133.38108661506,-162.98670055713,-6.99999978542328));
#5649=CARTESIAN_POINT('',(133.38108661506,-162.98670055713,-6.99999978542328));
#5650=CARTESIAN_POINT('',(133.38108661506,-162.98670055713,-4.99999978542328));
#5651=CARTESIAN_POINT('Origin',(137.131086531241,-165.151764018198,-4.99999978542328));
#5652=CARTESIAN_POINT('',(137.131086531241,-165.151764018198,-4.99999978542328));
#5653=CARTESIAN_POINT('',(171.847759536778,-165.151764018198,-4.99999978542328));
#5654=CARTESIAN_POINT('',(137.131086531241,-165.151764018198,-6.99999978542328));
#5655=CARTESIAN_POINT('',(137.131086531241,-165.151764018198,-4.99999978542328));
#5656=CARTESIAN_POINT('',(134.63108658712,-165.151764018198,-6.99999978542328));
#5657=CARTESIAN_POINT('Origin',(138.381086503301,-162.98670055713,-4.99999978542328));
#5658=CARTESIAN_POINT('',(138.381086503301,-162.98670055713,-4.99999978542328));
#5659=CARTESIAN_POINT('',(145.862203467214,-150.029025878268,-4.99999978542328));
#5660=CARTESIAN_POINT('',(138.381086503301,-162.98670055713,-6.99999978542328));
#5661=CARTESIAN_POINT('',(138.381086503301,-162.98670055713,-4.99999978542328));
#5662=CARTESIAN_POINT('',(137.131086531241,-165.151764018198,-6.99999978542328));
#5663=CARTESIAN_POINT('Origin',(137.131086531241,-160.821637096062,-4.99999978542328));
#5664=CARTESIAN_POINT('',(137.131086531241,-160.821637096062,-4.99999978542328));
#5665=CARTESIAN_POINT('',(147.320806063112,-178.47074904014,-4.99999978542328));
#5666=CARTESIAN_POINT('',(137.131086531241,-160.821637096062,-6.99999978542328));
#5667=CARTESIAN_POINT('',(137.131086531241,-160.821637096062,-4.99999978542328));
#5668=CARTESIAN_POINT('',(138.381086503301,-162.98670055713,-6.99999978542328));
#5669=CARTESIAN_POINT('Origin',(134.63108658712,-160.821637096062,-4.99999978542328));
#5670=CARTESIAN_POINT('',(134.63108658712,-160.821637096062,-4.99999978542328));
#5671=CARTESIAN_POINT('',(170.597759564718,-160.821637096062,-4.99999978542328));
#5672=CARTESIAN_POINT('',(134.63108658712,-160.821637096062,-6.99999978542328));
#5673=CARTESIAN_POINT('',(134.63108658712,-160.821637096062,-4.99999978542328));
#5674=CARTESIAN_POINT('',(137.131086531241,-160.821637096062,-6.99999978542328));
#5675=CARTESIAN_POINT('Origin',(133.38108661506,-162.98670055713,-4.99999978542328));
#5676=CARTESIAN_POINT('',(141.487203565003,-148.946494147734,-4.99999978542328));
#5677=CARTESIAN_POINT('',(134.63108658712,-160.821637096062,-6.99999978542328));
#5678=CARTESIAN_POINT('Origin',(135.88108655918,-162.98670055713,-6.99999978542328));
#5679=CARTESIAN_POINT('Origin',(214.631084798981,-165.151764018198,-4.99999978542328));
#5680=CARTESIAN_POINT('',(214.631084798981,-165.151764018198,-4.99999978542328));
#5681=CARTESIAN_POINT('',(213.38108482692,-162.98670055713,-4.99999978542328));
#5682=CARTESIAN_POINT('',(214.195804568339,-164.397836543196,-4.99999978542328));
#5683=CARTESIAN_POINT('',(214.631084798981,-165.151764018198,-6.99999978542328));
#5684=CARTESIAN_POINT('',(214.631084798981,-165.151764018198,-4.99999978542328));
#5685=CARTESIAN_POINT('',(213.38108482692,-162.98670055713,-6.99999978542328));
#5686=CARTESIAN_POINT('',(213.38108482692,-162.98670055713,-6.99999978542328));
#5687=CARTESIAN_POINT('',(213.38108482692,-162.98670055713,-4.99999978542328));
#5688=CARTESIAN_POINT('Origin',(217.131084743101,-165.151764018198,-4.99999978542328));
#5689=CARTESIAN_POINT('',(217.131084743101,-165.151764018198,-4.99999978542328));
#5690=CARTESIAN_POINT('',(211.847758642708,-165.151764018198,-4.99999978542328));
#5691=CARTESIAN_POINT('',(217.131084743101,-165.151764018198,-6.99999978542328));
#5692=CARTESIAN_POINT('',(217.131084743101,-165.151764018198,-4.99999978542328));
#5693=CARTESIAN_POINT('',(214.631084798981,-165.151764018198,-6.99999978542328));
#5694=CARTESIAN_POINT('Origin',(218.381084715162,-162.98670055713,-4.99999978542328));
#5695=CARTESIAN_POINT('',(218.381084715162,-162.98670055713,-4.99999978542328));
#5696=CARTESIAN_POINT('',(215.862201902592,-167.349533566813,-4.99999978542328));
#5697=CARTESIAN_POINT('',(218.381084715162,-162.98670055713,-6.99999978542328));
#5698=CARTESIAN_POINT('',(218.381084715162,-162.98670055713,-4.99999978542328));
#5699=CARTESIAN_POINT('',(217.131084743101,-165.151764018198,-6.99999978542328));
#5700=CARTESIAN_POINT('Origin',(217.131084743101,-160.821637096062,-4.99999978542328));
#5701=CARTESIAN_POINT('',(217.131084743101,-160.821637096062,-4.99999978542328));
#5702=CARTESIAN_POINT('',(217.32080449849,-161.150241351594,-4.99999978542328));
#5703=CARTESIAN_POINT('',(217.131084743101,-160.821637096062,-6.99999978542328));
#5704=CARTESIAN_POINT('',(217.131084743101,-160.821637096062,-4.99999978542328));
#5705=CARTESIAN_POINT('',(218.381084715162,-162.98670055713,-6.99999978542328));
#5706=CARTESIAN_POINT('Origin',(214.631084798981,-160.821637096062,-4.99999978542328));
#5707=CARTESIAN_POINT('',(214.631084798981,-160.821637096062,-4.99999978542328));
#5708=CARTESIAN_POINT('',(210.597758670648,-160.821637096062,-4.99999978542328));
#5709=CARTESIAN_POINT('',(214.631084798981,-160.821637096062,-6.99999978542328));
#5710=CARTESIAN_POINT('',(214.631084798981,-160.821637096062,-4.99999978542328));
#5711=CARTESIAN_POINT('',(217.131084743101,-160.821637096062,-6.99999978542328));
#5712=CARTESIAN_POINT('Origin',(213.38108482692,-162.98670055713,-4.99999978542328));
#5713=CARTESIAN_POINT('',(211.487202000381,-166.267001836279,-4.99999978542328));
#5714=CARTESIAN_POINT('',(214.631084798981,-160.821637096062,-6.99999978542328));
#5715=CARTESIAN_POINT('Origin',(215.881084771041,-162.98670055713,-6.99999978542328));
#5716=CARTESIAN_POINT('Origin',(206.564432542315,-158.174574603372,-2.4));
#5717=CARTESIAN_POINT('',(206.564432542315,-158.174574603372,4.6));
#5718=CARTESIAN_POINT('',(220.689686109562,-158.174574603372,4.6));
#5719=CARTESIAN_POINT('',(206.564432542315,-158.174574603372,4.6));
#5720=CARTESIAN_POINT('',(206.564432542315,-158.174574603372,7.6));
#5721=CARTESIAN_POINT('',(206.564432542315,-158.174574603373,12.3));
#5722=CARTESIAN_POINT('',(220.689686109562,-158.174574603372,7.6));
#5723=CARTESIAN_POINT('',(206.564432542315,-158.174574603372,7.6));
#5724=CARTESIAN_POINT('',(220.689686109562,-158.174574603372,-9.7));
#5725=CARTESIAN_POINT('Origin',(206.564432542315,-158.174574603372,7.6));
#5726=CARTESIAN_POINT('',(220.881084771041,-151.990474115168,7.6));
#5727=CARTESIAN_POINT('Origin',(120.881084771037,-151.990474115167,7.6));
#5728=CARTESIAN_POINT('',(206.564084771041,-148.722751364699,7.59999999999994));
#5729=CARTESIAN_POINT('',(206.564432542315,-158.174574603373,7.6));
#5730=CARTESIAN_POINT('',(206.564084771041,-145.258649749561,7.59999999999994));
#5731=CARTESIAN_POINT('',(206.564084771041,-152.582637580251,7.6));
#5732=CARTESIAN_POINT('',(206.564432542315,-141.999646537142,7.6));
#5733=CARTESIAN_POINT('',(206.564432542315,-158.174574603373,7.6));
#5734=CARTESIAN_POINT('',(220.881084771041,-141.999646537142,7.6));
#5735=CARTESIAN_POINT('',(206.564432542315,-141.999646537142,7.6));
#5736=CARTESIAN_POINT('',(220.881084771041,-155.08252435927,7.6));
#5737=CARTESIAN_POINT('Origin',(220.881084771041,-151.990474115168,-9.7));
#5738=CARTESIAN_POINT('',(220.881084771041,-141.999646537142,-2.4));
#5739=CARTESIAN_POINT('',(220.881084771041,-141.999646537142,-6.05));
#5740=CARTESIAN_POINT('',(220.881084771041,-151.990474115168,-2.4));
#5741=CARTESIAN_POINT('',(220.881084771041,-155.08252435927,-2.4));
#5742=CARTESIAN_POINT('',(220.881084771041,-151.990474115168,-9.7));
#5743=CARTESIAN_POINT('',(220.881084771041,-151.990474115168,-9.7));
#5744=CARTESIAN_POINT('',(220.881084771041,-54.9867005571299,-9.7));
#5745=CARTESIAN_POINT('',(220.881084771041,-54.9867005571299,-9.7));
#5746=CARTESIAN_POINT('',(220.881084771041,-54.9867005571299,20.3));
#5747=CARTESIAN_POINT('',(220.881084771041,-54.9867005571299,-9.7));
#5748=CARTESIAN_POINT('',(220.881084771041,-151.990474115168,20.3));
#5749=CARTESIAN_POINT('',(220.881084771041,-54.9867005571299,20.3));
#5750=CARTESIAN_POINT('',(220.881084771041,-151.990474115168,-9.7));
#5751=CARTESIAN_POINT('',(220.881084771041,-59.9867005571299,3.6));
#5752=CARTESIAN_POINT('Origin',(220.881084771041,-59.9867005571299,6.6));
#5753=CARTESIAN_POINT('',(220.881084771041,-131.98670055713,3.6));
#5754=CARTESIAN_POINT('Origin',(220.881084771041,-131.98670055713,6.6));
#5755=CARTESIAN_POINT('Origin',(206.564432542315,-141.999646537142,-9.7));
#5756=CARTESIAN_POINT('',(206.564432542315,-141.999646537142,20.3));
#5757=CARTESIAN_POINT('',(206.564432542315,-141.999646537142,12.3));
#5758=CARTESIAN_POINT('',(205.452249066686,-141.999646541945,20.3));
#5759=CARTESIAN_POINT('',(191.222758656678,-141.999646537142,20.3));
#5760=CARTESIAN_POINT('',(205.452249066686,-141.999646541945,10.3));
#5761=CARTESIAN_POINT('',(205.452249066928,-141.999646537142,10.3));
#5762=CARTESIAN_POINT('',(201.824335996521,-141.999646537142,10.3));
#5763=CARTESIAN_POINT('',(206.564432542315,-141.999646537142,10.3));
#5764=CARTESIAN_POINT('',(201.824335996521,-141.999646537142,-9.7));
#5765=CARTESIAN_POINT('',(201.824335996521,-141.999646537142,12.3));
#5766=CARTESIAN_POINT('',(206.564432542315,-141.999646537142,-9.7));
#5767=CARTESIAN_POINT('',(191.222758656678,-141.999646537142,-9.7));
#5768=CARTESIAN_POINT('',(206.564432542315,-141.999646537142,-2.4));
#5769=CARTESIAN_POINT('',(206.564432542315,-141.999646537142,12.3));
#5770=CARTESIAN_POINT('',(206.564432542315,-141.999646537142,-2.4));
#5771=CARTESIAN_POINT('Origin',(206.564432542315,-158.174574603372,-2.4));
#5772=CARTESIAN_POINT('',(220.689686109562,-158.174574603372,-2.4));
#5773=CARTESIAN_POINT('Origin',(120.881084771037,-151.990474115167,-2.4));
#5774=CARTESIAN_POINT('',(206.564432542315,-158.174574603372,-2.4));
#5775=CARTESIAN_POINT('',(206.564432542315,-158.174574603373,-2.4));
#5776=CARTESIAN_POINT('',(206.564432542315,-158.174574603372,-2.4));
#5777=CARTESIAN_POINT('Origin',(120.881084771037,-151.990474115167,-9.7));
#5778=CARTESIAN_POINT('',(207.483625149485,-201.990474115169,20.3));
#5779=CARTESIAN_POINT('Origin',(120.881084771037,-151.990474115167,20.3));
#5780=CARTESIAN_POINT('',(207.483625149485,-201.990474115169,-9.7));
#5781=CARTESIAN_POINT('',(207.483625149485,-201.990474115169,-9.7));
#5782=CARTESIAN_POINT('Origin',(120.881084771037,-151.990474115167,-9.7));
#5783=CARTESIAN_POINT('',(220.689686109562,-158.174574603372,-4.99999978542328));
#5784=CARTESIAN_POINT('',(220.689686109562,-158.174574603372,-9.7));
#5785=CARTESIAN_POINT('',(219.623699476926,-167.798574603372,-4.99999978542328));
#5786=CARTESIAN_POINT('Origin',(120.881084771037,-151.990474115167,-4.99999978542328));
#5787=CARTESIAN_POINT('',(219.623699476926,-167.798574603372,4.6));
#5788=CARTESIAN_POINT('',(219.623699476926,-167.798574603372,-9.7));
#5789=CARTESIAN_POINT('Origin',(120.881084771037,-151.990474115167,4.6));
#5790=CARTESIAN_POINT('',(216.799264589478,-180.26949072321,6.59999999999998));
#5791=CARTESIAN_POINT('Ctrl Pts',(216.799264589478,-180.26949072321,6.59999999999998));
#5792=CARTESIAN_POINT('Ctrl Pts',(216.799264589478,-180.26949072321,6.41708795050744));
#5793=CARTESIAN_POINT('Ctrl Pts',(216.804401643934,-180.252082714361,6.23455872110193));
#5794=CARTESIAN_POINT('Ctrl Pts',(216.814343734868,-180.218294161696,6.05530363450448));
#5795=CARTESIAN_POINT('Ctrl Pts',(216.824975412343,-180.182162024438,5.8636153589682));
#5796=CARTESIAN_POINT('Ctrl Pts',(216.841101547731,-180.127298087486,5.6756711732199));
#5797=CARTESIAN_POINT('Ctrl Pts',(216.862258195419,-180.054941829332,5.4950066662491));
#5798=CARTESIAN_POINT('Ctrl Pts',(216.870678948025,-180.026142647232,5.42309871843743));
#5799=CARTESIAN_POINT('Ctrl Pts',(216.879896045071,-179.994572166182,5.35234401555238));
#5800=CARTESIAN_POINT('Ctrl Pts',(216.8898780933,-179.960307950995,5.28296549197908));
#5801=CARTESIAN_POINT('Ctrl Pts',(216.942515904047,-179.779624264328,4.91711536681491));
#5802=CARTESIAN_POINT('Ctrl Pts',(217.016429878442,-179.524039577359,4.58953371881922));
#5803=CARTESIAN_POINT('Ctrl Pts',(217.103301761931,-179.217022874754,4.32720528490931));
#5804=CARTESIAN_POINT('Ctrl Pts',(217.112999635188,-179.182749310625,4.29792045992677));
#5805=CARTESIAN_POINT('Ctrl Pts',(217.122859081687,-179.147834804171,4.2694488785861));
#5806=CARTESIAN_POINT('Ctrl Pts',(217.132868671507,-179.112312105575,4.24182804630814));
#5807=CARTESIAN_POINT('Ctrl Pts',(217.176063657028,-178.959018865885,4.12263420602695));
#5808=CARTESIAN_POINT('Ctrl Pts',(217.222051142008,-178.794397664256,4.01928364160198));
#5809=CARTESIAN_POINT('Ctrl Pts',(217.269778877355,-178.621652243057,3.93244459456748));
#5810=CARTESIAN_POINT('Ctrl Pts',(217.313812911242,-178.462275778291,3.85232611603428));
#5811=CARTESIAN_POINT('Ctrl Pts',(217.359328016076,-178.2959839375,3.78626209476213));
#5812=CARTESIAN_POINT('Ctrl Pts',(217.405540621939,-178.125305713785,3.73477739798614));
#5813=CARTESIAN_POINT('Ctrl Pts',(217.450871980249,-177.957882224664,3.68427448447449));
#5814=CARTESIAN_POINT('Ctrl Pts',(217.496874209697,-177.786238016674,3.64780015862419));
#5815=CARTESIAN_POINT('Ctrl Pts',(217.542854721457,-177.612773583655,3.62584982988319));
#5816=CARTESIAN_POINT('Ctrl Pts',(217.588515140763,-177.44051671997,3.60405230793612));
#5817=CARTESIAN_POINT('Ctrl Pts',(217.634154026912,-177.26646489237,3.59657740063824));
#5818=CARTESIAN_POINT('Ctrl Pts',(217.679143016858,-177.09298235318,3.60391106268109));
#5819=CARTESIAN_POINT('Ctrl Pts',(217.723631817568,-176.921428599205,3.61116318880123));
#5820=CARTESIAN_POINT('Ctrl Pts',(217.767485237466,-176.75043162974,3.63289587671968));
#5821=CARTESIAN_POINT('Ctrl Pts',(217.810144392983,-176.582289843291,3.66957776758926));
#5822=CARTESIAN_POINT('Ctrl Pts',(217.854504930766,-176.407442029729,3.7077226484739));
#5823=CARTESIAN_POINT('Ctrl Pts',(217.897574659802,-176.235678910025,3.76203286268307));
#5824=CARTESIAN_POINT('Ctrl Pts',(217.938767546804,-176.069639677941,3.83123518525913));
#5825=CARTESIAN_POINT('Ctrl Pts',(217.982724691675,-175.892458346158,3.9050813451251));
#5826=CARTESIAN_POINT('Ctrl Pts',(218.024544826754,-175.721794951447,3.99588537792741));
#5827=CARTESIAN_POINT('Ctrl Pts',(218.063575174869,-175.560869930891,4.1021000457847));
#5828=CARTESIAN_POINT('Ctrl Pts',(218.079294346247,-175.496058621249,4.14487718325674));
#5829=CARTESIAN_POINT('Ctrl Pts',(218.094561631398,-175.432827026525,4.19015394321773));
#5830=CARTESIAN_POINT('Ctrl Pts',(218.109336628622,-175.371386003262,4.23782923966842));
#5831=CARTESIAN_POINT('Ctrl Pts',(218.162275750651,-175.15124154036,4.40865081739476));
#5832=CARTESIAN_POINT('Ctrl Pts',(218.208889926179,-174.954084986841,4.61026491453572));
#5833=CARTESIAN_POINT('Ctrl Pts',(218.247766692055,-174.788045294835,4.83530630701708));
#5834=CARTESIAN_POINT('Ctrl Pts',(218.271927993953,-174.684854223379,4.97516601243743));
#5835=CARTESIAN_POINT('Ctrl Pts',(218.293102844115,-174.593682157457,5.12407433551283));
#5836=CARTESIAN_POINT('Ctrl Pts',(218.310952300608,-174.516479379553,5.28026328208554));
#5837=CARTESIAN_POINT('Ctrl Pts',(218.330525046843,-174.431822999047,5.45153161271703));
#5838=CARTESIAN_POINT('Ctrl Pts',(218.346102084057,-174.363964308118,5.63155427421275));
#5839=CARTESIAN_POINT('Ctrl Pts',(218.357622320109,-174.313659986478,5.81660087909076));
#5840=CARTESIAN_POINT('Ctrl Pts',(218.368827192073,-174.264732735278,5.99658187128998));
#5841=CARTESIAN_POINT('Ctrl Pts',(218.376194594261,-174.232411939193,6.18131551901901));
#5842=CARTESIAN_POINT('Ctrl Pts',(218.379620781314,-174.217382938788,6.36736956715675));
#5843=CARTESIAN_POINT('Ctrl Pts',(218.382929408895,-174.202869614065,6.54703972112245));
#5844=CARTESIAN_POINT('Ctrl Pts',(218.382562785348,-174.204481836352,6.72794123361978));
#5845=CARTESIAN_POINT('Ctrl Pts',(218.378379727169,-174.222826132841,6.90698314745855));
#5846=CARTESIAN_POINT('Ctrl Pts',(218.37721924959,-174.227915267125,6.9566535364354));
#5847=CARTESIAN_POINT('Ctrl Pts',(218.375764747055,-174.234292096487,7.00618080268686));
#5848=CARTESIAN_POINT('Ctrl Pts',(218.374012499302,-174.241969412609,7.05549894393735));
#5849=CARTESIAN_POINT('Ctrl Pts',(218.368679090625,-174.26533726361,7.20561116519998));
#5850=CARTESIAN_POINT('Ctrl Pts',(218.360588447695,-174.300753709848,7.35378598517961));
#5851=CARTESIAN_POINT('Ctrl Pts',(218.350072414857,-174.346601858802,7.49888251472368));
#5852=CARTESIAN_POINT('Ctrl Pts',(218.339556382018,-174.392450007755,7.64397904426775));
#5853=CARTESIAN_POINT('Ctrl Pts',(218.326615631664,-174.448730028867,7.78599727209322));
#5854=CARTESIAN_POINT('Ctrl Pts',(218.311101899053,-174.515832323978,7.92199046152342));
#5855=CARTESIAN_POINT('Ctrl Pts',(218.278460275893,-174.657018709298,8.208126529032));
#5856=CARTESIAN_POINT('Ctrl Pts',(218.234423836937,-174.846112238875,8.467587115897));
#5857=CARTESIAN_POINT('Ctrl Pts',(218.181381023294,-175.069736434916,8.69217730832814));
#5858=CARTESIAN_POINT('Ctrl Pts',(218.14606567615,-175.218623071401,8.84170709504365));
#5859=CARTESIAN_POINT('Ctrl Pts',(218.106755218595,-175.382815571759,8.97578006387715));
#5860=CARTESIAN_POINT('Ctrl Pts',(218.064180869771,-175.558372465784,9.09197694254376));
#5861=CARTESIAN_POINT('Ctrl Pts',(218.026206372057,-175.71496170449,9.19561958711941));
#5862=CARTESIAN_POINT('Ctrl Pts',(217.985634689955,-175.880592250988,9.28504018371219));
#5863=CARTESIAN_POINT('Ctrl Pts',(217.943024222373,-176.052475485502,9.35852076250599));
#5864=CARTESIAN_POINT('Ctrl Pts',(217.900546759176,-176.2238222034,9.43177197889796));
#5865=CARTESIAN_POINT('Ctrl Pts',(217.856042483092,-176.401382636569,9.48918168443251));
#5866=CARTESIAN_POINT('Ctrl Pts',(217.810115386708,-176.582404171734,9.52905031942828));
#5867=CARTESIAN_POINT('Ctrl Pts',(217.767131275585,-176.751825937876,9.56636419232491));
#5868=CARTESIAN_POINT('Ctrl Pts',(217.72289962598,-176.924283924826,9.58831299167101));
#5869=CARTESIAN_POINT('Ctrl Pts',(217.678003866607,-177.097374632884,9.59542968823843));
#5870=CARTESIAN_POINT('Ctrl Pts',(217.631460921136,-177.276815887452,9.60280749017106));
#5871=CARTESIAN_POINT('Ctrl Pts',(217.584203838557,-177.45693695213,9.59424512116726));
#5872=CARTESIAN_POINT('Ctrl Pts',(217.536940615495,-177.635074540524,9.57033759120926));
#5873=CARTESIAN_POINT('Ctrl Pts',(217.489174662529,-177.81510694452,9.54617576140824));
#5874=CARTESIAN_POINT('Ctrl Pts',(217.441402571433,-177.993113381505,9.50634072186506));
#5875=CARTESIAN_POINT('Ctrl Pts',(217.394415193692,-178.166360933537,9.45144626038673));
#5876=CARTESIAN_POINT('Ctrl Pts',(217.347427815952,-178.339608485569,9.3965517989084));
#5877=CARTESIAN_POINT('Ctrl Pts',(217.301225690745,-178.508097250176,9.3265979154949));
#5878=CARTESIAN_POINT('Ctrl Pts',(217.256654235899,-178.669109955937,9.24219839795324));
#5879=CARTESIAN_POINT('Ctrl Pts',(217.213490105836,-178.825038753798,9.16046375938444));
#5880=CARTESIAN_POINT('Ctrl Pts',(217.171856280531,-178.973956336397,9.06518099433911));
#5881=CARTESIAN_POINT('Ctrl Pts',(217.132560143085,-179.113407007922,8.9569077023655));
#5882=CARTESIAN_POINT('Ctrl Pts',(217.06680476847,-179.346753889887,8.77573084028348));
#5883=CARTESIAN_POINT('Ctrl Pts',(217.007596240861,-179.553594363592,8.55818006195454));
#5884=CARTESIAN_POINT('Ctrl Pts',(216.958134573422,-179.724938257655,8.31437980334611));
#5885=CARTESIAN_POINT('Ctrl Pts',(216.932627338195,-179.813299795723,8.18865273294169));
#5886=CARTESIAN_POINT('Ctrl Pts',(216.90971346797,-179.892221799396,8.05594465938841));
#5887=CARTESIAN_POINT('Ctrl Pts',(216.889830661944,-179.960470762577,7.91764354655495));
#5888=CARTESIAN_POINT('Ctrl Pts',(216.86449656345,-180.047431624792,7.74142425388063));
#5889=CARTESIAN_POINT('Ctrl Pts',(216.844086501406,-180.117065151158,7.55612508620521));
#5890=CARTESIAN_POINT('Ctrl Pts',(216.829111480137,-180.168056882868,7.365554723395));
#5891=CARTESIAN_POINT('Ctrl Pts',(216.815195766995,-180.215441544187,7.18846499146128));
#5892=CARTESIAN_POINT('Ctrl Pts',(216.805973609048,-180.246728611732,7.00682343896711));
#5893=CARTESIAN_POINT('Ctrl Pts',(216.801811439064,-180.26085075713,6.82368631346988));
#5894=CARTESIAN_POINT('Ctrl Pts',(216.80012091694,-180.266586659155,6.74930267137176));
#5895=CARTESIAN_POINT('Ctrl Pts',(216.799264589478,-180.26949072321,6.67467230623289));
#5896=CARTESIAN_POINT('Ctrl Pts',(216.799264589478,-180.26949072321,6.59999999999998));
#5897=CARTESIAN_POINT('Ctrl Pts',(212.636480363194,-46.5052383788023,10.3));
#5898=CARTESIAN_POINT('Ctrl Pts',(212.636480363194,-46.5052383788023,40.15984));
#5899=CARTESIAN_POINT('Ctrl Pts',(212.265199057357,-43.5658280127408,10.3));
#5900=CARTESIAN_POINT('Ctrl Pts',(212.265199057357,-43.5658280127408,40.15984));
#5901=CARTESIAN_POINT('Ctrl Pts',(211.522563681358,-37.6864167193137,10.3));
#5902=CARTESIAN_POINT('Ctrl Pts',(211.522563681358,-37.6864167193137,40.15984));
#5903=CARTESIAN_POINT('Ctrl Pts',(209.383766774557,-29.047264995461,10.3));
#5904=CARTESIAN_POINT('Ctrl Pts',(209.383766774557,-29.047264995461,40.15984));
#5905=CARTESIAN_POINT('Ctrl Pts',(206.139648643234,-20.7492131001685,10.3));
#5906=CARTESIAN_POINT('Ctrl Pts',(206.139648643234,-20.7492131001685,40.15984));
#5907=CARTESIAN_POINT('Ctrl Pts',(201.639363859552,-13.7494088400616,10.3));
#5908=CARTESIAN_POINT('Ctrl Pts',(201.639363859552,-13.7494088400616,40.15984));
#5909=CARTESIAN_POINT('Ctrl Pts',(196.045525494006,-8.48207370625537,10.3));
#5910=CARTESIAN_POINT('Ctrl Pts',(196.045525494006,-8.48207370625537,40.15984));
#5911=CARTESIAN_POINT('Ctrl Pts',(189.873677560963,-5.08382423456803,10.3));
#5912=CARTESIAN_POINT('Ctrl Pts',(189.873677560963,-5.08382423456803,40.15984));
#5913=CARTESIAN_POINT('Ctrl Pts',(183.089670921036,-3.17222713072881,10.3));
#5914=CARTESIAN_POINT('Ctrl Pts',(183.089670921036,-3.17222713072881,40.15984));
#5915=CARTESIAN_POINT('Ctrl Pts',(178.428530515161,-2.97800981016658,10.3));
#5916=CARTESIAN_POINT('Ctrl Pts',(178.428530515161,-2.97800981016658,40.15984));
#5917=CARTESIAN_POINT('Ctrl Pts',(176.101546724723,-2.88105058615322,10.3));
#5918=CARTESIAN_POINT('Ctrl Pts',(176.101546724723,-2.88105058615322,40.15984));
#5919=CARTESIAN_POINT('',(176.101546724723,-2.88105058615322,13.));
#5920=CARTESIAN_POINT('',(188.960997494747,-5.012923035484,13.));
#5921=CARTESIAN_POINT('Ctrl Pts',(188.96099749474,-5.01292303548133,13.));
#5922=CARTESIAN_POINT('Ctrl Pts',(187.047010601715,-4.29173074060972,13.));
#5923=CARTESIAN_POINT('Ctrl Pts',(182.797261106531,-3.16004319166364,13.));
#5924=CARTESIAN_POINT('Ctrl Pts',(178.428530515161,-2.97800981016658,13.));
#5925=CARTESIAN_POINT('Ctrl Pts',(176.101546724723,-2.88105058615322,13.));
#5926=CARTESIAN_POINT('',(188.960997494747,-5.01292303548403,10.3));
#5927=CARTESIAN_POINT('',(188.960997494747,-5.012923035484,13.));
#5928=CARTESIAN_POINT('',(212.636480363194,-46.5052383788023,10.3));
#5929=CARTESIAN_POINT('Ctrl Pts',(212.636480363194,-46.5052383788023,10.3));
#5930=CARTESIAN_POINT('Ctrl Pts',(212.265199057357,-43.5658280127408,10.3));
#5931=CARTESIAN_POINT('Ctrl Pts',(211.522563681358,-37.6864167193137,10.3));
#5932=CARTESIAN_POINT('Ctrl Pts',(209.383766774557,-29.047264995461,10.3));
#5933=CARTESIAN_POINT('Ctrl Pts',(206.139648643234,-20.7492131001685,10.3));
#5934=CARTESIAN_POINT('Ctrl Pts',(201.639363859552,-13.7494088400616,10.3));
#5935=CARTESIAN_POINT('Ctrl Pts',(196.045525494006,-8.48207370625537,10.3));
#5936=CARTESIAN_POINT('Ctrl Pts',(191.676323798147,-6.07637001495775,10.3));
#5937=CARTESIAN_POINT('Ctrl Pts',(189.235110108562,-5.11620895960933,10.3));
#5938=CARTESIAN_POINT('Ctrl Pts',(188.960997494747,-5.01292303548378,10.3));
#5939=CARTESIAN_POINT('',(212.636480363194,-46.5052383788023,20.3));
#5940=CARTESIAN_POINT('',(212.636480363194,-46.5052383788023,10.3));
#5941=CARTESIAN_POINT('',(176.101546724723,-2.88105058615322,20.3));
#5942=CARTESIAN_POINT('Ctrl Pts',(212.636480363194,-46.5052383788023,20.3));
#5943=CARTESIAN_POINT('Ctrl Pts',(212.265199057357,-43.5658280127408,20.3));
#5944=CARTESIAN_POINT('Ctrl Pts',(211.522563681358,-37.6864167193137,20.3));
#5945=CARTESIAN_POINT('Ctrl Pts',(209.383766774557,-29.047264995461,20.3));
#5946=CARTESIAN_POINT('Ctrl Pts',(206.139648643234,-20.7492131001685,20.3));
#5947=CARTESIAN_POINT('Ctrl Pts',(201.639363859552,-13.7494088400616,20.3));
#5948=CARTESIAN_POINT('Ctrl Pts',(196.045525494006,-8.48207370625537,20.3));
#5949=CARTESIAN_POINT('Ctrl Pts',(189.873677560963,-5.08382423456803,20.3));
#5950=CARTESIAN_POINT('Ctrl Pts',(183.089670921036,-3.17222713072881,20.3));
#5951=CARTESIAN_POINT('Ctrl Pts',(178.428530515161,-2.97800981016658,20.3));
#5952=CARTESIAN_POINT('Ctrl Pts',(176.101546724723,-2.88105058615322,20.3));
#5953=CARTESIAN_POINT('',(176.101546724723,-2.88105058615322,10.3));
#5954=CARTESIAN_POINT('Origin',(175.880628765824,-44.721406633952,-9.7));
#5955=CARTESIAN_POINT('',(188.960989413077,-11.8075713390462,10.3));
#5956=CARTESIAN_POINT('',(188.960989413077,-11.8075713390462,-0.999999999999999));
#5957=CARTESIAN_POINT('',(188.960989413077,-11.8075713390462,-9.7));
#5958=CARTESIAN_POINT('',(162.96098948849,-11.7441522087278,-1.));
#5959=CARTESIAN_POINT('Origin',(175.880628765824,-44.721406633952,-0.999999999999998));
#5960=CARTESIAN_POINT('',(162.96098948849,-11.7441522087278,10.3));
#5961=CARTESIAN_POINT('',(162.96098948849,-11.7441522087278,-9.7));
#5962=CARTESIAN_POINT('',(140.46633681255,-45.2156878602356,10.3));
#5963=CARTESIAN_POINT('Origin',(175.880628765824,-44.721406633952,10.3));
#5964=CARTESIAN_POINT('',(140.46633681255,-45.2156878602356,5.));
#5965=CARTESIAN_POINT('',(140.46633681255,-45.2156878602356,12.3));
#5966=CARTESIAN_POINT('',(142.124624237862,-34.0000006258488,5.));
#5967=CARTESIAN_POINT('Origin',(175.880628765824,-44.721406633952,5.));
#5968=CARTESIAN_POINT('',(142.124624237862,-34.0000006258488,-5.));
#5969=CARTESIAN_POINT('',(142.124624237862,-34.0000006258488,-9.7));
#5970=CARTESIAN_POINT('',(140.46633681255,-45.2156878602356,-5.));
#5971=CARTESIAN_POINT('Origin',(175.880628765824,-44.721406633952,-5.));
#5972=CARTESIAN_POINT('',(140.46633681255,-45.2156878602356,-9.7));
#5973=CARTESIAN_POINT('',(140.46633681255,-45.2156878602356,12.3));
#5974=CARTESIAN_POINT('',(211.294813369614,-45.2172878136936,-9.7));
#5975=CARTESIAN_POINT('Origin',(175.880628765824,-44.721406633952,-9.7));
#5976=CARTESIAN_POINT('',(211.294813369575,-45.2172878136906,-5.));
#5977=CARTESIAN_POINT('',(211.294813330114,-45.2172878114345,12.3));
#5978=CARTESIAN_POINT('',(209.636633293786,-34.0000006258488,-5.));
#5979=CARTESIAN_POINT('Origin',(175.880628765824,-44.721406633952,-5.));
#5980=CARTESIAN_POINT('',(209.636633293786,-34.0000006258488,5.));
#5981=CARTESIAN_POINT('',(209.636633293786,-34.0000006258488,-9.7));
#5982=CARTESIAN_POINT('',(211.294813369575,-45.2172878136906,5.));
#5983=CARTESIAN_POINT('Origin',(175.880628765824,-44.721406633952,5.));
#5984=CARTESIAN_POINT('',(211.294813369614,-45.2172878136936,10.3));
#5985=CARTESIAN_POINT('',(211.294813330114,-45.2172878114345,12.3));
#5986=CARTESIAN_POINT('Origin',(175.880628765824,-44.721406633952,10.3));
#5987=CARTESIAN_POINT('Origin',(188.961001221044,-1.88004594204533,12.));
#5988=CARTESIAN_POINT('',(188.961011758943,6.97967143987305,-0.999999999999996));
#5989=CARTESIAN_POINT('',(188.961011758943,6.97967143987304,13.));
#5990=CARTESIAN_POINT('',(188.961011758943,6.97967143987299,-9.7));
#5991=CARTESIAN_POINT('',(188.961005977499,2.1189341185908,-0.999999999999998));
#5992=CARTESIAN_POINT('',(188.961001221044,-1.88004594204533,-0.999999999999998));
#5993=CARTESIAN_POINT('',(188.961005977499,2.1189341185908,13.));
#5994=CARTESIAN_POINT('',(188.961005977499,2.1189341185908,12.));
#5995=CARTESIAN_POINT('',(188.961001221044,-1.88004594204533,13.));
#5996=CARTESIAN_POINT('Origin',(177.117201022378,-23.2853933582805,-9.7));
#5997=CARTESIAN_POINT('',(177.117201022378,9.21460664171967,-0.999999999999999));
#5998=CARTESIAN_POINT('Origin',(177.117201022378,-23.2853933582805,-0.999999999999998));
#5999=CARTESIAN_POINT('',(177.117201022378,9.21460664171967,13.));
#6000=CARTESIAN_POINT('Origin',(177.117201022378,-23.2853933582805,13.));
#6001=CARTESIAN_POINT('',(177.117201022378,9.21460664171967,20.3));
#6002=CARTESIAN_POINT('',(177.117201022378,9.21460664171967,-9.7));
#6003=CARTESIAN_POINT('',(205.263026645373,-7.03539335828036,20.3));
#6004=CARTESIAN_POINT('Origin',(177.117201022378,-23.2853933582805,20.3));
#6005=CARTESIAN_POINT('',(205.263026645373,-7.03539335828036,-9.7));
#6006=CARTESIAN_POINT('',(205.263026645373,-7.03539335828036,-9.7));
#6007=CARTESIAN_POINT('',(177.117201022378,9.21460664171967,-9.7));
#6008=CARTESIAN_POINT('Origin',(177.117201022378,-23.2853933582805,-9.7));
#6009=CARTESIAN_POINT('',(177.117201022378,9.21460664171967,-9.7));
#6010=CARTESIAN_POINT('Origin',(188.961001221044,-1.88004594204533,12.));
#6011=CARTESIAN_POINT('',(188.961000030414,-2.88106588140566,-0.999999999999999));
#6012=CARTESIAN_POINT('',(188.961000030414,-2.88106588140566,13.));
#6013=CARTESIAN_POINT('',(188.961000030414,-2.88106588140566,6.));
#6014=CARTESIAN_POINT('',(188.961001221044,-1.88004594204533,-0.999999999999998));
#6015=CARTESIAN_POINT('',(188.960918161417,-71.7122647128694,10.3));
#6016=CARTESIAN_POINT('',(188.960997919475,-4.65583378284909,13.));
#6017=CARTESIAN_POINT('Origin',(206.013016432112,-131.9970041446,10.3));
#6018=CARTESIAN_POINT('',(162.960997387881,-5.10275493970949,10.3));
#6019=CARTESIAN_POINT('',(162.960918195838,-71.6833089094448,10.3));
#6020=CARTESIAN_POINT('',(139.514927021704,-46.4603688692911,10.3));
#6021=CARTESIAN_POINT('Ctrl Pts',(162.960997387881,-5.10275493970954,10.3));
#6022=CARTESIAN_POINT('Ctrl Pts',(162.686943934744,-5.20876926638084,10.3));
#6023=CARTESIAN_POINT('Ctrl Pts',(160.223066979146,-6.20324288503736,10.3));
#6024=CARTESIAN_POINT('Ctrl Pts',(155.812305915563,-8.69779853434421,10.3));
#6025=CARTESIAN_POINT('Ctrl Pts',(150.668248527896,-13.6873131194183,10.3));
#6026=CARTESIAN_POINT('Ctrl Pts',(146.318198884562,-20.2512248779984,10.3));
#6027=CARTESIAN_POINT('Ctrl Pts',(143.023922590141,-28.1960686678332,10.3));
#6028=CARTESIAN_POINT('Ctrl Pts',(140.703429052685,-37.2206287276368,10.3));
#6029=CARTESIAN_POINT('Ctrl Pts',(139.911465943859,-43.3775667358027,10.3));
#6030=CARTESIAN_POINT('Ctrl Pts',(139.514927021704,-46.4603688692911,10.3));
#6031=CARTESIAN_POINT('',(138.307380520005,-89.4553809791534,10.3));
#6032=CARTESIAN_POINT('Ctrl Pts',(139.514927021704,-46.4603688692911,10.3));
#6033=CARTESIAN_POINT('Ctrl Pts',(139.169909945541,-50.4618542156383,10.3));
#6034=CARTESIAN_POINT('Ctrl Pts',(138.47979918846,-58.465658880709,10.3));
#6035=CARTESIAN_POINT('Ctrl Pts',(138.173001878102,-72.8140200762813,10.3));
#6036=CARTESIAN_POINT('Ctrl Pts',(138.256405405662,-83.1426570013866,10.3));
#6037=CARTESIAN_POINT('Ctrl Pts',(138.307380520005,-89.4553809791534,10.3));
#6038=CARTESIAN_POINT('',(138.341927712308,-99.4592696157605,10.3));
#6039=CARTESIAN_POINT('Ctrl Pts',(138.307380520005,-89.4553809791534,10.3));
#6040=CARTESIAN_POINT('Ctrl Pts',(138.315138319053,-91.3227710093354,10.3));
#6041=CARTESIAN_POINT('Ctrl Pts',(138.328991533302,-94.6573917369024,10.3));
#6042=CARTESIAN_POINT('Ctrl Pts',(138.337974990525,-97.9920289971107,10.3));
#6043=CARTESIAN_POINT('Ctrl Pts',(138.341927712308,-99.4592696157605,10.3));
#6044=CARTESIAN_POINT('',(139.184054740875,-103.441903758577,10.3));
#6045=CARTESIAN_POINT('Ctrl Pts',(138.341927712308,-99.4592696157605,10.3));
#6046=CARTESIAN_POINT('Ctrl Pts',(138.414048543205,-100.220687401497,10.3));
#6047=CARTESIAN_POINT('Ctrl Pts',(138.542974772639,-101.581827165842,10.3));
#6048=CARTESIAN_POINT('Ctrl Pts',(138.987982572193,-102.87300554069,10.3));
#6049=CARTESIAN_POINT('Ctrl Pts',(139.184054740875,-103.441903758577,10.3));
#6050=CARTESIAN_POINT('',(144.24828603098,-120.693415112198,10.3));
#6051=CARTESIAN_POINT('Ctrl Pts',(139.184054740875,-103.441903758577,10.3));
#6052=CARTESIAN_POINT('Ctrl Pts',(140.34233709641,-106.598465934234,10.3));
#6053=CARTESIAN_POINT('Ctrl Pts',(142.412163834283,-112.239176661855,10.3));
#6054=CARTESIAN_POINT('Ctrl Pts',(143.686897728015,-118.108559602559,10.3));
#6055=CARTESIAN_POINT('Ctrl Pts',(144.24828603098,-120.693415112198,10.3));
#6056=CARTESIAN_POINT('',(146.642364246824,-144.806485174818,10.3));
#6057=CARTESIAN_POINT('Ctrl Pts',(144.24828603098,-120.693415112198,10.3));
#6058=CARTESIAN_POINT('Ctrl Pts',(145.045475879078,-125.161305644353,10.3));
#6059=CARTESIAN_POINT('Ctrl Pts',(146.469255052909,-133.140957671332,10.3));
#6060=CARTESIAN_POINT('Ctrl Pts',(146.589462354742,-141.241518675244,10.3));
#6061=CARTESIAN_POINT('Ctrl Pts',(146.642364246824,-144.806485174818,10.3));
#6062=CARTESIAN_POINT('',(146.494603492118,-158.316442154867,10.3));
#6063=CARTESIAN_POINT('Ctrl Pts',(146.642364246824,-144.806485174818,10.3));
#6064=CARTESIAN_POINT('Ctrl Pts',(146.635279537606,-146.337709025995,10.3));
#6065=CARTESIAN_POINT('Ctrl Pts',(146.623610630154,-148.859739816289,10.3));
#6066=CARTESIAN_POINT('Ctrl Pts',(146.565129501382,-152.372114609683,10.3));
#6067=CARTESIAN_POINT('Ctrl Pts',(146.540070671831,-155.344404806439,10.3));
#6068=CARTESIAN_POINT('Ctrl Pts',(146.509759221017,-157.325762886565,10.3));
#6069=CARTESIAN_POINT('Ctrl Pts',(146.494603492118,-158.316442154867,10.3));
#6070=CARTESIAN_POINT('',(145.769004448392,-180.296693554813,10.3));
#6071=CARTESIAN_POINT('Ctrl Pts',(146.494603492118,-158.316442154867,10.3));
#6072=CARTESIAN_POINT('Ctrl Pts',(146.391715697303,-162.420486409984,10.3));
#6073=CARTESIAN_POINT('Ctrl Pts',(146.207986090837,-169.749194941013,10.3));
#6074=CARTESIAN_POINT('Ctrl Pts',(145.903138632308,-177.073825028819,10.3));
#6075=CARTESIAN_POINT('Ctrl Pts',(145.769004448392,-180.296693554813,10.3));
#6076=CARTESIAN_POINT('',(175.972669407369,-213.043707500569,10.3));
#6077=CARTESIAN_POINT('Ctrl Pts',(145.769004448392,-180.296693554813,10.3));
#6078=CARTESIAN_POINT('Ctrl Pts',(145.807050213762,-182.625533899451,10.3));
#6079=CARTESIAN_POINT('Ctrl Pts',(145.883126127016,-187.282352881038,10.3));
#6080=CARTESIAN_POINT('Ctrl Pts',(147.716675167811,-194.09180980018,10.3));
#6081=CARTESIAN_POINT('Ctrl Pts',(151.167542922922,-200.179644630167,10.3));
#6082=CARTESIAN_POINT('Ctrl Pts',(155.843523156702,-205.549713335005,10.3));
#6083=CARTESIAN_POINT('Ctrl Pts',(161.838536705499,-209.602680437304,10.3));
#6084=CARTESIAN_POINT('Ctrl Pts',(168.683032505851,-212.37725601533,10.3));
#6085=CARTESIAN_POINT('Ctrl Pts',(173.545378859491,-212.821793650457,10.3));
#6086=CARTESIAN_POINT('Ctrl Pts',(175.972669407369,-213.043707500569,10.3));
#6087=CARTESIAN_POINT('',(206.218130135268,-180.333747761979,10.3));
#6088=CARTESIAN_POINT('Ctrl Pts',(175.972669407369,-213.043707500569,10.3));
#6089=CARTESIAN_POINT('Ctrl Pts',(178.305574462874,-212.841699202756,10.3));
#6090=CARTESIAN_POINT('Ctrl Pts',(182.959967774925,-212.438775514641,10.3));
#6091=CARTESIAN_POINT('Ctrl Pts',(189.530392353195,-209.880655262481,10.3));
#6092=CARTESIAN_POINT('Ctrl Pts',(195.454508419371,-206.128698574483,10.3));
#6093=CARTESIAN_POINT('Ctrl Pts',(200.300884775852,-200.912060640139,10.3));
#6094=CARTESIAN_POINT('Ctrl Pts',(204.020753064349,-194.722617966531,10.3));
#6095=CARTESIAN_POINT('Ctrl Pts',(206.082512782196,-187.640025482353,10.3));
#6096=CARTESIAN_POINT('Ctrl Pts',(206.172960382036,-182.767232520396,10.3));
#6097=CARTESIAN_POINT('Ctrl Pts',(206.218130135268,-180.333747761979,10.3));
#6098=CARTESIAN_POINT('',(205.550895376682,-159.727604667606,10.3));
#6099=CARTESIAN_POINT('Ctrl Pts',(206.218130135268,-180.333747761979,10.3));
#6100=CARTESIAN_POINT('Ctrl Pts',(206.053618688707,-176.231559190503,10.3));
#6101=CARTESIAN_POINT('Ctrl Pts',(205.778225432429,-169.364497891602,10.3));
#6102=CARTESIAN_POINT('Ctrl Pts',(205.614319449506,-162.493970541178,10.3));
#6103=CARTESIAN_POINT('Ctrl Pts',(205.550895376682,-159.727604667606,10.3));
#6104=CARTESIAN_POINT('',(206.869061400491,-159.727509843545,10.3));
#6105=CARTESIAN_POINT('',(206.869061400491,-159.727509843545,10.3));
#6106=CARTESIAN_POINT('',(206.869061400491,-143.390832496652,10.3));
#6107=CARTESIAN_POINT('',(206.869061400491,-143.390832496652,10.3));
#6108=CARTESIAN_POINT('',(206.564432542315,-143.390832496652,10.3));
#6109=CARTESIAN_POINT('',(205.419531335828,-143.390832496652,10.3));
#6110=CARTESIAN_POINT('',(206.564432542315,-158.174574603372,10.3));
#6111=CARTESIAN_POINT('',(206.564432542315,-158.174574603373,10.3));
#6112=CARTESIAN_POINT('',(201.874019411224,-158.174912014603,10.3));
#6113=CARTESIAN_POINT('',(201.874019411224,-158.174912014603,10.3));
#6114=CARTESIAN_POINT('',(201.874019411225,-183.221944479446,10.3));
#6115=CARTESIAN_POINT('',(201.874019411224,-183.221944479446,10.3));
#6116=CARTESIAN_POINT('',(150.042929749042,-182.6042858078,10.3));
#6117=CARTESIAN_POINT('Origin',(175.97394542042,-181.6148730127,10.3));
#6118=CARTESIAN_POINT('',(150.04292974904,-115.797491473556,10.3));
#6119=CARTESIAN_POINT('',(150.04292974904,-115.797491473556,10.3));
#6120=CARTESIAN_POINT('',(145.974213403707,-106.610760147808,10.3));
#6121=CARTESIAN_POINT('Origin',(135.076834249414,-116.931469878825,10.3));
#6122=CARTESIAN_POINT('',(140.466469674236,-94.2575489824707,10.3));
#6123=CARTESIAN_POINT('Origin',(160.808398443191,-92.5924275027712,10.3));
#6124=CARTESIAN_POINT('',(140.46633681255,-45.2156878602356,10.3));
#6125=CARTESIAN_POINT('Origin',(162.961001221063,-1.88001501720318,0.));
#6126=CARTESIAN_POINT('',(162.961011832753,7.04174228189284,13.));
#6127=CARTESIAN_POINT('',(162.961011832753,7.04174228189284,-1.));
#6128=CARTESIAN_POINT('',(162.961011832753,7.0417422818929,-9.7));
#6129=CARTESIAN_POINT('',(162.961005977518,2.11896504343295,13.));
#6130=CARTESIAN_POINT('',(162.961001221063,-1.88001501720318,13.));
#6131=CARTESIAN_POINT('',(162.961005977518,2.11896504343295,-1.));
#6132=CARTESIAN_POINT('',(162.961005977518,2.11896504343295,0.));
#6133=CARTESIAN_POINT('',(162.961001221063,-1.88001501720318,-1.));
#6134=CARTESIAN_POINT('Origin',(162.961001221063,-1.88001501720318,0.));
#6135=CARTESIAN_POINT('',(162.961000030433,-2.88103495656351,13.));
#6136=CARTESIAN_POINT('',(162.961000030433,-2.88103495656351,-1.));
#6137=CARTESIAN_POINT('',(162.961000030433,-2.88103495656351,0.));
#6138=CARTESIAN_POINT('',(162.960997387881,-5.10275493970972,13.));
#6139=CARTESIAN_POINT('',(162.961001221063,-1.88001501720318,13.));
#6140=CARTESIAN_POINT('',(162.96099738788,-5.10275493970995,10.3));
#6141=CARTESIAN_POINT('',(162.960989933912,-11.3696648812728,-1.));
#6142=CARTESIAN_POINT('Origin',(174.644968519704,-23.2853933582801,-9.7));
#6143=CARTESIAN_POINT('',(174.644968519704,9.21460664171966,13.));
#6144=CARTESIAN_POINT('Origin',(174.644968519704,-23.2853933582801,13.));
#6145=CARTESIAN_POINT('',(174.644968519704,9.21460664171966,-0.999999999999999));
#6146=CARTESIAN_POINT('Origin',(174.644968519704,-23.2853933582801,-1.));
#6147=CARTESIAN_POINT('',(174.644968519704,9.21460664171966,-9.7));
#6148=CARTESIAN_POINT('',(174.644968519704,9.21460664171966,-9.7));
#6149=CARTESIAN_POINT('',(146.49914289671,-7.03539335828038,-9.7));
#6150=CARTESIAN_POINT('Origin',(174.644968519704,-23.2853933582801,-9.7));
#6151=CARTESIAN_POINT('',(146.49914289671,-7.03539335828038,20.3));
#6152=CARTESIAN_POINT('',(146.49914289671,-7.03539335828038,-9.7));
#6153=CARTESIAN_POINT('',(174.644968519704,9.21460664171966,20.3));
#6154=CARTESIAN_POINT('Origin',(174.644968519704,-23.2853933582801,20.3));
#6155=CARTESIAN_POINT('',(174.644968519704,9.21460664171966,-9.7));
#6156=CARTESIAN_POINT('Origin',(163.961001221062,-1.88001620662019,13.));
#6157=CARTESIAN_POINT('',(182.104000030419,-2.88105772557309,13.));
#6158=CARTESIAN_POINT('',(175.961000030424,-2.88105041898425,13.));
#6159=CARTESIAN_POINT('Ctrl Pts',(176.101546724723,-2.88105058615322,13.));
#6160=CARTESIAN_POINT('Ctrl Pts',(173.716573568497,-2.98001596937847,13.));
#6161=CARTESIAN_POINT('Ctrl Pts',(169.248265635339,-3.16542086961314,13.));
#6162=CARTESIAN_POINT('Ctrl Pts',(164.907395980225,-4.34981373849822,13.));
#6163=CARTESIAN_POINT('Ctrl Pts',(162.960997387888,-5.10275493970707,13.));
#6164=CARTESIAN_POINT('',(169.818000030428,-2.88104311239604,13.));
#6165=CARTESIAN_POINT('',(163.961000030432,-2.88103614598052,13.));
#6166=CARTESIAN_POINT('',(169.818005977513,2.11895688760043,13.));
#6167=CARTESIAN_POINT('',(169.818002112514,-1.13053314271675,13.));
#6168=CARTESIAN_POINT('',(163.961005977517,2.11896385401594,13.));
#6169=CARTESIAN_POINT('',(170.53910112172,9.21460664171966,13.));
#6170=CARTESIAN_POINT('',(182.104005977504,2.11894227442338,13.));
#6171=CARTESIAN_POINT('',(187.9610059775,2.11893530800781,13.));
#6172=CARTESIAN_POINT('',(182.104002112506,-1.13054775589414,13.));
#6173=CARTESIAN_POINT('Origin',(187.961001221045,-1.88004475262832,-0.999999999999997));
#6174=CARTESIAN_POINT('',(182.104000030419,-2.88105772557309,-0.999999999999998));
#6175=CARTESIAN_POINT('',(187.961000030415,-2.88106469198865,-0.999999999999998));
#6176=CARTESIAN_POINT('',(182.104005977504,2.11894227442338,-0.999999999999998));
#6177=CARTESIAN_POINT('',(182.104002112506,-1.1305477558938,-0.999999999999998));
#6178=CARTESIAN_POINT('',(187.9610059775,2.11893530800781,-0.999999999999998));
#6179=CARTESIAN_POINT('',(182.539101121712,9.21460664171968,-0.999999999999998));
#6180=CARTESIAN_POINT('',(169.818005977513,2.11895688760043,-1.));
#6181=CARTESIAN_POINT('',(163.961005977517,2.11896385401594,-1.));
#6182=CARTESIAN_POINT('',(169.818000030428,-2.88104311239604,-1.));
#6183=CARTESIAN_POINT('',(169.818002112514,-1.13053314271652,-1.));
#6184=CARTESIAN_POINT('',(175.961000030423,-2.88105041898482,-0.999999999999999));
#6185=CARTESIAN_POINT('Origin',(206.564432542315,-158.174574603372,-4.99999978542328));
#6186=CARTESIAN_POINT('',(206.564432542315,-158.174574603372,-4.99999978542328));
#6187=CARTESIAN_POINT('',(206.564432542315,-158.174574603373,12.3));
#6188=CARTESIAN_POINT('',(206.564432542315,-158.174574603372,-4.99999978542328));
#6189=CARTESIAN_POINT('Origin',(206.564432542315,-158.174574603372,-4.99999978542328));
#6190=CARTESIAN_POINT('',(131.072514415603,-158.174574603372,-4.99999978542328));
#6191=CARTESIAN_POINT('',(131.072514415603,-158.174574603372,4.6));
#6192=CARTESIAN_POINT('',(131.072514415603,-158.174574603372,-9.7));
#6193=CARTESIAN_POINT('',(150.042929749041,-158.174574603372,-4.99999978542328));
#6194=CARTESIAN_POINT('',(206.564432542315,-158.174574603372,-4.99999978542328));
#6195=CARTESIAN_POINT('',(150.042929749041,-158.174574603372,4.6));
#6196=CARTESIAN_POINT('',(150.042929749041,-158.174574603372,-7.34999989271164));
#6197=CARTESIAN_POINT('',(206.564432542315,-158.174574603372,4.6));
#6198=CARTESIAN_POINT('Origin',(206.564432542315,-167.798574603372,4.6));
#6199=CARTESIAN_POINT('',(201.874019411224,-167.798574603372,4.6));
#6200=CARTESIAN_POINT('',(201.874019411224,-167.798574603372,-4.99999978542328));
#6201=CARTESIAN_POINT('',(201.874019411224,-167.798574603372,-2.55));
#6202=CARTESIAN_POINT('',(206.564432542315,-167.798574603372,4.6));
#6203=CARTESIAN_POINT('',(206.564432542315,-167.798574603372,-4.99999978542328));
#6204=CARTESIAN_POINT('Origin',(206.564432542315,-167.798574603372,-4.99999978542328));
#6205=CARTESIAN_POINT('',(201.874019411224,-158.174912014603,-4.99999978542328));
#6206=CARTESIAN_POINT('',(201.874019411224,-175.510259541409,-4.99999978542328));
#6207=CARTESIAN_POINT('',(204.218879819024,-158.174743333889,-4.99999978542328));
#6208=CARTESIAN_POINT('Origin',(206.564432542315,-167.798574603372,-4.99999978542328));
#6209=CARTESIAN_POINT('',(132.138550118698,-167.798574603372,-4.99999978542328));
#6210=CARTESIAN_POINT('Origin',(230.881084771035,-151.989974082432,-4.99999978542328));
#6211=CARTESIAN_POINT('',(150.042929749042,-167.798574603372,-4.99999978542328));
#6212=CARTESIAN_POINT('',(206.564432542315,-167.798574603372,-4.99999978542328));
#6213=CARTESIAN_POINT('',(150.042929749041,-141.798033038465,-4.99999978542328));
#6214=CARTESIAN_POINT('Origin',(206.564432542315,-158.174574603372,4.6));
#6215=CARTESIAN_POINT('',(132.138550118698,-167.798574603372,4.6));
#6216=CARTESIAN_POINT('Origin',(230.881084771035,-151.989974082432,4.6));
#6217=CARTESIAN_POINT('',(150.042929749042,-167.798574603372,4.6));
#6218=CARTESIAN_POINT('',(150.042929749041,-136.986033038465,4.6));
#6219=CARTESIAN_POINT('',(206.564432542315,-167.798574603372,4.6));
#6220=CARTESIAN_POINT('Origin',(206.564432542315,-167.798574603372,4.6));
#6221=CARTESIAN_POINT('',(132.138550118698,-167.798574603372,-9.7));
#6222=CARTESIAN_POINT('',(150.042929749042,-167.798574603372,-2.55));
#6223=CARTESIAN_POINT('Origin',(201.874019411224,-158.174912014603,-9.7));
#6224=CARTESIAN_POINT('',(201.874019411224,-158.174912014603,4.6));
#6225=CARTESIAN_POINT('',(204.21922597677,-158.174743308988,4.6));
#6226=CARTESIAN_POINT('',(201.874019411224,-158.174912014603,12.3));
#6227=CARTESIAN_POINT('',(206.564432542315,-158.174574603373,12.3));
#6228=CARTESIAN_POINT('Origin',(201.874019411224,-158.174912014603,-9.7));
#6229=CARTESIAN_POINT('',(206.564432542315,-158.174574603373,-9.7));
#6230=CARTESIAN_POINT('',(206.564432542315,-158.174574603373,12.3));
#6231=CARTESIAN_POINT('',(201.874019411224,-158.174912014603,-9.7));
#6232=CARTESIAN_POINT('',(188.879436513922,-158.17584679755,-9.7));
#6233=CARTESIAN_POINT('',(201.874019411224,-158.174912014603,12.3));
#6234=CARTESIAN_POINT('Origin',(135.881084771041,-34.0000006258488,5.));
#6235=CARTESIAN_POINT('',(218.00470573006,-34.0000006258488,5.));
#6236=CARTESIAN_POINT('',(218.00470573006,-34.0000006258488,-5.));
#6237=CARTESIAN_POINT('',(218.00470573006,-34.0000006258488,-9.7));
#6238=CARTESIAN_POINT('',(135.881084771041,-34.0000006258488,5.));
#6239=CARTESIAN_POINT('',(135.881084771041,-34.0000006258488,-5.));
#6240=CARTESIAN_POINT('Origin',(135.881084771041,-34.0000006258488,5.));
#6241=CARTESIAN_POINT('',(133.757463812022,-34.0000006258488,5.));
#6242=CARTESIAN_POINT('',(135.881084771041,-34.0000006258488,5.));
#6243=CARTESIAN_POINT('',(133.757463812022,-34.0000006258488,-5.));
#6244=CARTESIAN_POINT('',(133.757463812022,-34.0000006258488,-9.7));
#6245=CARTESIAN_POINT('',(135.881084771041,-34.0000006258488,-5.));
#6246=CARTESIAN_POINT('Origin',(135.881084771041,-50.0000006258488,-5.));
#6247=CARTESIAN_POINT('',(220.721516577368,-50.0000006258488,-5.));
#6248=CARTESIAN_POINT('',(220.721516577368,-50.0000006258488,5.));
#6249=CARTESIAN_POINT('',(220.721516577368,-50.0000006258488,-9.7));
#6250=CARTESIAN_POINT('',(211.294778256634,-50.0000006258488,-5.));
#6251=CARTESIAN_POINT('',(135.881084771041,-50.0000006258488,-5.));
#6252=CARTESIAN_POINT('',(211.294778256634,-50.0000006258488,5.));
#6253=CARTESIAN_POINT('',(211.294778256634,-50.0000006258488,-7.35));
#6254=CARTESIAN_POINT('',(135.881084771041,-50.0000006258488,5.));
#6255=CARTESIAN_POINT('Origin',(135.881084771041,-50.0000006258488,5.));
#6256=CARTESIAN_POINT('Origin',(142.881084771041,-54.9867005571299,5.));
#6257=CARTESIAN_POINT('',(211.294616048454,-72.1191387569309,5.));
#6258=CARTESIAN_POINT('Origin',(135.881084771041,-50.0000006258488,5.));
#6259=CARTESIAN_POINT('',(140.466349773964,-50.0000006258488,5.));
#6260=CARTESIAN_POINT('',(140.46634329324,-47.6078380319602,5.));
#6261=CARTESIAN_POINT('',(131.040652964715,-50.0000006258488,5.));
#6262=CARTESIAN_POINT('',(135.881084771041,-50.0000006258488,5.));
#6263=CARTESIAN_POINT('Origin',(208.881084771041,-54.9867005571297,5.));
#6264=CARTESIAN_POINT('Origin',(135.881084771041,-34.0000006258488,-5.));
#6265=CARTESIAN_POINT('Origin',(142.881084771041,-54.9867005571299,-5.));
#6266=CARTESIAN_POINT('',(211.294674715543,-64.1191387573611,-5.));
#6267=CARTESIAN_POINT('Origin',(135.881084771041,-34.0000006258488,-5.));
#6268=CARTESIAN_POINT('',(140.466349773964,-50.0000006258488,-5.));
#6269=CARTESIAN_POINT('',(140.466321620052,-39.6078380320189,-5.));
#6270=CARTESIAN_POINT('',(131.040652964715,-50.0000006258488,-5.));
#6271=CARTESIAN_POINT('Origin',(208.881084771041,-54.9867005571297,-5.));
#6272=CARTESIAN_POINT('',(135.881084771041,-50.0000006258488,-5.));
#6273=CARTESIAN_POINT('Origin',(135.881084771041,-50.0000006258488,-5.));
#6274=CARTESIAN_POINT('',(140.466349773964,-50.0000006258488,-7.35));
#6275=CARTESIAN_POINT('',(131.040652964715,-50.0000006258488,-9.7));
#6276=CARTESIAN_POINT('Origin',(202.824335996521,-131.98670055713,6.6));
#6277=CARTESIAN_POINT('',(201.824335996521,-131.98670055713,9.6));
#6278=CARTESIAN_POINT('Origin',(201.824335996521,-131.98670055713,6.6));
#6279=CARTESIAN_POINT('',(202.824335996521,-131.98670055713,8.6));
#6280=CARTESIAN_POINT('Origin',(202.824335996521,-131.98670055713,9.6));
#6281=CARTESIAN_POINT('',(202.824335996521,-129.98670055713,6.6));
#6282=CARTESIAN_POINT('Origin',(202.824335996521,-131.98670055713,6.6));
#6283=CARTESIAN_POINT('Origin',(202.824335996521,-131.98670055713,6.6));
#6284=CARTESIAN_POINT('Origin',(212.324335996521,-131.98670055713,6.6));
#6285=CARTESIAN_POINT('',(219.881084771041,-129.98670055713,6.6));
#6286=CARTESIAN_POINT('',(212.324335996521,-129.98670055713,6.6));
#6287=CARTESIAN_POINT('',(219.881084771041,-131.98670055713,4.6));
#6288=CARTESIAN_POINT('Origin',(219.881084771041,-131.98670055713,6.6));
#6289=CARTESIAN_POINT('Origin',(219.881084771041,-131.98670055713,6.6));
#6290=CARTESIAN_POINT('Origin',(201.824335996521,-141.999646537142,-9.7));
#6291=CARTESIAN_POINT('',(201.824335996521,-115.878355271291,10.3));
#6292=CARTESIAN_POINT('',(201.824335996521,-141.999646537142,10.3));
#6293=CARTESIAN_POINT('',(201.824335996521,-115.878355271291,-9.7));
#6294=CARTESIAN_POINT('',(201.824335996521,-115.878355271291,12.3));
#6295=CARTESIAN_POINT('',(201.824335996521,-123.892519947711,-9.7));
#6296=CARTESIAN_POINT('Origin',(219.881084771041,-131.98670055713,6.6));
#6297=CARTESIAN_POINT('Origin',(219.881084771041,-131.98670055713,3.6));
#6298=CARTESIAN_POINT('Origin',(219.881084771041,-59.9867005571299,6.6));
#6299=CARTESIAN_POINT('',(219.881084771041,-59.9867005571299,4.6));
#6300=CARTESIAN_POINT('Origin',(219.881084771041,-59.9867005571299,3.6));
#6301=CARTESIAN_POINT('',(219.881084771041,-61.9867005571299,6.6));
#6302=CARTESIAN_POINT('Origin',(219.881084771041,-59.9867005571299,6.6));
#6303=CARTESIAN_POINT('Origin',(219.881084771041,-59.9867005571299,6.6));
#6304=CARTESIAN_POINT('Origin',(214.581084771041,-59.9867005571299,6.6));
#6305=CARTESIAN_POINT('',(211.294690353535,-61.9867005571299,6.6));
#6306=CARTESIAN_POINT('',(214.581084771041,-61.9867005571299,6.6));
#6307=CARTESIAN_POINT('Origin',(211.294705020308,-59.9867005571299,6.6));
#6308=CARTESIAN_POINT('Ctrl Pts',(131.881082061892,-61.986723815976,6.6));
#6309=CARTESIAN_POINT('Ctrl Pts',(131.881082061892,-61.986723815976,6.30080069965812));
#6310=CARTESIAN_POINT('Ctrl Pts',(131.881082248598,-61.8488904612217,5.70459260935674));
#6311=CARTESIAN_POINT('Ctrl Pts',(131.881083278778,-61.0883709494652,4.73701335685531));
#6312=CARTESIAN_POINT('Ctrl Pts',(131.881085458455,-59.4792475521626,4.36810157416132));
#6313=CARTESIAN_POINT('Ctrl Pts',(131.881087566839,-57.92275601304,5.60676802662928));
#6314=CARTESIAN_POINT('Ctrl Pts',(131.881087564578,-57.9244246890664,7.59348415964953));
#6315=CARTESIAN_POINT('Ctrl Pts',(131.881085461295,-59.4771512362489,8.83259562944064));
#6316=CARTESIAN_POINT('Ctrl Pts',(131.881082837818,-61.4139052117885,8.38872927068198));
#6317=CARTESIAN_POINT('Ctrl Pts',(131.881082061892,-61.986723815976,7.19839860068377));
#6318=CARTESIAN_POINT('Ctrl Pts',(131.881082061892,-61.986723815976,6.6));
#6319=CARTESIAN_POINT('Ctrl Pts',(131.58188327758,-61.98672462655,6.6));
#6320=CARTESIAN_POINT('Ctrl Pts',(131.58188327758,-61.98672462655,6.30127867167588));
#6321=CARTESIAN_POINT('Ctrl Pts',(131.5818834289,-61.8486662028833,5.70526851396365));
#6322=CARTESIAN_POINT('Ctrl Pts',(131.581884262903,-61.0880848474327,4.73837386521894));
#6323=CARTESIAN_POINT('Ctrl Pts',(131.581886026802,-59.4797215571479,4.36934778392641));
#6324=CARTESIAN_POINT('Ctrl Pts',(131.581887732956,-57.9240333069146,5.60738050892722));
#6325=CARTESIAN_POINT('Ctrl Pts',(131.581887731206,-57.9256011074674,7.59276114107224));
#6326=CARTESIAN_POINT('Ctrl Pts',(131.581886029104,-59.4776215492625,8.83111053530361));
#6327=CARTESIAN_POINT('Ctrl Pts',(131.581883906251,-61.413220585227,8.3878203026863));
#6328=CARTESIAN_POINT('Ctrl Pts',(131.58188327758,-61.98672462655,7.19744265664824));
#6329=CARTESIAN_POINT('Ctrl Pts',(131.58188327758,-61.98672462655,6.6));
#6330=CARTESIAN_POINT('Ctrl Pts',(131.058938722935,-62.240532294877,6.6));
#6331=CARTESIAN_POINT('Ctrl Pts',(131.058938722935,-62.240532294877,6.26271253399271));
#6332=CARTESIAN_POINT('Ctrl Pts',(131.058938767251,-62.0852629751246,5.5907940042726));
#6333=CARTESIAN_POINT('Ctrl Pts',(131.058939012056,-61.2282451265797,4.50025549478993));
#6334=CARTESIAN_POINT('Ctrl Pts',(131.058939530236,-59.4147290966658,4.08455729936904));
#6335=CARTESIAN_POINT('Ctrl Pts',(131.058940031484,-57.660516036455,5.48057253209773));
#6336=CARTESIAN_POINT('Ctrl Pts',(131.058940030922,-57.662421492383,7.71973905544369));
#6337=CARTESIAN_POINT('Ctrl Pts',(131.05893953091,-59.412367638681,9.11628759368654));
#6338=CARTESIAN_POINT('Ctrl Pts',(131.058938907166,-61.5951898153688,8.61595198328058));
#6339=CARTESIAN_POINT('Ctrl Pts',(131.058938722935,-62.240532294877,7.27457493201459));
#6340=CARTESIAN_POINT('Ctrl Pts',(131.058938722935,-62.240532294877,6.6));
#6341=CARTESIAN_POINT('Ctrl Pts',(130.877473181532,-62.7727935347711,6.6));
#6342=CARTESIAN_POINT('Ctrl Pts',(130.877473181532,-62.7727935347711,6.18313721360617));
#6343=CARTESIAN_POINT('Ctrl Pts',(130.877473181136,-62.5808187111972,5.35257049054216));
#6344=CARTESIAN_POINT('Ctrl Pts',(130.877473176315,-61.5213970959318,4.00460196279249));
#6345=CARTESIAN_POINT('Ctrl Pts',(130.877473164124,-59.2797245017519,3.49071172933078));
#6346=CARTESIAN_POINT('Ctrl Pts',(130.877473152183,-57.1113646462231,5.21630698192064));
#6347=CARTESIAN_POINT('Ctrl Pts',(130.87747315242,-57.1137034654858,7.98405998158251));
#6348=CARTESIAN_POINT('Ctrl Pts',(130.877473164118,-59.2768047752456,9.7102933417099));
#6349=CARTESIAN_POINT('Ctrl Pts',(130.877473179327,-61.974934126922,9.09189107054527));
#6350=CARTESIAN_POINT('Ctrl Pts',(130.877473181532,-62.7727935347711,7.43372557278767));
#6351=CARTESIAN_POINT('Ctrl Pts',(130.877473181532,-62.7727935347711,6.6));
#6352=CARTESIAN_POINT('Ctrl Pts',(130.881212013839,-63.0023644829161,6.6));
#6353=CARTESIAN_POINT('Ctrl Pts',(130.881212013839,-63.0023644829161,6.14886607767091));
#6354=CARTESIAN_POINT('Ctrl Pts',(130.881212013836,-62.7945342599975,5.24989341294805));
#6355=CARTESIAN_POINT('Ctrl Pts',(130.881212014001,-61.6478068601349,3.79096470390049));
#6356=CARTESIAN_POINT('Ctrl Pts',(130.881212014491,-59.221545614156,3.23471081338157));
#6357=CARTESIAN_POINT('Ctrl Pts',(130.881212014974,-56.8746441322843,5.10239083162147));
#6358=CARTESIAN_POINT('Ctrl Pts',(130.881212014958,-56.8771591687977,8.09798829486098));
#6359=CARTESIAN_POINT('Ctrl Pts',(130.88121201449,-59.2183847094271,9.96633801282688));
#6360=CARTESIAN_POINT('Ctrl Pts',(130.881212013863,-62.1386499837833,9.29707310809953));
#6361=CARTESIAN_POINT('Ctrl Pts',(130.881212013839,-63.0023644829161,7.50226784465818));
#6362=CARTESIAN_POINT('Ctrl Pts',(130.881212013839,-63.0023644829161,6.6));
#6363=CARTESIAN_POINT('',(130.881084771041,-62.9867238159724,6.6));
#6364=CARTESIAN_POINT('',(131.881082061892,-61.986723815976,6.6));
#6365=CARTESIAN_POINT('Ctrl Pts',(130.88108477104,-62.9867238159735,6.6));
#6366=CARTESIAN_POINT('Ctrl Pts',(130.881084771041,-62.762324727738,6.6));
#6367=CARTESIAN_POINT('Ctrl Pts',(131.064094801452,-62.2380298263942,6.6));
#6368=CARTESIAN_POINT('Ctrl Pts',(131.58188327758,-61.98672462655,6.6));
#6369=CARTESIAN_POINT('Ctrl Pts',(131.881082061892,-61.986723815976,6.6));
#6370=CARTESIAN_POINT('Ctrl Pts',(131.881082061892,-61.986723815976,6.6));
#6371=CARTESIAN_POINT('Ctrl Pts',(131.881082061892,-61.986723815976,6.30080069965812));
#6372=CARTESIAN_POINT('Ctrl Pts',(131.881082248598,-61.8488904612217,5.70459260935674));
#6373=CARTESIAN_POINT('Ctrl Pts',(131.881083278778,-61.0883709494652,4.73701335685531));
#6374=CARTESIAN_POINT('Ctrl Pts',(131.881085458455,-59.4792475521626,4.36810157416132));
#6375=CARTESIAN_POINT('Ctrl Pts',(131.881087566839,-57.92275601304,5.60676802662928));
#6376=CARTESIAN_POINT('Ctrl Pts',(131.881087564578,-57.9244246890664,7.59348415964953));
#6377=CARTESIAN_POINT('Ctrl Pts',(131.881085461295,-59.4771512362489,8.83259562944064));
#6378=CARTESIAN_POINT('Ctrl Pts',(131.881082837818,-61.4139052117885,8.38872927068198));
#6379=CARTESIAN_POINT('Ctrl Pts',(131.881082061892,-61.986723815976,7.19839860068377));
#6380=CARTESIAN_POINT('Ctrl Pts',(131.881082061892,-61.986723815976,6.6));
#6381=CARTESIAN_POINT('Origin',(130.881084771041,-59.9867238159613,6.6));
#6382=CARTESIAN_POINT('Origin',(130.881084771041,-54.9867005571298,-9.7));
#6383=CARTESIAN_POINT('',(130.881084771041,-151.98997408243,-9.7));
#6384=CARTESIAN_POINT('',(130.881084771041,-54.9867005571298,-9.7));
#6385=CARTESIAN_POINT('',(130.881084771041,-151.98997408243,-9.7));
#6386=CARTESIAN_POINT('',(130.881084771041,-151.98997408243,20.3));
#6387=CARTESIAN_POINT('',(130.881084771041,-151.98997408243,-9.7));
#6388=CARTESIAN_POINT('',(130.881084771041,-54.9867005571298,20.3));
#6389=CARTESIAN_POINT('',(130.881084771041,-151.98997408243,20.3));
#6390=CARTESIAN_POINT('',(130.881084771041,-54.9867005571298,-9.7));
#6391=CARTESIAN_POINT('',(130.881084771041,-131.98670055713,9.6));
#6392=CARTESIAN_POINT('Origin',(130.881084771041,-131.98670055713,6.6));
#6393=CARTESIAN_POINT('',(130.880929749041,-148.990700557135,6.6));
#6394=CARTESIAN_POINT('Origin',(130.880929749041,-146.990700557135,6.6));
#6395=CARTESIAN_POINT('Origin',(134.166376829441,-59.9867176247657,6.6));
#6396=CARTESIAN_POINT('',(140.466382247714,-61.9867005571226,6.6));
#6397=CARTESIAN_POINT('Origin',(140.466376829417,-59.9867005571299,6.6));
#6398=CARTESIAN_POINT('',(134.166382247738,-61.9867176247584,6.6));
#6399=CARTESIAN_POINT('Origin',(131.881084771041,-131.98670055713,6.6));
#6400=CARTESIAN_POINT('',(131.881084771041,-131.98670055713,8.59999999999999));
#6401=CARTESIAN_POINT('Origin',(131.881084771041,-131.98670055713,9.59999999999999));
#6402=CARTESIAN_POINT('',(131.881084771041,-129.98670055713,6.6));
#6403=CARTESIAN_POINT('Origin',(131.881084771041,-131.98670055713,6.6));
#6404=CARTESIAN_POINT('Origin',(131.881084771041,-131.98670055713,6.6));
#6405=CARTESIAN_POINT('Origin',(201.824335996521,-131.98670055713,6.6));
#6406=CARTESIAN_POINT('',(150.04292974904,-129.98670055713,6.6));
#6407=CARTESIAN_POINT('Origin',(150.04292974904,-131.98670055713,6.6));
#6408=CARTESIAN_POINT('',(201.824335996521,-129.98670055713,6.6));
#6409=CARTESIAN_POINT('Ctrl Pts',(135.922234174054,-178.98670055713,6.59999999999999));
#6410=CARTESIAN_POINT('Ctrl Pts',(135.922234174054,-178.98670055713,6.29575774820338));
#6411=CARTESIAN_POINT('Ctrl Pts',(135.858908254799,-178.843298698143,5.6893281877562));
#6412=CARTESIAN_POINT('Ctrl Pts',(135.522202378818,-178.071775826875,4.7334070838091));
#6413=CARTESIAN_POINT('Ctrl Pts',(134.886132371416,-176.499114961432,4.37622151325747));
#6414=CARTESIAN_POINT('Ctrl Pts',(134.456822156469,-175.282909013353,5.30990320491703));
#6415=CARTESIAN_POINT('Ctrl Pts',(134.331730204841,-174.915971770584,6.48892622954842));
#6416=CARTESIAN_POINT('Ctrl Pts',(134.379975450581,-175.060470356706,7.43279012903736));
#6417=CARTESIAN_POINT('Ctrl Pts',(134.608911276747,-175.714463923705,8.22977477729452));
#6418=CARTESIAN_POINT('Ctrl Pts',(135.013524328443,-176.815633094405,8.75138310554437));
#6419=CARTESIAN_POINT('Ctrl Pts',(135.521731130408,-178.069376766403,8.46822205008679));
#6420=CARTESIAN_POINT('Ctrl Pts',(135.859093719494,-178.843504888864,7.50953417019623));
#6421=CARTESIAN_POINT('Ctrl Pts',(135.922234174054,-178.98670055713,6.9042422517966));
#6422=CARTESIAN_POINT('Ctrl Pts',(135.922234174054,-178.98670055713,6.59999999999999));
#6423=CARTESIAN_POINT('Ctrl Pts',(135.745329091976,-178.98670055713,6.59999999999999));
#6424=CARTESIAN_POINT('Ctrl Pts',(135.745329091976,-178.98670055713,6.30374109895464));
#6425=CARTESIAN_POINT('Ctrl Pts',(135.685400532429,-178.851015921217,5.7129246057385));
#6426=CARTESIAN_POINT('Ctrl Pts',(135.364560621283,-178.110781844352,4.75928756281684));
#6427=CARTESIAN_POINT('Ctrl Pts',(134.748119921394,-176.54100286954,4.36141275237591));
#6428=CARTESIAN_POINT('Ctrl Pts',(134.326745216924,-175.291368454473,5.29166614432892));
#6429=CARTESIAN_POINT('Ctrl Pts',(134.203937035737,-174.91409465091,6.4870381230449));
#6430=CARTESIAN_POINT('Ctrl Pts',(134.251385190468,-175.063149397181,7.44552716393857));
#6431=CARTESIAN_POINT('Ctrl Pts',(134.475954866113,-175.734413861051,8.24737125421822));
#6432=CARTESIAN_POINT('Ctrl Pts',(134.871724275922,-176.857802723396,8.75781896509966));
#6433=CARTESIAN_POINT('Ctrl Pts',(135.363987553293,-178.107686788136,8.44254735133289));
#6434=CARTESIAN_POINT('Ctrl Pts',(135.685571349069,-178.851165190554,7.48583031585846));
#6435=CARTESIAN_POINT('Ctrl Pts',(135.745329091976,-178.98670055713,6.89625890104535));
#6436=CARTESIAN_POINT('Ctrl Pts',(135.745329091976,-178.98670055713,6.59999999999999));
#6437=CARTESIAN_POINT('Ctrl Pts',(135.392663809564,-179.083040770781,6.59999999999999));
#6438=CARTESIAN_POINT('Ctrl Pts',(135.392663809564,-179.083040770781,6.30491296605363));
#6439=CARTESIAN_POINT('Ctrl Pts',(135.339467258355,-178.95330910917,5.71602518942807));
#6440=CARTESIAN_POINT('Ctrl Pts',(135.050106784939,-178.228799855612,4.73176852986126));
#6441=CARTESIAN_POINT('Ctrl Pts',(134.472639946504,-176.603104135211,4.26406267212851));
#6442=CARTESIAN_POINT('Ctrl Pts',(134.067048842582,-175.263121437317,5.22253748082951));
#6443=CARTESIAN_POINT('Ctrl Pts',(133.948774627741,-174.858537767273,6.48068718710584));
#6444=CARTESIAN_POINT('Ctrl Pts',(133.994642141106,-175.018976036355,7.49160687075025));
#6445=CARTESIAN_POINT('Ctrl Pts',(134.210526273808,-175.73768526605,8.32759650987352));
#6446=CARTESIAN_POINT('Ctrl Pts',(134.588737863405,-176.932324089779,8.8410577495805));
#6447=CARTESIAN_POINT('Ctrl Pts',(135.049344029389,-178.224619134996,8.47032155403838));
#6448=CARTESIAN_POINT('Ctrl Pts',(135.339603736899,-178.953401448169,7.48255317077986));
#6449=CARTESIAN_POINT('Ctrl Pts',(135.392663809564,-179.083040770781,6.8950870339464));
#6450=CARTESIAN_POINT('Ctrl Pts',(135.392663809564,-179.083040770781,6.59999999999999));
#6451=CARTESIAN_POINT('Ctrl Pts',(134.942460717792,-179.541124735848,6.59999999999999));
#6452=CARTESIAN_POINT('Ctrl Pts',(134.942460717792,-179.541124735848,6.25538168494215));
#6453=CARTESIAN_POINT('Ctrl Pts',(134.893661264478,-179.387004945593,5.56773672948916));
#6454=CARTESIAN_POINT('Ctrl Pts',(134.625132324012,-178.528381925442,4.42273115314354));
#6455=CARTESIAN_POINT('Ctrl Pts',(134.074685955334,-176.622201914629,3.8901615871741));
#6456=CARTESIAN_POINT('Ctrl Pts',(133.68048149176,-175.066150403693,5.00546890538657));
#6457=CARTESIAN_POINT('Ctrl Pts',(133.565466198895,-174.596683793893,6.46201098520002));
#6458=CARTESIAN_POINT('Ctrl Pts',(133.610181689833,-174.782650340031,7.63194920330562));
#6459=CARTESIAN_POINT('Ctrl Pts',(133.819859701924,-175.617324882454,8.6017625044813));
#6460=CARTESIAN_POINT('Ctrl Pts',(134.185515997541,-177.007910031863,9.20202641104955));
#6461=CARTESIAN_POINT('Ctrl Pts',(134.624219826962,-178.523729588001,8.77955921567324));
#6462=CARTESIAN_POINT('Ctrl Pts',(134.893790367286,-179.387137368602,7.63065296003092));
#6463=CARTESIAN_POINT('Ctrl Pts',(134.942460717792,-179.541124735848,6.94461831505791));
#6464=CARTESIAN_POINT('Ctrl Pts',(134.942460717792,-179.541124735848,6.59999999999998));
#6465=CARTESIAN_POINT('Ctrl Pts',(134.888011998404,-180.014969967092,6.59999999999999));
#6466=CARTESIAN_POINT('Ctrl Pts',(134.888011998404,-180.014969967092,6.18582273547837));
#6467=CARTESIAN_POINT('Ctrl Pts',(134.831553555473,-179.820898534892,5.35996688761103));
#6468=CARTESIAN_POINT('Ctrl Pts',(134.527589216971,-178.765718341015,4.0347235595438));
#6469=CARTESIAN_POINT('Ctrl Pts',(133.933481581275,-176.557180443263,3.49956665620197));
#6470=CARTESIAN_POINT('Ctrl Pts',(133.521533967824,-174.819654170653,4.79281916096281));
#6471=CARTESIAN_POINT('Ctrl Pts',(133.401331715014,-174.295485055763,6.44413887890495));
#6472=CARTESIAN_POINT('Ctrl Pts',(133.447878713173,-174.502294798585,7.76759059073807));
#6473=CARTESIAN_POINT('Ctrl Pts',(133.667315548732,-175.435826923059,8.87822450765376));
#6474=CARTESIAN_POINT('Ctrl Pts',(134.052828891607,-177.0024480737,9.59201931799979));
#6475=CARTESIAN_POINT('Ctrl Pts',(134.526984534037,-178.761716279618,9.16766291960288));
#6476=CARTESIAN_POINT('Ctrl Pts',(134.831680242195,-179.821141488167,7.83836226488594));
#6477=CARTESIAN_POINT('Ctrl Pts',(134.888011998404,-180.014969967092,7.01417726452168));
#6478=CARTESIAN_POINT('Ctrl Pts',(134.888011998404,-180.014969967092,6.59999999999999));
#6479=CARTESIAN_POINT('Ctrl Pts',(134.963053864994,-180.269495774046,6.59999999999999));
#6480=CARTESIAN_POINT('Ctrl Pts',(134.963053864994,-180.269495774046,6.14363662230507));
#6481=CARTESIAN_POINT('Ctrl Pts',(134.899088289989,-180.052220230126,5.23399228163427));
#6482=CARTESIAN_POINT('Ctrl Pts',(134.558981344554,-178.88324618275,3.80011062571363));
#6483=CARTESIAN_POINT('Ctrl Pts',(133.916486387582,-176.500426689656,3.26433226988623));
#6484=CARTESIAN_POINT('Ctrl Pts',(133.482839705817,-174.657690404687,4.66485480737559));
#6485=CARTESIAN_POINT('Ctrl Pts',(133.356484199122,-174.10172488534,6.43338934432269));
#6486=CARTESIAN_POINT('Ctrl Pts',(133.405216770576,-174.320662137041,7.84918519355609));
#6487=CARTESIAN_POINT('Ctrl Pts',(133.636465079835,-175.311561480978,9.04466216594177));
#6488=CARTESIAN_POINT('Ctrl Pts',(134.045165132053,-176.979999618402,9.82707465831657));
#6489=CARTESIAN_POINT('Ctrl Pts',(134.558505336058,-178.879611242641,9.40233307513022));
#6490=CARTESIAN_POINT('Ctrl Pts',(134.899275628064,-180.052532640309,7.96430125529441));
#6491=CARTESIAN_POINT('Ctrl Pts',(134.963053864994,-180.269495774046,7.05636337769498));
#6492=CARTESIAN_POINT('Ctrl Pts',(134.963053864994,-180.269495774046,6.59999999999999));
#6493=CARTESIAN_POINT('',(134.963053864994,-180.269495774046,6.59999999999999));
#6494=CARTESIAN_POINT('',(135.922234174054,-178.98670055713,6.59999999999999));
#6495=CARTESIAN_POINT('Ctrl Pts',(134.963053864994,-180.269495774046,6.59999999999999));
#6496=CARTESIAN_POINT('Ctrl Pts',(134.888011998404,-180.014969967092,6.59999999999999));
#6497=CARTESIAN_POINT('Ctrl Pts',(134.920681230037,-179.730662828346,6.59999999999998));
#6498=CARTESIAN_POINT('Ctrl Pts',(135.049515432003,-179.499146953258,6.59999999999998));
#6499=CARTESIAN_POINT('Ctrl Pts',(135.13540489998,-179.344803036534,6.59999999999999));
#6500=CARTESIAN_POINT('Ctrl Pts',(135.264034354772,-179.213921903657,6.59999999999999));
#6501=CARTESIAN_POINT('Ctrl Pts',(135.416515402771,-179.124396283806,6.59999999999999));
#6502=CARTESIAN_POINT('Ctrl Pts',(135.56899645077,-179.034870663955,6.59999999999999));
#6503=CARTESIAN_POINT('Ctrl Pts',(135.745329091976,-178.98670055713,6.59999999999999));
#6504=CARTESIAN_POINT('Ctrl Pts',(135.922234174054,-178.98670055713,6.59999999999999));
#6505=CARTESIAN_POINT('',(134.355474982251,-174.986252093082,6.60033508016864));
#6506=CARTESIAN_POINT('Ctrl Pts',(135.922234174054,-178.98670055713,6.59999999999999));
#6507=CARTESIAN_POINT('Ctrl Pts',(135.922234174054,-178.98670055713,6.29575774820338));
#6508=CARTESIAN_POINT('Ctrl Pts',(135.858908254799,-178.843298698143,5.6893281877562));
#6509=CARTESIAN_POINT('Ctrl Pts',(135.522202378818,-178.071775826875,4.7334070838091));
#6510=CARTESIAN_POINT('Ctrl Pts',(134.886132371416,-176.499114961432,4.37622151325747));
#6511=CARTESIAN_POINT('Ctrl Pts',(134.456822156469,-175.282909013353,5.30990320491703));
#6512=CARTESIAN_POINT('Ctrl Pts',(134.36300371921,-175.00770762557,6.19416551134933));
#6513=CARTESIAN_POINT('Ctrl Pts',(134.355407828827,-174.985922757081,6.49884874287981));
#6514=CARTESIAN_POINT('Ctrl Pts',(134.355474982251,-174.986252093082,6.60033508016864));
#6515=CARTESIAN_POINT('Ctrl Pts',(134.355474982251,-174.986252093082,6.60033508016864));
#6516=CARTESIAN_POINT('Ctrl Pts',(134.355676456092,-174.987240167618,6.90481459463017));
#6517=CARTESIAN_POINT('Ctrl Pts',(134.402867876997,-175.125866410526,7.51248456883156));
#6518=CARTESIAN_POINT('Ctrl Pts',(134.608911276747,-175.714463923705,8.22977477729452));
#6519=CARTESIAN_POINT('Ctrl Pts',(135.013524328443,-176.815633094405,8.75138310554437));
#6520=CARTESIAN_POINT('Ctrl Pts',(135.521731130408,-178.069376766403,8.46822205008679));
#6521=CARTESIAN_POINT('Ctrl Pts',(135.859093719494,-178.843504888864,7.50953417019623));
#6522=CARTESIAN_POINT('Ctrl Pts',(135.922234174054,-178.98670055713,6.9042422517966));
#6523=CARTESIAN_POINT('Ctrl Pts',(135.922234174054,-178.98670055713,6.59999999999999));
#6524=CARTESIAN_POINT('Ctrl Pts',(134.963053864994,-180.269495774046,6.59999999999999));
#6525=CARTESIAN_POINT('Ctrl Pts',(134.963053864994,-180.269495774046,7.05636337769498));
#6526=CARTESIAN_POINT('Ctrl Pts',(134.899275628064,-180.052532640309,7.96430125529441));
#6527=CARTESIAN_POINT('Ctrl Pts',(134.558505336058,-178.879611242641,9.40233307513022));
#6528=CARTESIAN_POINT('Ctrl Pts',(134.045165132053,-176.979999618402,9.82707465831657));
#6529=CARTESIAN_POINT('Ctrl Pts',(133.636465079835,-175.311561480978,9.04466216594177));
#6530=CARTESIAN_POINT('Ctrl Pts',(133.405216770576,-174.320662137041,7.84918519355609));
#6531=CARTESIAN_POINT('Ctrl Pts',(133.356484199122,-174.10172488534,6.43338934432269));
#6532=CARTESIAN_POINT('Ctrl Pts',(133.482839705817,-174.657690404687,4.66485480737559));
#6533=CARTESIAN_POINT('Ctrl Pts',(133.916486387582,-176.500426689656,3.26433226988623));
#6534=CARTESIAN_POINT('Ctrl Pts',(134.558981344554,-178.88324618275,3.80011062571363));
#6535=CARTESIAN_POINT('Ctrl Pts',(134.899088289989,-180.052220230126,5.23399228163427));
#6536=CARTESIAN_POINT('Ctrl Pts',(134.963053864994,-180.269495774046,6.14363662230507));
#6537=CARTESIAN_POINT('Ctrl Pts',(134.963053864994,-180.269495774046,6.59999999999999));
#6538=CARTESIAN_POINT('Origin',(201.824335996521,-176.98670055713,6.59999999999999));
#6539=CARTESIAN_POINT('',(150.04292974904,-174.98670055713,6.59999999999999));
#6540=CARTESIAN_POINT('Origin',(150.04292974904,-176.98670055713,6.59999999999999));
#6541=CARTESIAN_POINT('',(201.824335996521,-174.98670055713,6.59999999999999));
#6542=CARTESIAN_POINT('Origin',(230.881084771035,-151.989974082432,-9.7));
#6543=CARTESIAN_POINT('',(144.278544392597,-201.98997408243,-9.7));
#6544=CARTESIAN_POINT('Origin',(230.881084771035,-151.989974082432,-9.7));
#6545=CARTESIAN_POINT('',(144.278544392597,-201.98997408243,20.3));
#6546=CARTESIAN_POINT('',(144.278544392597,-201.98997408243,-9.7));
#6547=CARTESIAN_POINT('Origin',(230.881084771035,-151.989974082432,20.3));
#6548=CARTESIAN_POINT('Ctrl Pts',(215.840082791294,-178.98670055713,6.59999999999999));
#6549=CARTESIAN_POINT('Ctrl Pts',(215.840082791294,-178.98670055713,6.90424203916433));
#6550=CARTESIAN_POINT('Ctrl Pts',(215.903382925026,-178.843514573666,7.51063743573168));
#6551=CARTESIAN_POINT('Ctrl Pts',(216.240066151556,-178.070849850338,8.46576099130597));
#6552=CARTESIAN_POINT('Ctrl Pts',(216.876081919284,-176.500607240184,8.82404272809238));
#6553=CARTESIAN_POINT('Ctrl Pts',(217.275496735061,-175.367898940658,7.95873817890883));
#6554=CARTESIAN_POINT('Ctrl Pts',(217.378023839905,-175.070744866285,7.20130747932136));
#6555=CARTESIAN_POINT('Ctrl Pts',(217.425860753086,-174.930462406014,6.60860779497404));
#6556=CARTESIAN_POINT('Ctrl Pts',(217.38206544542,-175.061742309326,5.7666781520909));
#6557=CARTESIAN_POINT('Ctrl Pts',(217.153637917439,-175.714078007811,4.97124589074877));
#6558=CARTESIAN_POINT('Ctrl Pts',(216.748699155813,-176.816160924717,4.4485114348549));
#6559=CARTESIAN_POINT('Ctrl Pts',(216.240638451217,-178.069319931441,4.73204383727026));
#6560=CARTESIAN_POINT('Ctrl Pts',(215.903206429759,-178.843621988502,5.69045123965604));
#6561=CARTESIAN_POINT('Ctrl Pts',(215.840082791294,-178.98670055713,6.29575796083564));
#6562=CARTESIAN_POINT('Ctrl Pts',(215.840082791294,-178.98670055713,6.59999999999998));
#6563=CARTESIAN_POINT('Ctrl Pts',(216.01698737187,-178.98670055713,6.59999999999999));
#6564=CARTESIAN_POINT('Ctrl Pts',(216.01698737187,-178.98670055713,6.89625887105696));
#6565=CARTESIAN_POINT('Ctrl Pts',(216.076880916179,-178.851293801361,7.48703331692006));
#6566=CARTESIAN_POINT('Ctrl Pts',(216.397758338488,-178.109538015571,8.43981310263587));
#6567=CARTESIAN_POINT('Ctrl Pts',(217.01402093408,-176.54297022251,8.83884539537287));
#6568=CARTESIAN_POINT('Ctrl Pts',(217.406129681627,-175.378688998187,7.97692299474908));
#6569=CARTESIAN_POINT('Ctrl Pts',(217.506721747264,-175.073538923697,7.20988792789972));
#6570=CARTESIAN_POINT('Ctrl Pts',(217.553737534134,-174.929014150176,6.60911584952669));
#6571=CARTESIAN_POINT('Ctrl Pts',(217.51062019828,-175.064686840528,5.75387840315607));
#6572=CARTESIAN_POINT('Ctrl Pts',(217.286579733688,-175.734077086137,4.95375312681403));
#6573=CARTESIAN_POINT('Ctrl Pts',(216.890480279506,-176.858461550305,4.44206384958351));
#6574=CARTESIAN_POINT('Ctrl Pts',(216.398376113135,-178.107655204793,4.75774796085032));
#6575=CARTESIAN_POINT('Ctrl Pts',(216.076723837277,-178.851312893737,5.71415346982535));
#6576=CARTESIAN_POINT('Ctrl Pts',(216.01698737187,-178.98670055713,6.30374112894302));
#6577=CARTESIAN_POINT('Ctrl Pts',(216.01698737187,-178.98670055713,6.59999999999998));
#6578=CARTESIAN_POINT('Ctrl Pts',(216.369647352275,-179.083042304786,6.59999999999999));
#6579=CARTESIAN_POINT('Ctrl Pts',(216.369647352275,-179.083042304786,6.89508727186423));
#6580=CARTESIAN_POINT('Ctrl Pts',(216.422789890376,-178.953679565286,7.48393121398171));
#6581=CARTESIAN_POINT('Ctrl Pts',(216.71229035499,-178.227054790094,8.46717549757844));
#6582=CARTESIAN_POINT('Ctrl Pts',(217.289352180299,-176.605776014896,8.93626223543617));
#6583=CARTESIAN_POINT('Ctrl Pts',(217.666921887323,-175.356728883052,8.04840833244642));
#6584=CARTESIAN_POINT('Ctrl Pts',(217.763670957842,-175.029919498344,7.24223538171577));
#6585=CARTESIAN_POINT('Ctrl Pts',(217.809052382362,-174.874525047754,6.61004698604662));
#6586=CARTESIAN_POINT('Ctrl Pts',(217.767281301569,-175.020907541003,5.70771776501265));
#6587=CARTESIAN_POINT('Ctrl Pts',(217.551966122788,-175.737375047513,4.87370313596405));
#6588=CARTESIAN_POINT('Ctrl Pts',(217.17341855854,-176.933167289953,4.35881201738237));
#6589=CARTESIAN_POINT('Ctrl Pts',(216.712999372423,-178.224609902268,4.73001955390569));
#6590=CARTESIAN_POINT('Ctrl Pts',(216.422675611725,-178.953592713861,5.71742792919709));
#6591=CARTESIAN_POINT('Ctrl Pts',(216.369647352275,-179.083042304786,6.30491272813578));
#6592=CARTESIAN_POINT('Ctrl Pts',(216.369647352275,-179.083042304786,6.59999999999999));
#6593=CARTESIAN_POINT('Ctrl Pts',(216.819847922011,-179.541123183863,6.59999999999999));
#6594=CARTESIAN_POINT('Ctrl Pts',(216.819847922011,-179.541123183863,6.94461855901751));
#6595=CARTESIAN_POINT('Ctrl Pts',(216.868583947136,-179.387411926129,7.6322226271207));
#6596=CARTESIAN_POINT('Ctrl Pts',(217.137367100637,-178.526456961016,8.77602500353495));
#6597=CARTESIAN_POINT('Ctrl Pts',(217.68721322587,-176.625146940137,9.3102710056187));
#6598=CARTESIAN_POINT('Ctrl Pts',(218.054300172138,-175.174844681333,8.27702750936332));
#6599=CARTESIAN_POINT('Ctrl Pts',(218.148294526291,-174.795442400233,7.3434335259054));
#6600=CARTESIAN_POINT('Ctrl Pts',(218.19250039124,-174.615206811054,6.61146296292886));
#6601=CARTESIAN_POINT('Ctrl Pts',(218.151716704167,-174.784809609848,5.56730660035441));
#6602=CARTESIAN_POINT('Ctrl Pts',(217.942634423879,-175.616933924265,4.59971545683281));
#6603=CARTESIAN_POINT('Ctrl Pts',(217.576631775205,-177.008843993525,3.99783417116674));
#6604=CARTESIAN_POINT('Ctrl Pts',(217.138124574616,-178.523703896515,4.42082736889892));
#6605=CARTESIAN_POINT('Ctrl Pts',(216.868485313647,-179.387346131955,5.56932674737456));
#6606=CARTESIAN_POINT('Ctrl Pts',(216.819847922011,-179.541123183863,6.2553814409825));
#6607=CARTESIAN_POINT('Ctrl Pts',(216.819847922011,-179.541123183863,6.59999999999998));
#6608=CARTESIAN_POINT('Ctrl Pts',(216.87430490306,-180.014965242655,6.59999999999999));
#6609=CARTESIAN_POINT('Ctrl Pts',(216.87430490306,-180.014965242655,7.01417716132368));
#6610=CARTESIAN_POINT('Ctrl Pts',(216.930714850961,-179.821252401393,7.83998177643781));
#6611=CARTESIAN_POINT('Ctrl Pts',(217.234688124529,-178.764138351419,9.16401664030955));
#6612=CARTESIAN_POINT('Ctrl Pts',(217.828587582309,-176.559691871203,9.70083292047899));
#6613=CARTESIAN_POINT('Ctrl Pts',(218.211964859794,-174.941062004277,8.50244079051832));
#6614=CARTESIAN_POINT('Ctrl Pts',(218.310334768276,-174.516853243271,7.44240337036105));
#6615=CARTESIAN_POINT('Ctrl Pts',(218.356379672441,-174.316181753722,6.61236897276446));
#6616=CARTESIAN_POINT('Ctrl Pts',(218.314048058299,-174.504311666131,5.43163210047409));
#6617=CARTESIAN_POINT('Ctrl Pts',(218.095149596268,-175.435318111499,4.32328943411361));
#6618=CARTESIAN_POINT('Ctrl Pts',(217.709320225034,-177.003300656364,3.6078343166421));
#6619=CARTESIAN_POINT('Ctrl Pts',(217.235349205199,-178.761653648708,4.03273751685169));
#6620=CARTESIAN_POINT('Ctrl Pts',(216.930601048641,-179.821328582916,5.36161969062461));
#6621=CARTESIAN_POINT('Ctrl Pts',(216.87430490306,-180.014965242655,6.18582283867634));
#6622=CARTESIAN_POINT('Ctrl Pts',(216.87430490306,-180.014965242655,6.59999999999998));
#6623=CARTESIAN_POINT('Ctrl Pts',(216.799264589478,-180.26949072321,6.59999999999998));
#6624=CARTESIAN_POINT('Ctrl Pts',(216.799264589478,-180.26949072321,7.05636305874654));
#6625=CARTESIAN_POINT('Ctrl Pts',(216.8632041185,-180.052542263416,7.9659561535975));
#6626=CARTESIAN_POINT('Ctrl Pts',(217.203288185703,-178.881838137162,9.39864148695898));
#6627=CARTESIAN_POINT('Ctrl Pts',(217.845728355124,-176.502682667232,9.93606409213857));
#6628=CARTESIAN_POINT('Ctrl Pts',(218.24917766399,-174.786457970979,8.63810726836327));
#6629=CARTESIAN_POINT('Ctrl Pts',(218.352740396157,-174.336224524961,7.50196121898208));
#6630=CARTESIAN_POINT('Ctrl Pts',(218.401060510481,-174.123675342732,6.6129116924611));
#6631=CARTESIAN_POINT('Ctrl Pts',(218.356822825969,-174.322584287143,5.35001722813641));
#6632=CARTESIAN_POINT('Ctrl Pts',(218.126087949221,-175.310971709091,4.1568688361231));
#6633=CARTESIAN_POINT('Ctrl Pts',(217.717058897074,-176.980794310464,3.37276715228236));
#6634=CARTESIAN_POINT('Ctrl Pts',(217.203866266168,-178.879520078227,3.79806575590539));
#6635=CARTESIAN_POINT('Ctrl Pts',(216.863025840453,-180.052705013168,5.23567685948407));
#6636=CARTESIAN_POINT('Ctrl Pts',(216.799264589478,-180.26949072321,6.14363694125347));
#6637=CARTESIAN_POINT('Ctrl Pts',(216.799264589478,-180.26949072321,6.59999999999998));
#6638=CARTESIAN_POINT('',(215.840082791294,-178.98670055713,6.59999999999999));
#6639=CARTESIAN_POINT('Ctrl Pts',(216.799264589478,-180.26949072321,6.59999999999998));
#6640=CARTESIAN_POINT('Ctrl Pts',(216.87430490306,-180.014965242655,6.59999999999999));
#6641=CARTESIAN_POINT('Ctrl Pts',(216.841630714431,-179.73066000738,6.59999999999998));
#6642=CARTESIAN_POINT('Ctrl Pts',(216.71279517819,-179.499145687221,6.59999999999998));
#6643=CARTESIAN_POINT('Ctrl Pts',(216.626904820696,-179.344802807116,6.59999999999999));
#6644=CARTESIAN_POINT('Ctrl Pts',(216.498276086485,-179.213922555951,6.59999999999999));
#6645=CARTESIAN_POINT('Ctrl Pts',(216.345796724279,-179.124396993454,6.59999999999999));
#6646=CARTESIAN_POINT('Ctrl Pts',(216.193317362072,-179.034871430958,6.59999999999999));
#6647=CARTESIAN_POINT('Ctrl Pts',(216.01698737187,-178.98670055713,6.59999999999998));
#6648=CARTESIAN_POINT('Ctrl Pts',(215.840082791294,-178.98670055713,6.59999999999998));
#6649=CARTESIAN_POINT('',(217.407086698182,-174.985923105097,6.60082274747676));
#6650=CARTESIAN_POINT('Ctrl Pts',(215.840082791294,-178.98670055713,6.59999999999999));
#6651=CARTESIAN_POINT('Ctrl Pts',(215.840082791294,-178.98670055713,6.90424203916433));
#6652=CARTESIAN_POINT('Ctrl Pts',(215.903382925026,-178.843514573666,7.51063743573168));
#6653=CARTESIAN_POINT('Ctrl Pts',(216.240066151556,-178.070849850338,8.46576099130597));
#6654=CARTESIAN_POINT('Ctrl Pts',(216.876081919284,-176.500607240184,8.82404272809238));
#6655=CARTESIAN_POINT('Ctrl Pts',(217.275496735061,-175.367898940658,7.95873817890883));
#6656=CARTESIAN_POINT('Ctrl Pts',(217.378023839905,-175.070744866285,7.20130747932136));
#6657=CARTESIAN_POINT('Ctrl Pts',(217.401941893841,-175.000604816942,6.90496262604752));
#6658=CARTESIAN_POINT('Ctrl Pts',(217.407129886354,-174.985675888389,6.70223497470441));
#6659=CARTESIAN_POINT('Ctrl Pts',(217.407086698182,-174.985923105097,6.60082274747676));
#6660=CARTESIAN_POINT('Ctrl Pts',(217.407086698182,-174.985923105097,6.60082274747676));
#6661=CARTESIAN_POINT('Ctrl Pts',(217.406957124942,-174.986664805167,6.29656557807599));
#6662=CARTESIAN_POINT('Ctrl Pts',(217.35922384626,-175.126972584652,5.68713894316672));
#6663=CARTESIAN_POINT('Ctrl Pts',(217.153637917439,-175.714078007811,4.97124589074877));
#6664=CARTESIAN_POINT('Ctrl Pts',(216.748699155813,-176.816160924717,4.4485114348549));
#6665=CARTESIAN_POINT('Ctrl Pts',(216.240638451217,-178.069319931441,4.73204383727026));
#6666=CARTESIAN_POINT('Ctrl Pts',(215.903206429759,-178.843621988502,5.69045123965604));
#6667=CARTESIAN_POINT('Ctrl Pts',(215.840082791294,-178.98670055713,6.29575796083564));
#6668=CARTESIAN_POINT('Ctrl Pts',(215.840082791294,-178.98670055713,6.59999999999998));
#6669=CARTESIAN_POINT('Origin',(201.824335996521,-176.98670055713,6.59999999999999));
#6670=CARTESIAN_POINT('',(201.874019411224,-174.98670055713,6.59999999999999));
#6671=CARTESIAN_POINT('',(201.824335996521,-174.98670055713,6.59999999999999));
#6672=CARTESIAN_POINT('Origin',(201.874019411224,-176.98670055713,6.59999999999999));
#6673=CARTESIAN_POINT('Origin',(206.564084771041,-146.99070055713,6.6));
#6674=CARTESIAN_POINT('Origin',(206.564084771041,-146.99070055713,6.6));
#6675=CARTESIAN_POINT('Origin',(130.880929749041,-146.990700557135,6.6));
#6676=CARTESIAN_POINT('Origin',(206.564432542315,-141.999646537142,4.6));
#6677=CARTESIAN_POINT('',(201.874019411224,-170.698259541409,4.6));
#6678=CARTESIAN_POINT('Origin',(206.564432542315,-158.174574603373,-9.7));
#6679=CARTESIAN_POINT('',(206.564432542315,-143.390832496652,20.3));
#6680=CARTESIAN_POINT('',(206.564432542315,-143.390832496652,-9.7));
#6681=CARTESIAN_POINT('',(206.564432542315,-131.979983980826,20.3));
#6682=CARTESIAN_POINT('Origin',(206.564432542315,-158.174574603373,-9.7));
#6683=CARTESIAN_POINT('',(206.564432542315,-131.979983980826,-9.7));
#6684=CARTESIAN_POINT('Origin',(185.104318748398,0.81893870579934,2.766));
#6685=CARTESIAN_POINT('',(185.104318748398,0.81893870579934,1.016));
#6686=CARTESIAN_POINT('Origin',(185.104318748398,0.81893870579934,2.766));
#6687=CARTESIAN_POINT('',(185.104318748398,0.81893870579934,1.766));
#6688=CARTESIAN_POINT('Origin',(185.104318748398,0.81893870579934,2.766));
#6689=CARTESIAN_POINT('Origin',(185.104319521519,1.46893870579888,2.766));
#6690=CARTESIAN_POINT('',(185.10432029464,2.11893870579842,1.016));
#6691=CARTESIAN_POINT('Origin',(185.10432029464,2.11893870579842,2.766));
#6692=CARTESIAN_POINT('',(185.104319521519,1.46893870579888,1.016));
#6693=CARTESIAN_POINT('Origin',(185.104313752846,-3.38106129419769,2.766));
#6694=CARTESIAN_POINT('',(185.104314347555,-2.88106129419804,1.766));
#6695=CARTESIAN_POINT('',(185.104313752846,-3.38106129419769,1.766));
#6696=CARTESIAN_POINT('Origin',(185.104314347555,-2.88106129419804,2.766));
#6697=CARTESIAN_POINT('Origin',(166.818318748398,0.818960455478566,2.766));
#6698=CARTESIAN_POINT('',(166.818318748398,0.818960455478566,1.016));
#6699=CARTESIAN_POINT('Origin',(166.818318748398,0.818960455478566,2.766));
#6700=CARTESIAN_POINT('',(166.818318748398,0.818960455478566,1.766));
#6701=CARTESIAN_POINT('Origin',(166.818318748398,0.818960455478566,2.766));
#6702=CARTESIAN_POINT('Origin',(166.818319521519,1.46896045547811,2.766));
#6703=CARTESIAN_POINT('',(166.81832029464,2.11896045547765,1.016));
#6704=CARTESIAN_POINT('Origin',(166.81832029464,2.11896045547765,2.766));
#6705=CARTESIAN_POINT('',(166.818319521519,1.46896045547811,1.016));
#6706=CARTESIAN_POINT('Origin',(166.818313752846,-3.38103954451846,2.766));
#6707=CARTESIAN_POINT('',(166.818314347555,-2.88103954451882,1.766));
#6708=CARTESIAN_POINT('',(166.818313752846,-3.38103954451846,1.766));
#6709=CARTESIAN_POINT('Origin',(166.818314347555,-2.88103954451882,2.766));
#6710=CARTESIAN_POINT('Origin',(166.818318748398,0.818960455478565,9.234));
#6711=CARTESIAN_POINT('',(166.818318748398,0.818960455478565,7.484));
#6712=CARTESIAN_POINT('Origin',(166.818318748398,0.818960455478565,9.234));
#6713=CARTESIAN_POINT('',(166.818318748398,0.818960455478565,8.234));
#6714=CARTESIAN_POINT('Origin',(166.818318748398,0.818960455478565,9.234));
#6715=CARTESIAN_POINT('Origin',(166.818319521519,1.46896045547811,9.234));
#6716=CARTESIAN_POINT('',(166.81832029464,2.11896045547765,7.484));
#6717=CARTESIAN_POINT('Origin',(166.81832029464,2.11896045547765,9.234));
#6718=CARTESIAN_POINT('',(166.818319521519,1.46896045547811,7.484));
#6719=CARTESIAN_POINT('Origin',(166.818313752846,-3.38103954451846,9.234));
#6720=CARTESIAN_POINT('',(166.818314347555,-2.88103954451882,8.234));
#6721=CARTESIAN_POINT('',(166.818313752846,-3.38103954451846,8.234));
#6722=CARTESIAN_POINT('Origin',(166.818314347555,-2.88103954451882,9.234));
#6723=CARTESIAN_POINT('Origin',(185.104318748398,0.81893870579934,9.234));
#6724=CARTESIAN_POINT('',(185.104318748398,0.81893870579934,7.484));
#6725=CARTESIAN_POINT('Origin',(185.104318748398,0.81893870579934,9.234));
#6726=CARTESIAN_POINT('',(185.104318748398,0.81893870579934,8.234));
#6727=CARTESIAN_POINT('Origin',(185.104318748398,0.81893870579934,9.234));
#6728=CARTESIAN_POINT('Origin',(185.104319521519,1.46893870579888,9.234));
#6729=CARTESIAN_POINT('',(185.10432029464,2.11893870579842,7.484));
#6730=CARTESIAN_POINT('Origin',(185.10432029464,2.11893870579842,9.234));
#6731=CARTESIAN_POINT('',(185.104319521519,1.46893870579888,7.484));
#6732=CARTESIAN_POINT('Origin',(185.104313752846,-3.38106129419769,9.234));
#6733=CARTESIAN_POINT('',(185.104314347555,-2.88106129419804,8.234));
#6734=CARTESIAN_POINT('',(185.104313752846,-3.38106129419769,8.234));
#6735=CARTESIAN_POINT('Origin',(185.104314347555,-2.88106129419804,9.234));
#6736=CARTESIAN_POINT('Origin',(187.9610059775,2.11893530800781,12.));
#6737=CARTESIAN_POINT('',(182.104005977504,2.11894227442338,12.));
#6738=CARTESIAN_POINT('Origin',(187.961000030415,-2.88106469198865,2.22044604925031E-15));
#6739=CARTESIAN_POINT('',(182.104000030419,-2.88105772557309,2.22044604925031E-15));
#6740=CARTESIAN_POINT('Origin',(182.104003003962,-0.381057725574856,6.));
#6741=CARTESIAN_POINT('Origin',(163.961000030432,-2.88103614598052,12.));
#6742=CARTESIAN_POINT('',(169.818000030428,-2.88104311239604,-3.85029860156622E-30));
#6743=CARTESIAN_POINT('Origin',(163.961005977517,2.11896385401594,0.));
#6744=CARTESIAN_POINT('',(169.818005977513,2.11895688760043,-3.85029860156622E-30));
#6745=CARTESIAN_POINT('Origin',(169.81800300397,-0.381043112397806,6.));
#6746=CARTESIAN_POINT('Origin',(206.013016432112,-131.9970041446,10.3));
#6747=CARTESIAN_POINT('',(211.29445384433,-94.2377238502829,10.3));
#6748=CARTESIAN_POINT('',(211.29445384433,-94.2377238502827,10.3));
#6749=CARTESIAN_POINT('',(205.824063755449,-106.6258614644,10.3));
#6750=CARTESIAN_POINT('Origin',(190.883517886745,-92.6264872178288,10.3));
#6751=CARTESIAN_POINT('Origin',(216.88623122174,-116.898647609265,10.3));
#6752=CARTESIAN_POINT('',(207.811991823746,-120.732437723139,10.3));
#6753=CARTESIAN_POINT('Ctrl Pts',(205.452249066686,-141.999646546747,10.3));
#6754=CARTESIAN_POINT('Ctrl Pts',(205.542574089881,-138.409426111862,10.3));
#6755=CARTESIAN_POINT('Ctrl Pts',(205.830900806785,-131.266942607904,10.3));
#6756=CARTESIAN_POINT('Ctrl Pts',(207.153249473372,-124.23531792824,10.3));
#6757=CARTESIAN_POINT('Ctrl Pts',(207.811991823746,-120.732437723139,10.3));
#6758=CARTESIAN_POINT('',(212.897482417459,-103.486922590027,10.3));
#6759=CARTESIAN_POINT('Ctrl Pts',(207.811991823746,-120.732437723139,10.3));
#6760=CARTESIAN_POINT('Ctrl Pts',(208.530128047682,-117.442625582201,10.3));
#6761=CARTESIAN_POINT('Ctrl Pts',(209.812160272652,-111.569587937953,10.3));
#6762=CARTESIAN_POINT('Ctrl Pts',(211.954975122294,-105.956023285922,10.3));
#6763=CARTESIAN_POINT('Ctrl Pts',(212.897482417459,-103.486922590027,10.3));
#6764=CARTESIAN_POINT('',(213.744431134232,-99.5052780097802,10.3));
#6765=CARTESIAN_POINT('Ctrl Pts',(212.897482417459,-103.486922590027,10.3));
#6766=CARTESIAN_POINT('Ctrl Pts',(213.142010944725,-102.761494841322,10.3));
#6767=CARTESIAN_POINT('Ctrl Pts',(213.578836216334,-101.465591232566,10.3));
#6768=CARTESIAN_POINT('Ctrl Pts',(213.693815573523,-100.104465196172,10.3));
#6769=CARTESIAN_POINT('Ctrl Pts',(213.744431134232,-99.5052780097802,10.3));
#6770=CARTESIAN_POINT('',(213.791228763706,-89.5061762064866,10.3));
#6771=CARTESIAN_POINT('Ctrl Pts',(213.744431134232,-99.5052780097802,10.3));
#6772=CARTESIAN_POINT('Ctrl Pts',(213.75206810095,-97.6387750401011,10.3));
#6773=CARTESIAN_POINT('Ctrl Pts',(213.765705541676,-94.3057313333248,10.3));
#6774=CARTESIAN_POINT('Ctrl Pts',(213.783430001338,-90.9727069550107,10.3));
#6775=CARTESIAN_POINT('Ctrl Pts',(213.791228763706,-89.5061762064866,10.3));
#6776=CARTESIAN_POINT('Ctrl Pts',(213.791228763706,-89.5061762064866,10.3));
#6777=CARTESIAN_POINT('Ctrl Pts',(213.915816852336,-81.4679749845559,10.3));
#6778=CARTESIAN_POINT('Ctrl Pts',(214.13826725215,-67.1158688948578,10.3));
#6779=CARTESIAN_POINT('Ctrl Pts',(213.095308036318,-52.8022221325223,10.3));
#6780=CARTESIAN_POINT('Ctrl Pts',(212.636480363194,-46.5052383788023,10.3));
#6781=CARTESIAN_POINT('Origin',(177.117201022378,9.21460664171967,-9.7));
#6782=CARTESIAN_POINT('',(174.644968519704,9.21460664171966,-9.7));
#6783=CARTESIAN_POINT('Origin',(177.117201022378,9.21460664171967,-9.7));
#6784=CARTESIAN_POINT('',(174.644968519704,9.21460664171966,20.3));
#6785=CARTESIAN_POINT('Origin',(160.808398443191,-92.5924275027712,-9.7));
#6786=CARTESIAN_POINT('',(140.466469674236,-94.2575489824707,-9.7));
#6787=CARTESIAN_POINT('',(145.974213403701,-106.6107601478,-9.7));
#6788=CARTESIAN_POINT('Origin',(160.808398443191,-92.5924275027712,-9.7));
#6789=CARTESIAN_POINT('',(140.466469674236,-94.2575489824707,12.3));
#6790=CARTESIAN_POINT('',(145.974213404634,-106.610760146891,12.3));
#6791=CARTESIAN_POINT('Origin',(135.076834249414,-116.931469878825,-9.7));
#6792=CARTESIAN_POINT('',(150.04292974904,-115.797491473556,-9.7));
#6793=CARTESIAN_POINT('Origin',(135.076834249414,-116.931469878825,-9.7));
#6794=CARTESIAN_POINT('',(150.04292974904,-115.797491473556,12.3));
#6795=CARTESIAN_POINT('Origin',(175.97394542042,-181.6148730127,-9.7));
#6796=CARTESIAN_POINT('',(150.042929749042,-182.6042858078,-9.7));
#6797=CARTESIAN_POINT('',(201.874019411224,-183.221944479446,-9.7));
#6798=CARTESIAN_POINT('Origin',(175.97394542042,-181.6148730127,-9.7));
#6799=CARTESIAN_POINT('',(150.042929749042,-182.6042858078,12.3));
#6800=CARTESIAN_POINT('',(201.874019411224,-183.221944479446,12.3));
#6801=CARTESIAN_POINT('Origin',(190.883517886745,-92.6264872178288,-9.7));
#6802=CARTESIAN_POINT('',(205.824063755449,-106.6258614644,-9.7));
#6803=CARTESIAN_POINT('',(211.29445384433,-94.2377238502829,-9.7));
#6804=CARTESIAN_POINT('Origin',(190.883517886745,-92.6264872178288,-9.7));
#6805=CARTESIAN_POINT('',(205.824063755449,-106.6258614644,12.3));
#6806=CARTESIAN_POINT('',(211.29445384433,-94.2377238502829,12.3));
#6807=CARTESIAN_POINT('Origin',(211.29445384433,-94.2377238502827,-9.7));
#6808=CARTESIAN_POINT('',(211.294411501619,-100.011688453925,-9.7));
#6809=CARTESIAN_POINT('Origin',(216.88623122174,-116.898647609265,-9.7));
#6810=CARTESIAN_POINT('Origin',(216.88623122174,-116.898647609265,-9.7));
#6811=CARTESIAN_POINT('Origin',(201.874019411224,-183.221944479446,-9.7));
#6812=CARTESIAN_POINT('',(201.874019411225,-144.503668918863,-9.7));
#6813=CARTESIAN_POINT('Origin',(150.04292974904,-115.797491473556,-9.7));
#6814=CARTESIAN_POINT('',(150.042929749039,-110.791442415919,-9.7));
#6815=CARTESIAN_POINT('Origin',(140.46633681255,-45.2156878602356,-9.7));
#6816=CARTESIAN_POINT('',(140.466418858845,-75.500588580942,-9.7));
#6817=CARTESIAN_POINT('Origin',(175.881084771041,-105.78539335828,20.3));
#6818=CARTESIAN_POINT('',(141.331103275855,-15.9867005571298,20.3));
#6819=CARTESIAN_POINT('',(146.49914289671,-7.03539335828038,20.3));
#6820=CARTESIAN_POINT('Origin',(208.881084771041,-54.9867005571297,20.3));
#6821=CARTESIAN_POINT('',(145.026455060223,-203.285393358281,20.3));
#6822=CARTESIAN_POINT('',(145.026455060223,-203.285393358281,20.3));
#6823=CARTESIAN_POINT('',(175.337344192678,-220.78539335828,20.3));
#6824=CARTESIAN_POINT('Origin',(175.337344192678,-185.785393358281,20.3));
#6825=CARTESIAN_POINT('',(176.42511404344,-220.78539335828,20.3));
#6826=CARTESIAN_POINT('',(176.42511404344,-220.78539335828,20.3));
#6827=CARTESIAN_POINT('',(206.736003175895,-203.28539335828,20.3));
#6828=CARTESIAN_POINT('Origin',(176.42511404344,-185.785393358281,20.3));
#6829=CARTESIAN_POINT('',(207.483625149485,-201.990474115169,20.3));
#6830=CARTESIAN_POINT('',(210.431066266227,-15.9867005571299,20.3));
#6831=CARTESIAN_POINT('Origin',(142.881084771041,-54.9867005571299,20.3));
#6832=CARTESIAN_POINT('',(205.263026645373,-7.03539335828036,20.3));
#6833=CARTESIAN_POINT('',(207.811991823746,-120.732437723139,20.3));
#6834=CARTESIAN_POINT('Ctrl Pts',(205.452249066686,-141.999646546747,20.3));
#6835=CARTESIAN_POINT('Ctrl Pts',(205.542574089881,-138.409426111862,20.3));
#6836=CARTESIAN_POINT('Ctrl Pts',(205.830900806785,-131.266942607904,20.3));
#6837=CARTESIAN_POINT('Ctrl Pts',(207.153249473372,-124.23531792824,20.3));
#6838=CARTESIAN_POINT('Ctrl Pts',(207.811991823746,-120.732437723139,20.3));
#6839=CARTESIAN_POINT('',(206.869061400491,-143.390832496652,20.3));
#6840=CARTESIAN_POINT('',(205.419531335828,-143.390832496652,20.3));
#6841=CARTESIAN_POINT('',(206.869061400491,-159.727509843545,20.3));
#6842=CARTESIAN_POINT('',(206.869061400491,-143.390832496652,20.3));
#6843=CARTESIAN_POINT('',(205.550895376682,-159.727604667606,20.3));
#6844=CARTESIAN_POINT('',(206.869061400491,-159.727509843545,20.3));
#6845=CARTESIAN_POINT('',(206.218130135268,-180.333747761979,20.3));
#6846=CARTESIAN_POINT('Ctrl Pts',(206.218130135268,-180.333747761979,20.3));
#6847=CARTESIAN_POINT('Ctrl Pts',(206.053618688707,-176.231559190503,20.3));
#6848=CARTESIAN_POINT('Ctrl Pts',(205.778225432429,-169.364497891602,20.3));
#6849=CARTESIAN_POINT('Ctrl Pts',(205.614319449506,-162.493970541178,20.3));
#6850=CARTESIAN_POINT('Ctrl Pts',(205.550895376682,-159.727604667606,20.3));
#6851=CARTESIAN_POINT('',(175.972669407369,-213.043707500569,20.3));
#6852=CARTESIAN_POINT('Ctrl Pts',(175.972669407369,-213.043707500569,20.3));
#6853=CARTESIAN_POINT('Ctrl Pts',(178.305574462874,-212.841699202756,20.3));
#6854=CARTESIAN_POINT('Ctrl Pts',(182.959967774925,-212.438775514641,20.3));
#6855=CARTESIAN_POINT('Ctrl Pts',(189.530392353195,-209.880655262481,20.3));
#6856=CARTESIAN_POINT('Ctrl Pts',(195.454508419371,-206.128698574483,20.3));
#6857=CARTESIAN_POINT('Ctrl Pts',(200.300884775852,-200.912060640139,20.3));
#6858=CARTESIAN_POINT('Ctrl Pts',(204.020753064349,-194.722617966531,20.3));
#6859=CARTESIAN_POINT('Ctrl Pts',(206.082512782196,-187.640025482353,20.3));
#6860=CARTESIAN_POINT('Ctrl Pts',(206.172960382036,-182.767232520396,20.3));
#6861=CARTESIAN_POINT('Ctrl Pts',(206.218130135268,-180.333747761979,20.3));
#6862=CARTESIAN_POINT('',(145.769004448392,-180.296693554813,20.3));
#6863=CARTESIAN_POINT('Ctrl Pts',(145.769004448392,-180.296693554813,20.3));
#6864=CARTESIAN_POINT('Ctrl Pts',(145.807050213762,-182.625533899451,20.3));
#6865=CARTESIAN_POINT('Ctrl Pts',(145.883126127016,-187.282352881038,20.3));
#6866=CARTESIAN_POINT('Ctrl Pts',(147.716675167811,-194.09180980018,20.3));
#6867=CARTESIAN_POINT('Ctrl Pts',(151.167542922922,-200.179644630167,20.3));
#6868=CARTESIAN_POINT('Ctrl Pts',(155.843523156702,-205.549713335005,20.3));
#6869=CARTESIAN_POINT('Ctrl Pts',(161.838536705499,-209.602680437304,20.3));
#6870=CARTESIAN_POINT('Ctrl Pts',(168.683032505851,-212.37725601533,20.3));
#6871=CARTESIAN_POINT('Ctrl Pts',(173.545378859491,-212.821793650457,20.3));
#6872=CARTESIAN_POINT('Ctrl Pts',(175.972669407369,-213.043707500569,20.3));
#6873=CARTESIAN_POINT('',(146.494603492118,-158.316442154867,20.3));
#6874=CARTESIAN_POINT('Ctrl Pts',(146.494603492118,-158.316442154867,20.3));
#6875=CARTESIAN_POINT('Ctrl Pts',(146.391715697303,-162.420486409984,20.3));
#6876=CARTESIAN_POINT('Ctrl Pts',(146.207986090837,-169.749194941013,20.3));
#6877=CARTESIAN_POINT('Ctrl Pts',(145.903138632308,-177.073825028819,20.3));
#6878=CARTESIAN_POINT('Ctrl Pts',(145.769004448392,-180.296693554813,20.3));
#6879=CARTESIAN_POINT('',(146.642364246824,-144.806485174818,20.3));
#6880=CARTESIAN_POINT('Ctrl Pts',(146.642364246824,-144.806485174818,20.3));
#6881=CARTESIAN_POINT('Ctrl Pts',(146.635279537606,-146.337709025995,20.3));
#6882=CARTESIAN_POINT('Ctrl Pts',(146.623610630154,-148.859739816289,20.3));
#6883=CARTESIAN_POINT('Ctrl Pts',(146.565129501382,-152.372114609683,20.3));
#6884=CARTESIAN_POINT('Ctrl Pts',(146.540070671831,-155.344404806439,20.3));
#6885=CARTESIAN_POINT('Ctrl Pts',(146.509759221017,-157.325762886565,20.3));
#6886=CARTESIAN_POINT('Ctrl Pts',(146.494603492118,-158.316442154867,20.3));
#6887=CARTESIAN_POINT('',(144.24828603098,-120.693415112198,20.3));
#6888=CARTESIAN_POINT('Ctrl Pts',(144.24828603098,-120.693415112198,20.3));
#6889=CARTESIAN_POINT('Ctrl Pts',(145.045475879078,-125.161305644353,20.3));
#6890=CARTESIAN_POINT('Ctrl Pts',(146.469255052909,-133.140957671332,20.3));
#6891=CARTESIAN_POINT('Ctrl Pts',(146.589462354742,-141.241518675244,20.3));
#6892=CARTESIAN_POINT('Ctrl Pts',(146.642364246824,-144.806485174818,20.3));
#6893=CARTESIAN_POINT('',(139.184054740875,-103.441903758577,20.3));
#6894=CARTESIAN_POINT('Ctrl Pts',(139.184054740875,-103.441903758577,20.3));
#6895=CARTESIAN_POINT('Ctrl Pts',(140.34233709641,-106.598465934234,20.3));
#6896=CARTESIAN_POINT('Ctrl Pts',(142.412163834283,-112.239176661855,20.3));
#6897=CARTESIAN_POINT('Ctrl Pts',(143.686897728015,-118.108559602559,20.3));
#6898=CARTESIAN_POINT('Ctrl Pts',(144.24828603098,-120.693415112198,20.3));
#6899=CARTESIAN_POINT('',(138.341927712308,-99.4592696157605,20.3));
#6900=CARTESIAN_POINT('Ctrl Pts',(138.341927712308,-99.4592696157605,20.3));
#6901=CARTESIAN_POINT('Ctrl Pts',(138.414048543205,-100.220687401497,20.3));
#6902=CARTESIAN_POINT('Ctrl Pts',(138.542974772639,-101.581827165842,20.3));
#6903=CARTESIAN_POINT('Ctrl Pts',(138.987982572193,-102.87300554069,20.3));
#6904=CARTESIAN_POINT('Ctrl Pts',(139.184054740875,-103.441903758577,20.3));
#6905=CARTESIAN_POINT('',(138.307380520005,-89.4553809791534,20.3));
#6906=CARTESIAN_POINT('Ctrl Pts',(138.307380520005,-89.4553809791534,20.3));
#6907=CARTESIAN_POINT('Ctrl Pts',(138.315138319053,-91.3227710093354,20.3));
#6908=CARTESIAN_POINT('Ctrl Pts',(138.328991533302,-94.6573917369024,20.3));
#6909=CARTESIAN_POINT('Ctrl Pts',(138.337974990525,-97.9920289971107,20.3));
#6910=CARTESIAN_POINT('Ctrl Pts',(138.341927712308,-99.4592696157605,20.3));
#6911=CARTESIAN_POINT('',(139.514927021704,-46.4603688692911,20.3));
#6912=CARTESIAN_POINT('Ctrl Pts',(139.514927021704,-46.4603688692911,20.3));
#6913=CARTESIAN_POINT('Ctrl Pts',(139.169909945541,-50.4618542156383,20.3));
#6914=CARTESIAN_POINT('Ctrl Pts',(138.47979918846,-58.465658880709,20.3));
#6915=CARTESIAN_POINT('Ctrl Pts',(138.173001878102,-72.8140200762813,20.3));
#6916=CARTESIAN_POINT('Ctrl Pts',(138.256405405662,-83.1426570013866,20.3));
#6917=CARTESIAN_POINT('Ctrl Pts',(138.307380520005,-89.4553809791534,20.3));
#6918=CARTESIAN_POINT('Ctrl Pts',(176.101546724723,-2.88105058615322,20.3));
#6919=CARTESIAN_POINT('Ctrl Pts',(173.716573568497,-2.98001596937847,20.3));
#6920=CARTESIAN_POINT('Ctrl Pts',(168.954931530027,-3.17759227349674,20.3));
#6921=CARTESIAN_POINT('Ctrl Pts',(162.050940858986,-5.16946820365066,20.3));
#6922=CARTESIAN_POINT('Ctrl Pts',(155.812305915563,-8.69779853434421,20.3));
#6923=CARTESIAN_POINT('Ctrl Pts',(150.668248527896,-13.6873131194183,20.3));
#6924=CARTESIAN_POINT('Ctrl Pts',(146.318198884562,-20.2512248779984,20.3));
#6925=CARTESIAN_POINT('Ctrl Pts',(143.023922590141,-28.1960686678332,20.3));
#6926=CARTESIAN_POINT('Ctrl Pts',(140.703429052685,-37.2206287276368,20.3));
#6927=CARTESIAN_POINT('Ctrl Pts',(139.911465943859,-43.3775667358027,20.3));
#6928=CARTESIAN_POINT('Ctrl Pts',(139.514927021704,-46.4603688692911,20.3));
#6929=CARTESIAN_POINT('',(213.791228763706,-89.5061762064866,20.3));
#6930=CARTESIAN_POINT('Ctrl Pts',(213.791228763706,-89.5061762064866,20.3));
#6931=CARTESIAN_POINT('Ctrl Pts',(213.915816852336,-81.4679749845559,20.3));
#6932=CARTESIAN_POINT('Ctrl Pts',(214.13826725215,-67.1158688948578,20.3));
#6933=CARTESIAN_POINT('Ctrl Pts',(213.095308036318,-52.8022221325223,20.3));
#6934=CARTESIAN_POINT('Ctrl Pts',(212.636480363194,-46.5052383788023,20.3));
#6935=CARTESIAN_POINT('',(213.744431134232,-99.5052780097802,20.3));
#6936=CARTESIAN_POINT('Ctrl Pts',(213.744431134232,-99.5052780097802,20.3));
#6937=CARTESIAN_POINT('Ctrl Pts',(213.75206810095,-97.6387750401011,20.3));
#6938=CARTESIAN_POINT('Ctrl Pts',(213.765705541676,-94.3057313333248,20.3));
#6939=CARTESIAN_POINT('Ctrl Pts',(213.783430001338,-90.9727069550107,20.3));
#6940=CARTESIAN_POINT('Ctrl Pts',(213.791228763706,-89.5061762064866,20.3));
#6941=CARTESIAN_POINT('',(212.897482417459,-103.486922590027,20.3));
#6942=CARTESIAN_POINT('Ctrl Pts',(212.897482417459,-103.486922590027,20.3));
#6943=CARTESIAN_POINT('Ctrl Pts',(213.142010944725,-102.761494841322,20.3));
#6944=CARTESIAN_POINT('Ctrl Pts',(213.578836216334,-101.465591232566,20.3));
#6945=CARTESIAN_POINT('Ctrl Pts',(213.693815573523,-100.104465196172,20.3));
#6946=CARTESIAN_POINT('Ctrl Pts',(213.744431134232,-99.5052780097802,20.3));
#6947=CARTESIAN_POINT('Ctrl Pts',(207.811991823746,-120.732437723139,20.3));
#6948=CARTESIAN_POINT('Ctrl Pts',(208.530128047682,-117.442625582201,20.3));
#6949=CARTESIAN_POINT('Ctrl Pts',(209.812160272652,-111.569587937953,20.3));
#6950=CARTESIAN_POINT('Ctrl Pts',(211.954975122294,-105.956023285922,20.3));
#6951=CARTESIAN_POINT('Ctrl Pts',(212.897482417459,-103.486922590027,20.3));
#6952=CARTESIAN_POINT('Origin',(175.881084771041,-105.78539335828,-9.7));
#6953=CARTESIAN_POINT('',(210.431066266227,-15.9867005571299,-9.7));
#6954=CARTESIAN_POINT('',(205.263026645373,-7.03539335828036,-9.7));
#6955=CARTESIAN_POINT('Origin',(142.881084771041,-54.9867005571299,-9.7));
#6956=CARTESIAN_POINT('',(206.736003175895,-203.28539335828,-9.7));
#6957=CARTESIAN_POINT('',(207.483625149485,-201.990474115169,-9.7));
#6958=CARTESIAN_POINT('',(176.42511404344,-220.78539335828,-9.7));
#6959=CARTESIAN_POINT('Origin',(176.42511404344,-185.785393358281,-9.7));
#6960=CARTESIAN_POINT('',(175.337344192678,-220.78539335828,-9.7));
#6961=CARTESIAN_POINT('',(176.42511404344,-220.78539335828,-9.7));
#6962=CARTESIAN_POINT('',(145.026455060223,-203.285393358281,-9.7));
#6963=CARTESIAN_POINT('Origin',(175.337344192678,-185.785393358281,-9.7));
#6964=CARTESIAN_POINT('',(145.026455060223,-203.285393358281,-9.7));
#6965=CARTESIAN_POINT('',(141.331103275855,-15.9867005571298,-9.7));
#6966=CARTESIAN_POINT('Origin',(208.881084771041,-54.9867005571297,-9.7));
#6967=CARTESIAN_POINT('',(146.49914289671,-7.03539335828038,-9.7));
#6968=CARTESIAN_POINT('Origin',(210.431066266227,-15.9867005571299,-9.7));
#6969=CARTESIAN_POINT('',(210.431066266227,-15.9867005571299,-9.7));
#6970=CARTESIAN_POINT('Origin',(142.881084771041,-54.9867005571299,-9.7));
#6971=CARTESIAN_POINT('Origin',(206.736003175895,-203.28539335828,-9.7));
#6972=CARTESIAN_POINT('',(206.736003175895,-203.28539335828,-9.7));
#6973=CARTESIAN_POINT('Origin',(176.42511404344,-185.785393358281,-9.7));
#6974=CARTESIAN_POINT('',(176.42511404344,-220.78539335828,-9.7));
#6975=CARTESIAN_POINT('Origin',(175.337344192678,-220.78539335828,-9.7));
#6976=CARTESIAN_POINT('',(175.337344192678,-220.78539335828,-9.7));
#6977=CARTESIAN_POINT('Origin',(175.337344192678,-185.785393358281,-9.7));
#6978=CARTESIAN_POINT('',(145.026455060223,-203.285393358281,-9.7));
#6979=CARTESIAN_POINT('Origin',(144.278544392597,-201.98997408243,-9.7));
#6980=CARTESIAN_POINT('Origin',(208.881084771041,-54.9867005571297,-9.7));
#6981=CARTESIAN_POINT('',(141.331103275855,-15.9867005571298,-9.7));
#6982=CARTESIAN_POINT('Origin',(146.49914289671,-7.03539335828038,-9.7));
#6983=CARTESIAN_POINT('Ctrl Pts',(205.452249066686,-141.999646546747,10.3));
#6984=CARTESIAN_POINT('Ctrl Pts',(205.452249066686,-141.999646546747,40.15984));
#6985=CARTESIAN_POINT('Ctrl Pts',(205.542574089881,-138.409426111862,10.3));
#6986=CARTESIAN_POINT('Ctrl Pts',(205.542574089881,-138.409426111862,40.15984));
#6987=CARTESIAN_POINT('Ctrl Pts',(205.830900806785,-131.266942607904,10.3));
#6988=CARTESIAN_POINT('Ctrl Pts',(205.830900806785,-131.266942607904,40.15984));
#6989=CARTESIAN_POINT('Ctrl Pts',(207.153249473372,-124.23531792824,10.3));
#6990=CARTESIAN_POINT('Ctrl Pts',(207.153249473372,-124.23531792824,40.15984));
#6991=CARTESIAN_POINT('Ctrl Pts',(207.811991823746,-120.732437723139,10.3));
#6992=CARTESIAN_POINT('Ctrl Pts',(207.811991823746,-120.732437723139,40.15984));
#6993=CARTESIAN_POINT('',(207.811991823746,-120.732437723139,10.3));
#6994=CARTESIAN_POINT('Origin',(205.419531335828,-143.390832496652,10.3));
#6995=CARTESIAN_POINT('',(206.869061400491,-143.390832496652,10.3));
#6996=CARTESIAN_POINT('Origin',(206.869061400491,-143.390832496652,10.3));
#6997=CARTESIAN_POINT('',(206.869061400491,-159.727509843545,10.3));
#6998=CARTESIAN_POINT('Origin',(206.869061400491,-159.727509843545,10.3));
#6999=CARTESIAN_POINT('',(205.550895376682,-159.727604667606,10.3));
#7000=CARTESIAN_POINT('Ctrl Pts',(206.218130135268,-180.333747761979,10.3));
#7001=CARTESIAN_POINT('Ctrl Pts',(206.218130135268,-180.333747761979,40.15984));
#7002=CARTESIAN_POINT('Ctrl Pts',(206.053618688707,-176.231559190503,10.3));
#7003=CARTESIAN_POINT('Ctrl Pts',(206.053618688707,-176.231559190503,40.15984));
#7004=CARTESIAN_POINT('Ctrl Pts',(205.778225432429,-169.364497891602,10.3));
#7005=CARTESIAN_POINT('Ctrl Pts',(205.778225432429,-169.364497891602,40.15984));
#7006=CARTESIAN_POINT('Ctrl Pts',(205.614319449506,-162.493970541178,10.3));
#7007=CARTESIAN_POINT('Ctrl Pts',(205.614319449506,-162.493970541178,40.15984));
#7008=CARTESIAN_POINT('Ctrl Pts',(205.550895376682,-159.727604667606,10.3));
#7009=CARTESIAN_POINT('Ctrl Pts',(205.550895376682,-159.727604667606,40.15984));
#7010=CARTESIAN_POINT('',(206.218130135268,-180.333747761979,10.3));
#7011=CARTESIAN_POINT('Ctrl Pts',(175.972669407369,-213.043707500569,10.3));
#7012=CARTESIAN_POINT('Ctrl Pts',(175.972669407369,-213.043707500569,40.15984));
#7013=CARTESIAN_POINT('Ctrl Pts',(178.305574462874,-212.841699202756,10.3));
#7014=CARTESIAN_POINT('Ctrl Pts',(178.305574462874,-212.841699202756,40.15984));
#7015=CARTESIAN_POINT('Ctrl Pts',(182.959967774925,-212.438775514641,10.3));
#7016=CARTESIAN_POINT('Ctrl Pts',(182.959967774925,-212.438775514641,40.15984));
#7017=CARTESIAN_POINT('Ctrl Pts',(189.530392353195,-209.880655262481,10.3));
#7018=CARTESIAN_POINT('Ctrl Pts',(189.530392353195,-209.880655262481,40.15984));
#7019=CARTESIAN_POINT('Ctrl Pts',(195.454508419371,-206.128698574483,10.3));
#7020=CARTESIAN_POINT('Ctrl Pts',(195.454508419371,-206.128698574483,40.15984));
#7021=CARTESIAN_POINT('Ctrl Pts',(200.300884775852,-200.912060640139,10.3));
#7022=CARTESIAN_POINT('Ctrl Pts',(200.300884775852,-200.912060640139,40.15984));
#7023=CARTESIAN_POINT('Ctrl Pts',(204.020753064349,-194.722617966531,10.3));
#7024=CARTESIAN_POINT('Ctrl Pts',(204.020753064349,-194.722617966531,40.15984));
#7025=CARTESIAN_POINT('Ctrl Pts',(206.082512782196,-187.640025482353,10.3));
#7026=CARTESIAN_POINT('Ctrl Pts',(206.082512782196,-187.640025482353,40.15984));
#7027=CARTESIAN_POINT('Ctrl Pts',(206.172960382036,-182.767232520396,10.3));
#7028=CARTESIAN_POINT('Ctrl Pts',(206.172960382036,-182.767232520396,40.15984));
#7029=CARTESIAN_POINT('Ctrl Pts',(206.218130135268,-180.333747761979,10.3));
#7030=CARTESIAN_POINT('Ctrl Pts',(206.218130135268,-180.333747761979,40.15984));
#7031=CARTESIAN_POINT('',(175.972669407369,-213.043707500569,10.3));
#7032=CARTESIAN_POINT('Ctrl Pts',(145.769004448392,-180.296693554813,10.3));
#7033=CARTESIAN_POINT('Ctrl Pts',(145.769004448392,-180.296693554813,40.15984));
#7034=CARTESIAN_POINT('Ctrl Pts',(145.807050213762,-182.625533899451,10.3));
#7035=CARTESIAN_POINT('Ctrl Pts',(145.807050213762,-182.625533899451,40.15984));
#7036=CARTESIAN_POINT('Ctrl Pts',(145.883126127016,-187.282352881038,10.3));
#7037=CARTESIAN_POINT('Ctrl Pts',(145.883126127016,-187.282352881038,40.15984));
#7038=CARTESIAN_POINT('Ctrl Pts',(147.716675167811,-194.09180980018,10.3));
#7039=CARTESIAN_POINT('Ctrl Pts',(147.716675167811,-194.09180980018,40.15984));
#7040=CARTESIAN_POINT('Ctrl Pts',(151.167542922922,-200.179644630167,10.3));
#7041=CARTESIAN_POINT('Ctrl Pts',(151.167542922922,-200.179644630167,40.15984));
#7042=CARTESIAN_POINT('Ctrl Pts',(155.843523156702,-205.549713335005,10.3));
#7043=CARTESIAN_POINT('Ctrl Pts',(155.843523156702,-205.549713335005,40.15984));
#7044=CARTESIAN_POINT('Ctrl Pts',(161.838536705499,-209.602680437304,10.3));
#7045=CARTESIAN_POINT('Ctrl Pts',(161.838536705499,-209.602680437304,40.15984));
#7046=CARTESIAN_POINT('Ctrl Pts',(168.683032505851,-212.37725601533,10.3));
#7047=CARTESIAN_POINT('Ctrl Pts',(168.683032505851,-212.37725601533,40.15984));
#7048=CARTESIAN_POINT('Ctrl Pts',(173.545378859491,-212.821793650457,10.3));
#7049=CARTESIAN_POINT('Ctrl Pts',(173.545378859491,-212.821793650457,40.15984));
#7050=CARTESIAN_POINT('Ctrl Pts',(175.972669407369,-213.043707500569,10.3));
#7051=CARTESIAN_POINT('Ctrl Pts',(175.972669407369,-213.043707500569,40.15984));
#7052=CARTESIAN_POINT('',(145.769004448392,-180.296693554813,10.3));
#7053=CARTESIAN_POINT('Ctrl Pts',(146.494603492118,-158.316442154867,10.3));
#7054=CARTESIAN_POINT('Ctrl Pts',(146.494603492118,-158.316442154867,40.15984));
#7055=CARTESIAN_POINT('Ctrl Pts',(146.391715697303,-162.420486409984,10.3));
#7056=CARTESIAN_POINT('Ctrl Pts',(146.391715697303,-162.420486409984,40.15984));
#7057=CARTESIAN_POINT('Ctrl Pts',(146.207986090837,-169.749194941013,10.3));
#7058=CARTESIAN_POINT('Ctrl Pts',(146.207986090837,-169.749194941013,40.15984));
#7059=CARTESIAN_POINT('Ctrl Pts',(145.903138632308,-177.073825028819,10.3));
#7060=CARTESIAN_POINT('Ctrl Pts',(145.903138632308,-177.073825028819,40.15984));
#7061=CARTESIAN_POINT('Ctrl Pts',(145.769004448392,-180.296693554813,10.3));
#7062=CARTESIAN_POINT('Ctrl Pts',(145.769004448392,-180.296693554813,40.15984));
#7063=CARTESIAN_POINT('',(146.494603492118,-158.316442154867,10.3));
#7064=CARTESIAN_POINT('Ctrl Pts',(146.642364246824,-144.806485174818,10.3));
#7065=CARTESIAN_POINT('Ctrl Pts',(146.642364246824,-144.806485174818,40.15984));
#7066=CARTESIAN_POINT('Ctrl Pts',(146.635279537606,-146.337709025995,10.3));
#7067=CARTESIAN_POINT('Ctrl Pts',(146.635279537606,-146.337709025995,40.15984));
#7068=CARTESIAN_POINT('Ctrl Pts',(146.623610630154,-148.859739816289,10.3));
#7069=CARTESIAN_POINT('Ctrl Pts',(146.623610630154,-148.859739816289,40.15984));
#7070=CARTESIAN_POINT('Ctrl Pts',(146.565129501382,-152.372114609683,10.3));
#7071=CARTESIAN_POINT('Ctrl Pts',(146.565129501382,-152.372114609683,40.15984));
#7072=CARTESIAN_POINT('Ctrl Pts',(146.540070671831,-155.344404806439,10.3));
#7073=CARTESIAN_POINT('Ctrl Pts',(146.540070671831,-155.344404806439,40.15984));
#7074=CARTESIAN_POINT('Ctrl Pts',(146.509759221017,-157.325762886565,10.3));
#7075=CARTESIAN_POINT('Ctrl Pts',(146.509759221017,-157.325762886565,40.15984));
#7076=CARTESIAN_POINT('Ctrl Pts',(146.494603492118,-158.316442154867,10.3));
#7077=CARTESIAN_POINT('Ctrl Pts',(146.494603492118,-158.316442154867,40.15984));
#7078=CARTESIAN_POINT('',(146.642364246824,-144.806485174818,10.3));
#7079=CARTESIAN_POINT('Ctrl Pts',(144.24828603098,-120.693415112198,10.3));
#7080=CARTESIAN_POINT('Ctrl Pts',(144.24828603098,-120.693415112198,40.15984));
#7081=CARTESIAN_POINT('Ctrl Pts',(145.045475879078,-125.161305644353,10.3));
#7082=CARTESIAN_POINT('Ctrl Pts',(145.045475879078,-125.161305644353,40.15984));
#7083=CARTESIAN_POINT('Ctrl Pts',(146.469255052909,-133.140957671332,10.3));
#7084=CARTESIAN_POINT('Ctrl Pts',(146.469255052909,-133.140957671332,40.15984));
#7085=CARTESIAN_POINT('Ctrl Pts',(146.589462354742,-141.241518675244,10.3));
#7086=CARTESIAN_POINT('Ctrl Pts',(146.589462354742,-141.241518675244,40.15984));
#7087=CARTESIAN_POINT('Ctrl Pts',(146.642364246824,-144.806485174818,10.3));
#7088=CARTESIAN_POINT('Ctrl Pts',(146.642364246824,-144.806485174818,40.15984));
#7089=CARTESIAN_POINT('',(144.24828603098,-120.693415112198,10.3));
#7090=CARTESIAN_POINT('Ctrl Pts',(139.184054740875,-103.441903758577,10.3));
#7091=CARTESIAN_POINT('Ctrl Pts',(139.184054740875,-103.441903758577,40.15984));
#7092=CARTESIAN_POINT('Ctrl Pts',(140.34233709641,-106.598465934234,10.3));
#7093=CARTESIAN_POINT('Ctrl Pts',(140.34233709641,-106.598465934234,40.15984));
#7094=CARTESIAN_POINT('Ctrl Pts',(142.412163834283,-112.239176661855,10.3));
#7095=CARTESIAN_POINT('Ctrl Pts',(142.412163834283,-112.239176661855,40.15984));
#7096=CARTESIAN_POINT('Ctrl Pts',(143.686897728015,-118.108559602559,10.3));
#7097=CARTESIAN_POINT('Ctrl Pts',(143.686897728015,-118.108559602559,40.15984));
#7098=CARTESIAN_POINT('Ctrl Pts',(144.24828603098,-120.693415112198,10.3));
#7099=CARTESIAN_POINT('Ctrl Pts',(144.24828603098,-120.693415112198,40.15984));
#7100=CARTESIAN_POINT('',(139.184054740875,-103.441903758577,10.3));
#7101=CARTESIAN_POINT('Ctrl Pts',(138.341927712308,-99.4592696157605,10.3));
#7102=CARTESIAN_POINT('Ctrl Pts',(138.341927712308,-99.4592696157605,40.15984));
#7103=CARTESIAN_POINT('Ctrl Pts',(138.414048543205,-100.220687401497,10.3));
#7104=CARTESIAN_POINT('Ctrl Pts',(138.414048543205,-100.220687401497,40.15984));
#7105=CARTESIAN_POINT('Ctrl Pts',(138.542974772639,-101.581827165842,10.3));
#7106=CARTESIAN_POINT('Ctrl Pts',(138.542974772639,-101.581827165842,40.15984));
#7107=CARTESIAN_POINT('Ctrl Pts',(138.987982572193,-102.87300554069,10.3));
#7108=CARTESIAN_POINT('Ctrl Pts',(138.987982572193,-102.87300554069,40.15984));
#7109=CARTESIAN_POINT('Ctrl Pts',(139.184054740875,-103.441903758577,10.3));
#7110=CARTESIAN_POINT('Ctrl Pts',(139.184054740875,-103.441903758577,40.15984));
#7111=CARTESIAN_POINT('',(138.341927712308,-99.4592696157605,10.3));
#7112=CARTESIAN_POINT('Ctrl Pts',(138.307380520005,-89.4553809791534,10.3));
#7113=CARTESIAN_POINT('Ctrl Pts',(138.307380520005,-89.4553809791534,40.15984));
#7114=CARTESIAN_POINT('Ctrl Pts',(138.315138319053,-91.3227710093354,10.3));
#7115=CARTESIAN_POINT('Ctrl Pts',(138.315138319053,-91.3227710093354,40.15984));
#7116=CARTESIAN_POINT('Ctrl Pts',(138.328991533302,-94.6573917369024,10.3));
#7117=CARTESIAN_POINT('Ctrl Pts',(138.328991533302,-94.6573917369024,40.15984));
#7118=CARTESIAN_POINT('Ctrl Pts',(138.337974990525,-97.9920289971107,10.3));
#7119=CARTESIAN_POINT('Ctrl Pts',(138.337974990525,-97.9920289971107,40.15984));
#7120=CARTESIAN_POINT('Ctrl Pts',(138.341927712308,-99.4592696157605,10.3));
#7121=CARTESIAN_POINT('Ctrl Pts',(138.341927712308,-99.4592696157605,40.15984));
#7122=CARTESIAN_POINT('',(138.307380520005,-89.4553809791534,10.3));
#7123=CARTESIAN_POINT('Ctrl Pts',(139.514927021704,-46.4603688692911,10.3));
#7124=CARTESIAN_POINT('Ctrl Pts',(139.514927021704,-46.4603688692911,40.15984));
#7125=CARTESIAN_POINT('Ctrl Pts',(139.169909945541,-50.4618542156383,10.3));
#7126=CARTESIAN_POINT('Ctrl Pts',(139.169909945541,-50.4618542156383,40.15984));
#7127=CARTESIAN_POINT('Ctrl Pts',(138.47979918846,-58.465658880709,10.3));
#7128=CARTESIAN_POINT('Ctrl Pts',(138.47979918846,-58.465658880709,40.15984));
#7129=CARTESIAN_POINT('Ctrl Pts',(138.173001878102,-72.8140200762813,10.3));
#7130=CARTESIAN_POINT('Ctrl Pts',(138.173001878102,-72.8140200762813,40.15984));
#7131=CARTESIAN_POINT('Ctrl Pts',(138.256405405662,-83.1426570013866,10.3));
#7132=CARTESIAN_POINT('Ctrl Pts',(138.256405405662,-83.1426570013866,40.15984));
#7133=CARTESIAN_POINT('Ctrl Pts',(138.307380520005,-89.4553809791534,10.3));
#7134=CARTESIAN_POINT('Ctrl Pts',(138.307380520005,-89.4553809791534,40.15984));
#7135=CARTESIAN_POINT('',(139.514927021704,-46.4603688692911,10.3));
#7136=CARTESIAN_POINT('Ctrl Pts',(176.101546724723,-2.88105058615322,10.3));
#7137=CARTESIAN_POINT('Ctrl Pts',(176.101546724723,-2.88105058615322,40.15984));
#7138=CARTESIAN_POINT('Ctrl Pts',(173.716573568497,-2.98001596937847,10.3));
#7139=CARTESIAN_POINT('Ctrl Pts',(173.716573568497,-2.98001596937847,40.15984));
#7140=CARTESIAN_POINT('Ctrl Pts',(168.954931530027,-3.17759227349674,10.3));
#7141=CARTESIAN_POINT('Ctrl Pts',(168.954931530027,-3.17759227349674,40.15984));
#7142=CARTESIAN_POINT('Ctrl Pts',(162.050940858986,-5.16946820365066,10.3));
#7143=CARTESIAN_POINT('Ctrl Pts',(162.050940858986,-5.16946820365066,40.15984));
#7144=CARTESIAN_POINT('Ctrl Pts',(155.812305915563,-8.69779853434421,10.3));
#7145=CARTESIAN_POINT('Ctrl Pts',(155.812305915563,-8.69779853434421,40.15984));
#7146=CARTESIAN_POINT('Ctrl Pts',(150.668248527896,-13.6873131194183,10.3));
#7147=CARTESIAN_POINT('Ctrl Pts',(150.668248527896,-13.6873131194183,40.15984));
#7148=CARTESIAN_POINT('Ctrl Pts',(146.318198884562,-20.2512248779984,10.3));
#7149=CARTESIAN_POINT('Ctrl Pts',(146.318198884562,-20.2512248779984,40.15984));
#7150=CARTESIAN_POINT('Ctrl Pts',(143.023922590141,-28.1960686678332,10.3));
#7151=CARTESIAN_POINT('Ctrl Pts',(143.023922590141,-28.1960686678332,40.15984));
#7152=CARTESIAN_POINT('Ctrl Pts',(140.703429052685,-37.2206287276368,10.3));
#7153=CARTESIAN_POINT('Ctrl Pts',(140.703429052685,-37.2206287276368,40.15984));
#7154=CARTESIAN_POINT('Ctrl Pts',(139.911465943859,-43.3775667358027,10.3));
#7155=CARTESIAN_POINT('Ctrl Pts',(139.911465943859,-43.3775667358027,40.15984));
#7156=CARTESIAN_POINT('Ctrl Pts',(139.514927021704,-46.4603688692911,10.3));
#7157=CARTESIAN_POINT('Ctrl Pts',(139.514927021704,-46.4603688692911,40.15984));
#7158=CARTESIAN_POINT('Ctrl Pts',(213.791228763706,-89.5061762064866,10.3));
#7159=CARTESIAN_POINT('Ctrl Pts',(213.791228763706,-89.5061762064866,40.15984));
#7160=CARTESIAN_POINT('Ctrl Pts',(213.915816852336,-81.4679749845559,10.3));
#7161=CARTESIAN_POINT('Ctrl Pts',(213.915816852336,-81.4679749845559,40.15984));
#7162=CARTESIAN_POINT('Ctrl Pts',(214.13826725215,-67.1158688948578,10.3));
#7163=CARTESIAN_POINT('Ctrl Pts',(214.13826725215,-67.1158688948578,40.15984));
#7164=CARTESIAN_POINT('Ctrl Pts',(213.095308036318,-52.8022221325223,10.3));
#7165=CARTESIAN_POINT('Ctrl Pts',(213.095308036318,-52.8022221325223,40.15984));
#7166=CARTESIAN_POINT('Ctrl Pts',(212.636480363194,-46.5052383788023,10.3));
#7167=CARTESIAN_POINT('Ctrl Pts',(212.636480363194,-46.5052383788023,40.15984));
#7168=CARTESIAN_POINT('',(213.791228763706,-89.5061762064866,10.3));
#7169=CARTESIAN_POINT('Ctrl Pts',(213.744431134232,-99.5052780097802,10.3));
#7170=CARTESIAN_POINT('Ctrl Pts',(213.744431134232,-99.5052780097802,40.15984));
#7171=CARTESIAN_POINT('Ctrl Pts',(213.75206810095,-97.6387750401011,10.3));
#7172=CARTESIAN_POINT('Ctrl Pts',(213.75206810095,-97.6387750401011,40.15984));
#7173=CARTESIAN_POINT('Ctrl Pts',(213.765705541676,-94.3057313333248,10.3));
#7174=CARTESIAN_POINT('Ctrl Pts',(213.765705541676,-94.3057313333248,40.15984));
#7175=CARTESIAN_POINT('Ctrl Pts',(213.783430001338,-90.9727069550107,10.3));
#7176=CARTESIAN_POINT('Ctrl Pts',(213.783430001338,-90.9727069550107,40.15984));
#7177=CARTESIAN_POINT('Ctrl Pts',(213.791228763706,-89.5061762064866,10.3));
#7178=CARTESIAN_POINT('Ctrl Pts',(213.791228763706,-89.5061762064866,40.15984));
#7179=CARTESIAN_POINT('',(213.744431134232,-99.5052780097802,10.3));
#7180=CARTESIAN_POINT('Ctrl Pts',(212.897482417459,-103.486922590027,10.3));
#7181=CARTESIAN_POINT('Ctrl Pts',(212.897482417459,-103.486922590027,40.15984));
#7182=CARTESIAN_POINT('Ctrl Pts',(213.142010944725,-102.761494841322,10.3));
#7183=CARTESIAN_POINT('Ctrl Pts',(213.142010944725,-102.761494841322,40.15984));
#7184=CARTESIAN_POINT('Ctrl Pts',(213.578836216334,-101.465591232566,10.3));
#7185=CARTESIAN_POINT('Ctrl Pts',(213.578836216334,-101.465591232566,40.15984));
#7186=CARTESIAN_POINT('Ctrl Pts',(213.693815573523,-100.104465196172,10.3));
#7187=CARTESIAN_POINT('Ctrl Pts',(213.693815573523,-100.104465196172,40.15984));
#7188=CARTESIAN_POINT('Ctrl Pts',(213.744431134232,-99.5052780097802,10.3));
#7189=CARTESIAN_POINT('Ctrl Pts',(213.744431134232,-99.5052780097802,40.15984));
#7190=CARTESIAN_POINT('',(212.897482417459,-103.486922590027,10.3));
#7191=CARTESIAN_POINT('Ctrl Pts',(207.811991823746,-120.732437723139,10.3));
#7192=CARTESIAN_POINT('Ctrl Pts',(207.811991823746,-120.732437723139,40.15984));
#7193=CARTESIAN_POINT('Ctrl Pts',(208.530128047682,-117.442625582201,10.3));
#7194=CARTESIAN_POINT('Ctrl Pts',(208.530128047682,-117.442625582201,40.15984));
#7195=CARTESIAN_POINT('Ctrl Pts',(209.812160272652,-111.569587937953,10.3));
#7196=CARTESIAN_POINT('Ctrl Pts',(209.812160272652,-111.569587937953,40.15984));
#7197=CARTESIAN_POINT('Ctrl Pts',(211.954975122294,-105.956023285922,10.3));
#7198=CARTESIAN_POINT('Ctrl Pts',(211.954975122294,-105.956023285922,40.15984));
#7199=CARTESIAN_POINT('Ctrl Pts',(212.897482417459,-103.486922590027,10.3));
#7200=CARTESIAN_POINT('Ctrl Pts',(212.897482417459,-103.486922590027,40.15984));
#7201=UNCERTAINTY_MEASURE_WITH_UNIT(LENGTH_MEASURE(0.01),#7205,
'DISTANCE_ACCURACY_VALUE',
'Maximum model space distance between geometric entities at asserted c
onnectivities');
#7202=UNCERTAINTY_MEASURE_WITH_UNIT(LENGTH_MEASURE(0.01),#7205,
'DISTANCE_ACCURACY_VALUE',
'Maximum model space distance between geometric entities at asserted c
onnectivities');
#7203=(
GEOMETRIC_REPRESENTATION_CONTEXT(3)
GLOBAL_UNCERTAINTY_ASSIGNED_CONTEXT((#7201))
GLOBAL_UNIT_ASSIGNED_CONTEXT((#7205,#7207,#7208))
REPRESENTATION_CONTEXT('','3D')
);
#7204=(
GEOMETRIC_REPRESENTATION_CONTEXT(3)
GLOBAL_UNCERTAINTY_ASSIGNED_CONTEXT((#7202))
GLOBAL_UNIT_ASSIGNED_CONTEXT((#7205,#7207,#7208))
REPRESENTATION_CONTEXT('','3D')
);
#7205=(
LENGTH_UNIT()
NAMED_UNIT(*)
SI_UNIT(.MILLI.,.METRE.)
);
#7206=(
LENGTH_UNIT()
NAMED_UNIT(*)
SI_UNIT($,.METRE.)
);
#7207=(
NAMED_UNIT(*)
PLANE_ANGLE_UNIT()
SI_UNIT($,.RADIAN.)
);
#7208=(
NAMED_UNIT(*)
SI_UNIT($,.STERADIAN.)
SOLID_ANGLE_UNIT()
);
#7209=SHAPE_DEFINITION_REPRESENTATION(#7210,#7211);
#7210=PRODUCT_DEFINITION_SHAPE('',$,#7213);
#7211=SHAPE_REPRESENTATION('',(#3941),#7203);
#7212=PRODUCT_DEFINITION_CONTEXT('part definition',#7217,'design');
#7213=PRODUCT_DEFINITION('2026-03-27-15-39-26-541','(\X2\672A4FDD5B58\X0\)',
#7214,#7212);
#7214=PRODUCT_DEFINITION_FORMATION('',$,#7219);
#7215=PRODUCT_RELATED_PRODUCT_CATEGORY('(\X2\672A4FDD5B58\X0\)',
'(\X2\672A4FDD5B58\X0\)',(#7219));
#7216=APPLICATION_PROTOCOL_DEFINITION('international standard',
'automotive_design',2009,#7217);
#7217=APPLICATION_CONTEXT(
'Core Data for Automotive Mechanical Design Process');
#7218=PRODUCT_CONTEXT('part definition',#7217,'mechanical');
#7219=PRODUCT('2026-03-27-15-39-26-541','(\X2\672A4FDD5B58\X0\)',
'STEP AP214',(#7218));
#7220=PRESENTATION_STYLE_ASSIGNMENT((#7222));
#7221=PRESENTATION_STYLE_ASSIGNMENT((#7223));
#7222=SURFACE_STYLE_USAGE(.BOTH.,#7224);
#7223=SURFACE_STYLE_USAGE(.BOTH.,#7225);
#7224=SURFACE_SIDE_STYLE('',(#7226));
#7225=SURFACE_SIDE_STYLE('',(#7227));
#7226=SURFACE_STYLE_FILL_AREA(#7228);
#7227=SURFACE_STYLE_FILL_AREA(#7229);
#7228=FILL_AREA_STYLE('\X2\94A2\X0\ - \X2\7F0E5149\X0\',(#7230));
#7229=FILL_AREA_STYLE('Opaque(160,160,160)',(#7231));
#7230=FILL_AREA_STYLE_COLOUR('\X2\94A2\X0\ - \X2\7F0E5149\X0\',#7232);
#7231=FILL_AREA_STYLE_COLOUR('Opaque(160,160,160)',#7233);
#7232=COLOUR_RGB('\X2\94A2\X0\ - \X2\7F0E5149\X0\',0.627450980392157,0.627450980392157,
0.627450980392157);
#7233=COLOUR_RGB('Opaque(160,160,160)',0.627450980392157,0.627450980392157,
0.627450980392157);
ENDSEC;
END-ISO-10303-21;
